,IC1505.CFE,IC1506.CFE,IC1507.CFE,IC1508.CFE,IC1509.CFE,IC1510.CFE,IC1511.CFE,IC1512.CFE,IC1601.CFE,IC1602.CFE,IC1603.CFE,IC1604.CFE,IC1605.CFE,IC1606.CFE,IC1607.CFE,IC1608.CFE,IC1609.CFE,IC1610.CFE,IC1611.CFE,IC1612.CFE,IC1701.CFE,IC1702.CFE,IC1703.CFE,IC1704.CFE,IC1705.CFE,IC1706.CFE,IC1707.CFE,IC1708.CFE,IC1709.CFE,IC1710.CFE,IC1711.CFE,IC1712.CFE,IC1801.CFE,IC1802.CFE,IC1803.CFE,IC1804.CFE,IC1805.CFE,IC1806.CFE,IC1809.CFE,IC1812.CFE
2015-04-16,7707.8,7652.4,,,7643.2,,,7625.2,,,,,,,,,,,,,,,,,,,,,,,,,,,,,,,,
2015-04-17,7758.2,7674.8,,,7608.8,,,7562.0,,,,,,,,,,,,,,,,,,,,,,,,,,,,,,,,
2015-04-20,7622.2,7505.0,,,7419.4,,,7388.2,,,,,,,,,,,,,,,,,,,,,,,,,,,,,,,,
2015-04-21,8140.4,8075.0,,,8024.0,,,7941.8,,,,,,,,,,,,,,,,,,,,,,,,,,,,,,,,
2015-04-22,8189.8,8126.6,,,8029.0,,,7926.8,,,,,,,,,,,,,,,,,,,,,,,,,,,,,,,,
2015-04-23,8265.6,8204.0,,,8102.0,,,8043.0,,,,,,,,,,,,,,,,,,,,,,,,,,,,,,,,
2015-04-24,8327.2,8240.0,,,8120.0,,,8039.0,,,,,,,,,,,,,,,,,,,,,,,,,,,,,,,,
2015-04-27,8347.2,8262.6,,,8187.0,,,8068.2,,,,,,,,,,,,,,,,,,,,,,,,,,,,,,,,
2015-04-28,8147.0,8054.0,,,7993.4,,,7894.2,,,,,,,,,,,,,,,,,,,,,,,,,,,,,,,,
2015-04-29,8302.2,8209.0,,,8118.0,,,8024.0,,,,,,,,,,,,,,,,,,,,,,,,,,,,,,,,
2015-04-30,8338.8,8234.6,,,8154.0,,,8041.0,,,,,,,,,,,,,,,,,,,,,,,,,,,,,,,,
2015-05-04,8347.2,8226.4,,,8140.4,,,8031.2,,,,,,,,,,,,,,,,,,,,,,,,,,,,,,,,
2015-05-05,8145.0,8019.4,,,7935.4,,,7830.6,,,,,,,,,,,,,,,,,,,,,,,,,,,,,,,,
2015-05-06,8040.8,7933.0,,,7835.2,,,7705.0,,,,,,,,,,,,,,,,,,,,,,,,,,,,,,,,
2015-05-07,7911.4,7834.4,,,7716.0,,,7612.0,,,,,,,,,,,,,,,,,,,,,,,,,,,,,,,,
2015-05-08,8171.2,8085.0,,,7976.6,,,7859.0,,,,,,,,,,,,,,,,,,,,,,,,,,,,,,,,
2015-05-11,8489.8,8394.0,,,8211.6,,,8109.0,,,,,,,,,,,,,,,,,,,,,,,,,,,,,,,,
2015-05-12,8647.8,8557.6,,,8323.8,,,8226.0,,,,,,,,,,,,,,,,,,,,,,,,,,,,,,,,
2015-05-13,8695.8,8571.6,,,8367.4,,,8203.0,,,,,,,,,,,,,,,,,,,,,,,,,,,,,,,,
2015-05-14,8760.4,8603.0,,,8345.0,,,8162.8,,,,,,,,,,,,,,,,,,,,,,,,,,,,,,,,
2015-05-15,8755.2,8579.8,,,8348.6,,,8216.6,,,,,,,,,,,,,,,,,,,,,,,,,,,,,,,,
2015-05-18,,8798.4,8705.6,,8557.6,,,8378.2,,,,,,,,,,,,,,,,,,,,,,,,,,,,,,,,
2015-05-19,,9120.8,9043.6,,8969.0,,,8800.4,,,,,,,,,,,,,,,,,,,,,,,,,,,,,,,,
2015-05-20,,9286.8,9203.0,,9156.2,,,8990.8,,,,,,,,,,,,,,,,,,,,,,,,,,,,,,,,
2015-05-21,,9734.6,9666.6,,9594.2,,,9435.0,,,,,,,,,,,,,,,,,,,,,,,,,,,,,,,,
2015-05-22,,9741.2,9680.2,,9611.8,,,9449.4,,,,,,,,,,,,,,,,,,,,,,,,,,,,,,,,
2015-05-25,,9966.6,9912.2,,9804.0,,,9646.6,,,,,,,,,,,,,,,,,,,,,,,,,,,,,,,,
2015-05-26,,10532.2,10482.2,,10395.0,,,10200.6,,,,,,,,,,,,,,,,,,,,,,,,,,,,,,,,
2015-05-27,,10552.0,10582.0,,10582.4,,,10404.0,,,,,,,,,,,,,,,,,,,,,,,,,,,,,,,,
2015-05-28,,9977.2,10059.0,,10036.0,,,9840.0,,,,,,,,,,,,,,,,,,,,,,,,,,,,,,,,
2015-05-29,,10121.0,10170.0,,10245.0,,,10035.0,,,,,,,,,,,,,,,,,,,,,,,,,,,,,,,,
2015-06-01,,11025.6,11022.6,,11130.0,,,10906.0,,,,,,,,,,,,,,,,,,,,,,,,,,,,,,,,
2015-06-02,,11250.4,11312.0,,11430.0,,,11387.6,,,,,,,,,,,,,,,,,,,,,,,,,,,,,,,,
2015-06-03,,11103.2,11134.4,,11248.4,,,11115.2,,,,,,,,,,,,,,,,,,,,,,,,,,,,,,,,
2015-06-04,,10869.2,10918.2,,10895.4,,,10697.0,,,,,,,,,,,,,,,,,,,,,,,,,,,,,,,,
2015-06-05,,10949.0,10944.6,,10900.4,,,10691.8,,,,,,,,,,,,,,,,,,,,,,,,,,,,,,,,
2015-06-08,,10602.6,10529.8,,10451.0,,,10195.0,,,,,,,,,,,,,,,,,,,,,,,,,,,,,,,,
2015-06-09,,10700.4,10603.0,,10478.0,,,10230.0,,,,,,,,,,,,,,,,,,,,,,,,,,,,,,,,
2015-06-10,,10987.8,10853.2,,10775.0,,,10543.8,,,,,,,,,,,,,,,,,,,,,,,,,,,,,,,,
2015-06-11,,11258.8,11133.8,,11044.8,,,10811.8,,,,,,,,,,,,,,,,,,,,,,,,,,,,,,,,
2015-06-12,,11427.8,11400.0,,11375.6,,,11168.4,,,,,,,,,,,,,,,,,,,,,,,,,,,,,,,,
2015-06-15,,11228.6,11222.6,,11177.8,,,10969.2,,,,,,,,,,,,,,,,,,,,,,,,,,,,,,,,
2015-06-16,,10839.0,10714.2,,10663.2,,,10448.8,,,,,,,,,,,,,,,,,,,,,,,,,,,,,,,,
2015-06-17,,11033.4,10988.8,,10903.0,,,10685.0,,,,,,,,,,,,,,,,,,,,,,,,,,,,,,,,
2015-06-18,,10672.6,10585.0,,10495.4,,,10265.8,,,,,,,,,,,,,,,,,,,,,,,,,,,,,,,,
2015-06-19,,10210.0,9990.0,,9915.6,,,9650.0,,,,,,,,,,,,,,,,,,,,,,,,,,,,,,,,
2015-06-23,,,9862.6,9835.0,9782.2,,,9502.0,,,,,,,,,,,,,,,,,,,,,,,,,,,,,,,,
2015-06-24,,,10058.0,9973.8,9909.4,,,9655.0,,,,,,,,,,,,,,,,,,,,,,,,,,,,,,,,
2015-06-25,,,9381.6,9259.4,9188.0,,,8939.0,,,,,,,,,,,,,,,,,,,,,,,,,,,,,,,,
2015-06-26,,,8629.0,8519.4,8448.6,,,8219.6,,,,,,,,,,,,,,,,,,,,,,,,,,,,,,,,
2015-06-29,,,7768.4,7667.6,7603.8,,,7397.8,,,,,,,,,,,,,,,,,,,,,,,,,,,,,,,,
2015-06-30,,,8346.0,8205.8,8099.6,,,7876.2,,,,,,,,,,,,,,,,,,,,,,,,,,,,,,,,
2015-07-01,,,7509.4,7380.0,7282.4,,,7086.8,,,,,,,,,,,,,,,,,,,,,,,,,,,,,,,,
2015-07-02,,,7667.8,7510.0,7419.0,,,7249.8,,,,,,,,,,,,,,,,,,,,,,,,,,,,,,,,
2015-07-03,,,7404.8,7275.8,7226.8,,,7062.0,,,,,,,,,,,,,,,,,,,,,,,,,,,,,,,,
2015-07-06,,,7440.0,7323.8,7217.8,,,6996.2,,,,,,,,,,,,,,,,,,,,,,,,,,,,,,,,
2015-07-07,,,6516.2,6430.4,6334.2,,,6192.0,,,,,,,,,,,,,,,,,,,,,,,,,,,,,,,,
2015-07-08,,,5956.6,5870.6,5786.0,,,5605.2,,,,,,,,,,,,,,,,,,,,,,,,,,,,,,,,
2015-07-09,,,6552.2,6457.6,6364.6,,,6165.6,,,,,,,,,,,,,,,,,,,,,,,,,,,,,,,,
2015-07-10,,,7207.4,7103.2,7001.0,,,6782.0,,,,,,,,,,,,,,,,,,,,,,,,,,,,,,,,
2015-07-13,,,7569.6,7400.0,7131.2,,,6970.4,,,,,,,,,,,,,,,,,,,,,,,,,,,,,,,,
2015-07-14,,,7645.0,7510.2,7336.2,,,7076.8,,,,,,,,,,,,,,,,,,,,,,,,,,,,,,,,
2015-07-15,,,7136.0,6836.4,6665.8,,,6421.0,,,,,,,,,,,,,,,,,,,,,,,,,,,,,,,,
2015-07-16,,,7531.8,7226.6,6985.4,,,6643.0,,,,,,,,,,,,,,,,,,,,,,,,,,,,,,,,
2015-07-17,,,7934.4,7857.6,7599.0,,,7249.4,,,,,,,,,,,,,,,,,,,,,,,,,,,,,,,,
2015-07-20,,,,7589.0,7315.0,,,6991.0,,,6822.0,,,,,,,,,,,,,,,,,,,,,,,,,,,,,
2015-07-21,,,,7715.0,7470.0,,,7100.8,,,6994.8,,,,,,,,,,,,,,,,,,,,,,,,,,,,,
2015-07-22,,,,7773.0,7518.8,,,7185.0,,,7033.0,,,,,,,,,,,,,,,,,,,,,,,,,,,,,
2015-07-23,,,,8386.0,8225.0,,,7839.8,,,7707.0,,,,,,,,,,,,,,,,,,,,,,,,,,,,,
2015-07-24,,,,7980.0,7740.0,,,7419.0,,,7279.0,,,,,,,,,,,,,,,,,,,,,,,,,,,,,
2015-07-27,,,,7341.4,7131.2,,,6823.8,,,6713.8,,,,,,,,,,,,,,,,,,,,,,,,,,,,,
2015-07-28,,,,7221.0,6939.0,,,6649.0,,,6503.8,,,,,,,,,,,,,,,,,,,,,,,,,,,,,
2015-07-29,,,,7702.8,7419.2,,,7111.2,,,6986.0,,,,,,,,,,,,,,,,,,,,,,,,,,,,,
2015-07-30,,,,7232.0,6948.2,,,6658.6,,,6471.6,,,,,,,,,,,,,,,,,,,,,,,,,,,,,
2015-07-31,,,,7399.0,7100.0,,,6780.6,,,6638.8,,,,,,,,,,,,,,,,,,,,,,,,,,,,,
2015-08-03,,,,7065.2,6767.4,,,6410.0,,,6299.2,,,,,,,,,,,,,,,,,,,,,,,,,,,,,
2015-08-04,,,,7657.6,7290.8,,,6957.0,,,6801.0,,,,,,,,,,,,,,,,,,,,,,,,,,,,,
2015-08-05,,,,7486.4,7140.0,,,6802.0,,,6661.4,,,,,,,,,,,,,,,,,,,,,,,,,,,,,
2015-08-06,,,,7545.4,7235.8,,,6895.0,,,6754.2,,,,,,,,,,,,,,,,,,,,,,,,,,,,,
2015-08-07,,,,7851.2,7637.6,,,7285.6,,,7121.6,,,,,,,,,,,,,,,,,,,,,,,,,,,,,
2015-08-10,,,,8330.0,8143.0,,,7780.0,,,7673.6,,,,,,,,,,,,,,,,,,,,,,,,,,,,,
2015-08-11,,,,8200.6,7968.0,,,7620.0,,,7514.0,,,,,,,,,,,,,,,,,,,,,,,,,,,,,
2015-08-12,,,,8082.2,7832.2,,,7445.6,,,7285.0,,,,,,,,,,,,,,,,,,,,,,,,,,,,,
2015-08-13,,,,8345.8,8060.0,,,7665.0,,,7500.0,,,,,,,,,,,,,,,,,,,,,,,,,,,,,
2015-08-14,,,,8397.0,8070.0,,,7662.0,,,7540.0,,,,,,,,,,,,,,,,,,,,,,,,,,,,,
2015-08-17,,,,8659.0,8338.8,,,7819.0,,,7640.0,,,,,,,,,,,,,,,,,,,,,,,,,,,,,
2015-08-18,,,,7802.0,7450.2,,,7000.0,,,6799.6,,,,,,,,,,,,,,,,,,,,,,,,,,,,,
2015-08-19,,,,8151.2,7710.6,,,7251.0,,,7048.6,,,,,,,,,,,,,,,,,,,,,,,,,,,,,
2015-08-20,,,,8003.0,7557.0,,,7050.0,,,6826.6,,,,,,,,,,,,,,,,,,,,,,,,,,,,,
2015-08-21,,,,7749.4,7207.4,,,6680.0,,,6431.4,,,,,,,,,,,,,,,,,,,,,,,,,,,,,
2015-08-24,,,,,6523.6,6523.6,,6033.6,,,5839.6,,,,,,,,,,,,,,,,,,,,,,,,,,,,,
2015-08-25,,,,,5871.4,5871.4,,5434.2,,,5257.0,,,,,,,,,,,,,,,,,,,,,,,,,,,,,
2015-08-26,,,,,5400.2,5284.4,,4950.0,,,4800.0,,,,,,,,,,,,,,,,,,,,,,,,,,,,,
2015-08-27,,,,,5928.2,5696.2,,5438.6,,,5297.0,,,,,,,,,,,,,,,,,,,,,,,,,,,,,
2015-08-28,,,,,6402.6,6137.4,,5848.0,,,5605.0,,,,,,,,,,,,,,,,,,,,,,,,,,,,,
2015-08-31,,,,,5961.4,5663.8,,5367.8,,,5222.2,,,,,,,,,,,,,,,,,,,,,,,,,,,,,
2015-09-01,,,,,5373.0,5095.6,,4851.0,,,4690.0,,,,,,,,,,,,,,,,,,,,,,,,,,,,,
2015-09-02,,,,,5377.0,5009.0,,4724.8,,,4617.0,,,,,,,,,,,,,,,,,,,,,,,,,,,,,
2015-09-07,,,,,5795.0,5436.8,,5050.0,,,4927.0,,,,,,,,,,,,,,,,,,,,,,,,,,,,,
2015-09-08,,,,,6383.0,5996.8,,5553.4,,,5363.2,,,,,,,,,,,,,,,,,,,,,,,,,,,,,
2015-09-09,,,,,6369.0,6190.8,,5934.6,,,5851.0,,,,,,,,,,,,,,,,,,,,,,,,,,,,,
2015-09-10,,,,,6319.0,6099.4,,5829.8,,,5701.0,,,,,,,,,,,,,,,,,,,,,,,,,,,,,
2015-09-11,,,,,6420.0,6189.6,,5879.0,,,5740.0,,,,,,,,,,,,,,,,,,,,,,,,,,,,,
2015-09-14,,,,,5758.2,5542.4,,5262.4,,,5139.2,,,,,,,,,,,,,,,,,,,,,,,,,,,,,
2015-09-15,,,,,5663.6,5311.0,,4990.0,,,4856.8,,,,,,,,,,,,,,,,,,,,,,,,,,,,,
2015-09-16,,,,,6050.8,5804.6,,5457.6,,,5333.8,,,,,,,,,,,,,,,,,,,,,,,,,,,,,
2015-09-17,,,,,5955.0,5699.0,,5273.0,,,5152.8,,,,,,,,,,,,,,,,,,,,,,,,,,,,,
2015-09-18,,,,,6010.2,5830.0,,5468.8,,,5280.0,,,,,,,,,,,,,,,,,,,,,,,,,,,,,
2015-09-21,,,,,,6170.2,5984.8,5841.2,,,5583.4,,,,,,,,,,,,,,,,,,,,,,,,,,,,,
2015-09-22,,,,,,6077.8,5918.0,5788.4,,,5600.0,,,,,,,,,,,,,,,,,,,,,,,,,,,,,
2015-09-23,,,,,,5980.4,5762.0,5625.0,,,5449.2,,,,,,,,,,,,,,,,,,,,,,,,,,,,,
2015-09-24,,,,,,6100.0,5869.6,5720.0,,,5511.6,,,,,,,,,,,,,,,,,,,,,,,,,,,,,
2015-09-25,,,,,,5787.4,5550.2,5444.0,,,5232.0,,,,,,,,,,,,,,,,,,,,,,,,,,,,,
2015-09-28,,,,,,5994.4,5768.4,5632.6,,,5362.0,,,,,,,,,,,,,,,,,,,,,,,,,,,,,
2015-09-29,,,,,,5914.0,5671.0,5519.6,,,5274.0,,,,,,,,,,,,,,,,,,,,,,,,,,,,,
2015-09-30,,,,,,5917.8,5700.0,5560.0,,,5289.8,,,,,,,,,,,,,,,,,,,,,,,,,,,,,
2015-10-08,,,,,,6195.2,6005.6,5890.0,,,5594.2,,,,,,,,,,,,,,,,,,,,,,,,,,,,,
2015-10-09,,,,,,6406.8,6157.0,6011.0,,,5748.0,,,,,,,,,,,,,,,,,,,,,,,,,,,,,
2015-10-12,,,,,,6642.6,6467.8,6324.0,,,6039.0,,,,,,,,,,,,,,,,,,,,,,,,,,,,,
2015-10-13,,,,,,6688.6,6491.0,6348.0,,,6055.0,,,,,,,,,,,,,,,,,,,,,,,,,,,,,
2015-10-14,,,,,,6645.2,6400.0,6220.0,,,5933.0,,,,,,,,,,,,,,,,,,,,,,,,,,,,,
2015-10-15,,,,,,6954.8,6814.0,6610.0,,,6299.8,,,,,,,,,,,,,,,,,,,,,,,,,,,,,
2015-10-16,,,,,,6979.8,6779.0,6599.8,,,6280.0,,,,,,,,,,,,,,,,,,,,,,,,,,,,,
2015-10-19,,,,,,,6685.0,6492.0,,,6083.0,,,6005.8,,,,,,,,,,,,,,,,,,,,,,,,,,
2015-10-20,,,,,,,6850.0,6609.8,,,6308.8,,,6196.8,,,,,,,,,,,,,,,,,,,,,,,,,,
2015-10-21,,,,,,,6478.8,6268.0,,,5980.2,,,5858.0,,,,,,,,,,,,,,,,,,,,,,,,,,
2015-10-22,,,,,,,6666.2,6458.2,,,6145.8,,,5988.0,,,,,,,,,,,,,,,,,,,,,,,,,,
2015-10-23,,,,,,,6908.0,6697.0,,,6360.0,,,6149.0,,,,,,,,,,,,,,,,,,,,,,,,,,
2015-10-26,,,,,,,6865.0,6639.0,,,6302.0,,,6102.2,,,,,,,,,,,,,,,,,,,,,,,,,,
2015-10-27,,,,,,,6903.4,6684.4,,,6319.8,,,6031.0,,,,,,,,,,,,,,,,,,,,,,,,,,
2015-10-28,,,,,,,6683.4,6462.0,,,6115.4,,,5852.0,,,,,,,,,,,,,,,,,,,,,,,,,,
2015-10-29,,,,,,,6782.0,6521.0,,,6105.0,,,5953.0,,,,,,,,,,,,,,,,,,,,,,,,,,
2015-10-30,,,,,,,6783.8,6529.4,,,6115.0,,,5900.0,,,,,,,,,,,,,,,,,,,,,,,,,,
2015-11-02,,,,,,,6668.8,6406.4,,,6022.2,,,5782.0,,,,,,,,,,,,,,,,,,,,,,,,,,
2015-11-03,,,,,,,6656.2,6384.6,,,5968.8,,,5778.0,,,,,,,,,,,,,,,,,,,,,,,,,,
2015-11-04,,,,,,,7090.6,6826.0,,,6428.0,,,6149.8,,,,,,,,,,,,,,,,,,,,,,,,,,
2015-11-05,,,,,,,7066.4,6797.4,,,6358.0,,,6125.0,,,,,,,,,,,,,,,,,,,,,,,,,,
2015-11-06,,,,,,,7293.8,7072.4,,,6650.0,,,6376.4,,,,,,,,,,,,,,,,,,,,,,,,,,
2015-11-09,,,,,,,7353.8,7170.0,,,6858.6,,,6666.0,,,,,,,,,,,,,,,,,,,,,,,,,,
2015-11-10,,,,,,,7394.0,7160.2,,,6830.2,,,6650.0,,,,,,,,,,,,,,,,,,,,,,,,,,
2015-11-11,,,,,,,7545.0,7319.0,,,6965.0,,,6760.0,,,,,,,,,,,,,,,,,,,,,,,,,,
2015-11-12,,,,,,,7519.0,7254.6,,,6894.0,,,6644.0,,,,,,,,,,,,,,,,,,,,,,,,,,
2015-11-13,,,,,,,7468.0,7156.0,,,6775.0,,,6574.8,,,,,,,,,,,,,,,,,,,,,,,,,,
2015-11-16,,,,,,,7638.0,7370.0,,,6940.0,,,6674.0,,,,,,,,,,,,,,,,,,,,,,,,,,
2015-11-17,,,,,,,7547.6,7248.0,,,6782.6,,,6466.6,,,,,,,,,,,,,,,,,,,,,,,,,,
2015-11-18,,,,,,,7499.0,7176.0,,,6697.8,,,6362.2,,,,,,,,,,,,,,,,,,,,,,,,,,
2015-11-19,,,,,,,7697.0,7435.6,,,6939.0,,,6571.2,,,,,,,,,,,,,,,,,,,,,,,,,,
2015-11-20,,,,,,,7804.0,7442.6,,,6916.0,,,6612.4,,,,,,,,,,,,,,,,,,,,,,,,,,
2015-11-23,,,,,,,,7356.6,7151.8,,6841.8,,,6517.0,,,,,,,,,,,,,,,,,,,,,,,,,,
2015-11-24,,,,,,,,7471.0,7232.0,,6921.8,,,6548.2,,,,,,,,,,,,,,,,,,,,,,,,,,
2015-11-25,,,,,,,,7631.0,7385.0,,7066.0,,,6685.0,,,,,,,,,,,,,,,,,,,,,,,,,,
2015-11-26,,,,,,,,7531.8,7304.0,,6955.0,,,6602.0,,,,,,,,,,,,,,,,,,,,,,,,,,
2015-11-27,,,,,,,,7092.6,6846.6,,6500.0,,,6088.0,,,,,,,,,,,,,,,,,,,,,,,,,,
2015-11-30,,,,,,,,7118.2,6874.2,,6550.0,,,6161.0,,,,,,,,,,,,,,,,,,,,,,,,,,
2015-12-01,,,,,,,,7137.6,6913.8,,6547.8,,,6162.8,,,,,,,,,,,,,,,,,,,,,,,,,,
2015-12-02,,,,,,,,7280.2,7054.0,,6702.0,,,6299.0,,,,,,,,,,,,,,,,,,,,,,,,,,
2015-12-03,,,,,,,,7377.8,7129.0,,6749.8,,,6369.0,,,,,,,,,,,,,,,,,,,,,,,,,,
2015-12-04,,,,,,,,7315.8,7061.0,,6648.8,,,6221.0,,,,,,,,,,,,,,,,,,,,,,,,,,
2015-12-07,,,,,,,,7339.4,7081.2,,6687.4,,,6286.8,,,,,,,,,,,,,,,,,,,,,,,,,,
2015-12-08,,,,,,,,7230.0,6954.2,,6563.2,,,6140.2,,,,,,,,,,,,,,,,,,,,,,,,,,
2015-12-09,,,,,,,,7212.0,6949.2,,6524.6,,,6126.4,,,,,,,,,,,,,,,,,,,,,,,,,,
2015-12-10,,,,,,,,7170.0,6902.4,,6481.2,,,6072.4,,,,,,,,,,,,,,,,,,,,,,,,,,
2015-12-11,,,,,,,,7227.4,6935.0,,6529.0,,,6110.0,,,,,,,,,,,,,,,,,,,,,,,,,,
2015-12-14,,,,,,,,7422.0,7160.2,,6740.0,,,6339.8,,,,,,,,,,,,,,,,,,,,,,,,,,
2015-12-15,,,,,,,,7446.0,7172.6,,6740.0,,,6322.2,,,,,,,,,,,,,,,,,,,,,,,,,,
2015-12-16,,,,,,,,7492.6,7231.8,,6809.6,,,6400.8,,,,,,,,,,,,,,,,,,,,,,,,,,
2015-12-17,,,,,,,,7693.6,7461.0,,7026.2,,,6640.0,,,,,,,,,,,,,,,,,,,,,,,,,,
2015-12-18,,,,,,,,7700.8,7487.6,,7044.0,,,6616.4,,,,,,,,,,,,,,,,,,,,,,,,,,
2015-12-21,,,,,,,,,7585.0,7384.0,7200.0,,,6749.6,,,,,,,,,,,,,,,,,,,,,,,,,,
2015-12-22,,,,,,,,,7650.0,7459.4,7325.4,,,6873.8,,,,,,,,,,,,,,,,,,,,,,,,,,
2015-12-23,,,,,,,,,7516.4,7338.2,7192.2,,,6797.8,,,,,,,,,,,,,,,,,,,,,,,,,,
2015-12-24,,,,,,,,,7533.4,7349.4,7200.0,,,6835.0,,,,,,,,,,,,,,,,,,,,,,,,,,
2015-12-25,,,,,,,,,7595.8,7390.4,7242.0,,,6868.0,,,,,,,,,,,,,,,,,,,,,,,,,,
2015-12-28,,,,,,,,,7305.0,7088.8,6945.0,,,6552.0,,,,,,,,,,,,,,,,,,,,,,,,,,
2015-12-29,,,,,,,,,7418.2,7208.4,7053.0,,,6668.4,,,,,,,,,,,,,,,,,,,,,,,,,,
2015-12-30,,,,,,,,,7511.4,7297.0,7142.4,,,6730.2,,,,,,,,,,,,,,,,,,,,,,,,,,
2015-12-31,,,,,,,,,7349.0,7147.2,6980.0,,,6550.8,,,,,,,,,,,,,,,,,,,,,,,,,,
2016-01-04,,,,,,,,,6881.2,6685.0,6525.0,,,6226.0,,,,,,,,,,,,,,,,,,,,,,,,,,
2016-01-05,,,,,,,,,6699.0,6533.6,6364.6,,,6030.0,,,,,,,,,,,,,,,,,,,,,,,,,,
2016-01-06,,,,,,,,,6814.4,6632.2,6468.0,,,6120.6,,,,,,,,,,,,,,,,,,,,,,,,,,
2016-01-07,,,,,,,,,6360.0,6327.0,6039.2,,,5820.0,,,,,,,,,,,,,,,,,,,,,,,,,,
2016-01-08,,,,,,,,,6399.8,6182.2,6025.6,,,5685.8,,,,,,,,,,,,,,,,,,,,,,,,,,
2016-01-11,,,,,,,,,5940.4,5700.0,5512.6,,,5193.8,,,,,,,,,,,,,,,,,,,,,,,,,,
2016-01-12,,,,,,,,,6074.8,5820.4,5609.0,,,5205.2,,,,,,,,,,,,,,,,,,,,,,,,,,
2016-01-13,,,,,,,,,5904.4,5630.0,5422.8,,,5098.0,,,,,,,,,,,,,,,,,,,,,,,,,,
2016-01-14,,,,,,,,,6078.0,5800.0,5555.0,,,5183.6,,,,,,,,,,,,,,,,,,,,,,,,,,
2016-01-15,,,,,,,,,5942.8,5570.0,5327.6,,,4882.8,,,,,,,,,,,,,,,,,,,,,,,,,,
2016-01-18,,,,,,,,,,5695.2,5480.6,,,4983.2,,,4665.2,,,,,,,,,,,,,,,,,,,,,,,
2016-01-19,,,,,,,,,,5928.8,5726.6,,,5235.0,,,4864.0,,,,,,,,,,,,,,,,,,,,,,,
2016-01-20,,,,,,,,,,5835.0,5621.8,,,5116.6,,,4785.0,,,,,,,,,,,,,,,,,,,,,,,
2016-01-21,,,,,,,,,,5679.0,5489.0,,,4981.2,,,4615.6,,,,,,,,,,,,,,,,,,,,,,,
2016-01-22,,,,,,,,,,5779.8,5567.8,,,5038.0,,,4628.0,,,,,,,,,,,,,,,,,,,,,,,
2016-01-25,,,,,,,,,,5800.0,5598.0,,,5008.6,,,4552.2,,,,,,,,,,,,,,,,,,,,,,,
2016-01-26,,,,,,,,,,5401.2,5202.0,,,4661.0,,,4320.0,,,,,,,,,,,,,,,,,,,,,,,
2016-01-27,,,,,,,,,,5280.4,5090.0,,,4643.8,,,4300.0,,,,,,,,,,,,,,,,,,,,,,,
2016-01-28,,,,,,,,,,5155.0,4978.0,,,4566.0,,,4271.4,,,,,,,,,,,,,,,,,,,,,,,
2016-01-29,,,,,,,,,,5329.8,5160.0,,,4751.8,,,4448.0,,,,,,,,,,,,,,,,,,,,,,,
2016-02-01,,,,,,,,,,5323.0,5154.8,,,4751.4,,,4455.0,,,,,,,,,,,,,,,,,,,,,,,
2016-02-02,,,,,,,,,,5523.6,5346.2,,,4939.0,,,4608.8,,,,,,,,,,,,,,,,,,,,,,,
2016-02-03,,,,,,,,,,5556.8,5362.0,,,4948.2,,,4627.0,,,,,,,,,,,,,,,,,,,,,,,
2016-02-04,,,,,,,,,,5695.0,5524.8,,,5075.0,,,4729.2,,,,,,,,,,,,,,,,,,,,,,,
2016-02-05,,,,,,,,,,5617.0,5458.0,,,5012.0,,,4675.0,,,,,,,,,,,,,,,,,,,,,,,
2016-02-15,,,,,,,,,,5651.4,5480.0,,,5030.0,,,4689.0,,,,,,,,,,,,,,,,,,,,,,,
2016-02-16,,,,,,,,,,5881.0,5706.0,,,5258.0,,,4909.6,,,,,,,,,,,,,,,,,,,,,,,
2016-02-17,,,,,,,,,,5947.0,5771.4,,,5304.8,,,4930.0,,,,,,,,,,,,,,,,,,,,,,,
2016-02-18,,,,,,,,,,5950.2,5746.0,,,5258.2,,,4885.0,,,,,,,,,,,,,,,,,,,,,,,
2016-02-19,,,,,,,,,,5969.2,5767.8,,,5291.0,,,4917.8,,,,,,,,,,,,,,,,,,,,,,,
2016-02-22,,,,,,,,,,,5869.2,5703.8,,5380.0,,,4989.6,,,,,,,,,,,,,,,,,,,,,,,
2016-02-23,,,,,,,,,,,5845.0,5655.0,,5340.0,,,4960.0,,,,,,,,,,,,,,,,,,,,,,,
2016-02-24,,,,,,,,,,,5881.8,5688.2,,5349.0,,,4949.4,,,,,,,,,,,,,,,,,,,,,,,
2016-02-25,,,,,,,,,,,5361.0,5160.0,,4834.6,,,4457.8,,,,,,,,,,,,,,,,,,,,,,,
2016-02-26,,,,,,,,,,,5417.8,5237.6,,4910.0,,,4538.0,,,,,,,,,,,,,,,,,,,,,,,
2016-02-29,,,,,,,,,,,5075.2,4923.4,,4622.8,,,4255.6,,,,,,,,,,,,,,,,,,,,,,,
2016-03-01,,,,,,,,,,,5227.4,5040.0,,4735.0,,,4371.0,,,,,,,,,,,,,,,,,,,,,,,
2016-03-02,,,,,,,,,,,5587.8,5403.8,,5100.0,,,4678.8,,,,,,,,,,,,,,,,,,,,,,,
2016-03-03,,,,,,,,,,,5603.8,5423.0,,5068.0,,,4658.6,,,,,,,,,,,,,,,,,,,,,,,
2016-03-04,,,,,,,,,,,5452.0,5267.8,,4907.8,,,4500.0,,,,,,,,,,,,,,,,,,,,,,,
2016-03-07,,,,,,,,,,,5595.0,5404.2,,5052.0,,,4643.2,,,,,,,,,,,,,,,,,,,,,,,
2016-03-08,,,,,,,,,,,5661.0,5470.2,,5131.2,,,4748.8,,,,,,,,,,,,,,,,,,,,,,,
2016-03-09,,,,,,,,,,,5500.0,5323.0,,4990.0,,,4621.6,,,,,,,,,,,,,,,,,,,,,,,
2016-03-10,,,,,,,,,,,5396.0,5196.2,,4879.0,,,4480.0,,,,,,,,,,,,,,,,,,,,,,,
2016-03-11,,,,,,,,,,,5413.2,5232.2,,4890.4,,,4481.4,,,,,,,,,,,,,,,,,,,,,,,
2016-03-14,,,,,,,,,,,5629.6,5444.8,,5095.4,,,4676.6,,,,,,,,,,,,,,,,,,,,,,,
2016-03-15,,,,,,,,,,,5608.0,5400.6,,5059.4,,,4631.0,,,,,,,,,,,,,,,,,,,,,,,
2016-03-16,,,,,,,,,,,5565.4,5350.4,,5006.0,,,4565.0,,,,,,,,,,,,,,,,,,,,,,,
2016-03-17,,,,,,,,,,,5760.0,5577.6,,5226.0,,,4780.0,,,,,,,,,,,,,,,,,,,,,,,
2016-03-18,,,,,,,,,,,5944.6,5799.6,,5514.0,,,5149.2,,,,,,,,,,,,,,,,,,,,,,,
2016-03-21,,,,,,,,,,,,5929.8,5803.6,5703.0,,,5378.8,,,,,,,,,,,,,,,,,,,,,,,
2016-03-22,,,,,,,,,,,,5921.6,5779.6,5655.0,,,5338.4,,,,,,,,,,,,,,,,,,,,,,,
2016-03-23,,,,,,,,,,,,5949.2,5803.0,5687.8,,,5354.8,,,,,,,,,,,,,,,,,,,,,,,
2016-03-24,,,,,,,,,,,,5843.4,5697.2,5560.0,,,5216.2,,,,,,,,,,,,,,,,,,,,,,,
2016-03-25,,,,,,,,,,,,5910.4,5753.8,5620.8,,,5260.2,,,,,,,,,,,,,,,,,,,,,,,
2016-03-28,,,,,,,,,,,,5857.0,5709.0,5575.0,,,5176.4,,,,,,,,,,,,,,,,,,,,,,,
2016-03-29,,,,,,,,,,,,5788.8,5605.0,5464.4,,,5084.2,,,,,,,,,,,,,,,,,,,,,,,
2016-03-30,,,,,,,,,,,,6020.8,5844.4,5680.0,,,5278.4,,,,,,,,,,,,,,,,,,,,,,,
2016-03-31,,,,,,,,,,,,6020.0,5845.6,5683.8,,,5308.8,,,,,,,,,,,,,,,,,,,,,,,
2016-04-01,,,,,,,,,,,,6028.0,5847.6,5680.0,,,5290.8,,,,,,,,,,,,,,,,,,,,,,,
2016-04-05,,,,,,,,,,,,6190.4,6026.2,5850.0,,,5440.6,,,,,,,,,,,,,,,,,,,,,,,
2016-04-06,,,,,,,,,,,,6223.4,6048.0,5863.6,,,5434.4,,,,,,,,,,,,,,,,,,,,,,,
2016-04-07,,,,,,,,,,,,6156.0,5970.4,5790.0,,,5361.0,,,,,,,,,,,,,,,,,,,,,,,
2016-04-08,,,,,,,,,,,,6114.2,5925.8,5735.6,,,5315.0,,,,,,,,,,,,,,,,,,,,,,,
2016-04-11,,,,,,,,,,,,6237.0,6067.0,5878.0,,,5424.8,,,,,,,,,,,,,,,,,,,,,,,
2016-04-12,,,,,,,,,,,,6239.8,6036.8,5854.0,,,5430.0,,,,,,,,,,,,,,,,,,,,,,,
2016-04-13,,,,,,,,,,,,6306.0,6131.2,5966.0,,,5566.6,,,,,,,,,,,,,,,,,,,,,,,
2016-04-14,,,,,,,,,,,,6381.2,6214.6,6062.4,,,5674.4,,,,,,,,,,,,,,,,,,,,,,,
2016-04-15,,,,,,,,,,,,6376.6,6214.6,6051.0,,,5655.4,,,,,,,,,,,,,,,,,,,,,,,
2016-04-18,,,,,,,,,,,,,6093.2,5912.6,,,5510.6,,,5193.2,,,,,,,,,,,,,,,,,,,,
2016-04-19,,,,,,,,,,,,,6102.6,5932.2,,,5527.4,,,5210.6,,,,,,,,,,,,,,,,,,,,
2016-04-20,,,,,,,,,,,,,5791.2,5611.4,,,5175.8,,,4910.0,,,,,,,,,,,,,,,,,,,,
2016-04-21,,,,,,,,,,,,,5788.4,5605.4,,,5180.0,,,4876.8,,,,,,,,,,,,,,,,,,,,
2016-04-22,,,,,,,,,,,,,5850.0,5677.2,,,5260.0,,,4918.2,,,,,,,,,,,,,,,,,,,,
2016-04-25,,,,,,,,,,,,,5815.4,5640.8,,,5228.6,,,4917.8,,,,,,,,,,,,,,,,,,,,
2016-04-26,,,,,,,,,,,,,5885.0,5724.8,,,5309.2,,,4990.8,,,,,,,,,,,,,,,,,,,,
2016-04-27,,,,,,,,,,,,,5865.8,5699.2,,,5284.4,,,4954.4,,,,,,,,,,,,,,,,,,,,
2016-04-28,,,,,,,,,,,,,5833.0,5667.8,,,5278.0,,,4932.8,,,,,,,,,,,,,,,,,,,,
2016-04-29,,,,,,,,,,,,,5844.8,5693.0,,,5287.8,,,4949.8,,,,,,,,,,,,,,,,,,,,
2016-05-03,,,,,,,,,,,,,6085.0,5929.0,,,5517.2,,,5160.0,,,,,,,,,,,,,,,,,,,,
2016-05-04,,,,,,,,,,,,,6062.8,5913.4,,,5523.8,,,5170.0,,,,,,,,,,,,,,,,,,,,
2016-05-05,,,,,,,,,,,,,6132.8,5976.6,,,5615.0,,,5275.8,,,,,,,,,,,,,,,,,,,,
2016-05-06,,,,,,,,,,,,,5887.8,5734.6,,,5372.6,,,5048.2,,,,,,,,,,,,,,,,,,,,
2016-05-09,,,,,,,,,,,,,5652.8,5493.8,,,5160.0,,,4871.4,,,,,,,,,,,,,,,,,,,,
2016-05-10,,,,,,,,,,,,,5650.0,5492.0,,,5143.0,,,4846.0,,,,,,,,,,,,,,,,,,,,
2016-05-11,,,,,,,,,,,,,5640.4,5479.0,,,5127.4,,,4844.0,,,,,,,,,,,,,,,,,,,,
2016-05-12,,,,,,,,,,,,,5670.0,5512.0,,,5168.4,,,4882.2,,,,,,,,,,,,,,,,,,,,
2016-05-13,,,,,,,,,,,,,5659.2,5488.0,,,5122.2,,,4828.0,,,,,,,,,,,,,,,,,,,,
2016-05-16,,,,,,,,,,,,,5772.2,5606.4,,,5215.8,,,4917.0,,,,,,,,,,,,,,,,,,,,
2016-05-17,,,,,,,,,,,,,5779.2,5606.8,,,5205.4,,,4901.0,,,,,,,,,,,,,,,,,,,,
2016-05-18,,,,,,,,,,,,,5632.8,5460.2,,,5117.8,,,4836.6,,,,,,,,,,,,,,,,,,,,
2016-05-19,,,,,,,,,,,,,5641.2,5469.0,,,5121.2,,,4858.6,,,,,,,,,,,,,,,,,,,,
2016-05-20,,,,,,,,,,,,,5691.0,5562.8,,,5218.6,,,4960.0,,,,,,,,,,,,,,,,,,,,
2016-05-23,,,,,,,,,,,,,,5635.2,5504.0,,5292.0,,,5030.4,,,,,,,,,,,,,,,,,,,,
2016-05-24,,,,,,,,,,,,,,5598.6,5464.6,,5242.2,,,4990.0,,,,,,,,,,,,,,,,,,,,
2016-05-25,,,,,,,,,,,,,,5556.0,5421.4,,5218.8,,,4970.0,,,,,,,,,,,,,,,,,,,,
2016-05-26,,,,,,,,,,,,,,5627.8,5492.4,,5305.0,,,5074.8,,,,,,,,,,,,,,,,,,,,
2016-05-27,,,,,,,,,,,,,,5630.6,5510.2,,5349.2,,,5134.8,,,,,,,,,,,,,,,,,,,,
2016-05-30,,,,,,,,,,,,,,5611.0,5519.6,,5403.4,,,5210.8,,,,,,,,,,,,,,,,,,,,
2016-05-31,,,,,,,,,,,,,,5923.2,5844.4,,5735.0,,,5580.0,,,,,,,,,,,,,,,,,,,,
2016-06-01,,,,,,,,,,,,,,5899.8,5824.6,,5701.2,,,5510.0,,,,,,,,,,,,,,,,,,,,
2016-06-02,,,,,,,,,,,,,,5937.8,5849.0,,5692.8,,,5494.0,,,,,,,,,,,,,,,,,,,,
2016-06-03,,,,,,,,,,,,,,6003.6,5899.6,,5761.8,,,5580.0,,,,,,,,,,,,,,,,,,,,
2016-06-06,,,,,,,,,,,,,,5974.0,5876.8,,5741.6,,,5556.2,,,,,,,,,,,,,,,,,,,,
2016-06-07,,,,,,,,,,,,,,6016.6,5914.2,,5763.0,,,5575.0,,,,,,,,,,,,,,,,,,,,
2016-06-08,,,,,,,,,,,,,,5995.8,5899.8,,5736.8,,,5539.4,,,,,,,,,,,,,,,,,,,,
2016-06-13,,,,,,,,,,,,,,5732.0,5626.0,,5450.0,,,5260.0,,,,,,,,,,,,,,,,,,,,
2016-06-14,,,,,,,,,,,,,,5723.4,5623.8,,5439.0,,,5232.6,,,,,,,,,,,,,,,,,,,,
2016-06-15,,,,,,,,,,,,,,5920.0,5827.0,,5627.6,,,5428.2,,,,,,,,,,,,,,,,,,,,
2016-06-16,,,,,,,,,,,,,,5912.8,5788.8,,5599.6,,,5400.2,,,,,,,,,,,,,,,,,,,,
2016-06-17,,,,,,,,,,,,,,5962.4,5810.6,,5601.4,,,5404.2,,,,,,,,,,,,,,,,,,,,
2016-06-20,,,,,,,,,,,,,,,5848.2,5743.2,5653.0,,,5440.0,,,,,,,,,,,,,,,,,,,,
2016-06-21,,,,,,,,,,,,,,,5777.6,5672.2,5573.0,,,5323.0,,,,,,,,,,,,,,,,,,,,
2016-06-22,,,,,,,,,,,,,,,5922.0,5813.0,5730.6,,,5497.2,,,,,,,,,,,,,,,,,,,,
2016-06-23,,,,,,,,,,,,,,,5888.0,5792.0,5717.6,,,5513.2,,,,,,,,,,,,,,,,,,,,
2016-06-24,,,,,,,,,,,,,,,5787.0,5702.2,5639.8,,,5431.0,,,,,,,,,,,,,,,,,,,,
2016-06-27,,,,,,,,,,,,,,,5965.2,5880.8,5811.0,,,5603.6,,,,,,,,,,,,,,,,,,,,
2016-06-28,,,,,,,,,,,,,,,6037.0,5949.0,5882.4,,,5676.4,,,,,,,,,,,,,,,,,,,,
2016-06-29,,,,,,,,,,,,,,,6050.4,5958.2,5886.4,,,5685.2,,,,,,,,,,,,,,,,,,,,
2016-06-30,,,,,,,,,,,,,,,6051.6,5950.8,5879.8,,,5663.8,,,,,,,,,,,,,,,,,,,,
2016-07-01,,,,,,,,,,,,,,,6039.8,5941.6,5855.8,,,5647.0,,,,,,,,,,,,,,,,,,,,
2016-07-04,,,,,,,,,,,,,,,6159.6,6058.8,5980.6,,,5785.0,,,,,,,,,,,,,,,,,,,,
2016-07-05,,,,,,,,,,,,,,,6202.4,6105.0,6020.8,,,5827.6,,,,,,,,,,,,,,,,,,,,
2016-07-06,,,,,,,,,,,,,,,6226.6,6126.6,6027.6,,,5830.4,,,,,,,,,,,,,,,,,,,,
2016-07-07,,,,,,,,,,,,,,,6279.4,6170.2,6054.8,,,5832.0,,,,,,,,,,,,,,,,,,,,
2016-07-08,,,,,,,,,,,,,,,6265.0,6160.8,6054.8,,,5826.2,,,,,,,,,,,,,,,,,,,,
2016-07-11,,,,,,,,,,,,,,,6248.0,6149.6,6030.0,,,5800.0,,,,,,,,,,,,,,,,,,,,
2016-07-12,,,,,,,,,,,,,,,6368.6,6252.8,6145.0,,,5890.0,,,,,,,,,,,,,,,,,,,,
2016-07-13,,,,,,,,,,,,,,,6416.4,6310.2,6211.2,,,5963.4,,,,,,,,,,,,,,,,,,,,
2016-07-14,,,,,,,,,,,,,,,6442.2,6336.8,6241.0,,,5980.2,,,,,,,,,,,,,,,,,,,,
2016-07-15,,,,,,,,,,,,,,,6439.8,6319.0,6226.2,,,5982.6,,,,,,,,,,,,,,,,,,,,
2016-07-18,,,,,,,,,,,,,,,,6266.0,6165.0,,,5916.6,,,5740.0,,,,,,,,,,,,,,,,,
2016-07-19,,,,,,,,,,,,,,,,6272.8,6168.2,,,5922.2,,,5736.0,,,,,,,,,,,,,,,,,
2016-07-20,,,,,,,,,,,,,,,,6265.4,6150.2,,,5897.8,,,5700.6,,,,,,,,,,,,,,,,,
2016-07-21,,,,,,,,,,,,,,,,6310.0,6194.8,,,5903.0,,,5719.8,,,,,,,,,,,,,,,,,
2016-07-22,,,,,,,,,,,,,,,,6272.6,6159.2,,,5868.6,,,5666.6,,,,,,,,,,,,,,,,,
2016-07-25,,,,,,,,,,,,,,,,6290.4,6176.4,,,5880.0,,,5681.0,,,,,,,,,,,,,,,,,
2016-07-26,,,,,,,,,,,,,,,,6393.4,6274.0,,,5978.0,,,5765.6,,,,,,,,,,,,,,,,,
2016-07-27,,,,,,,,,,,,,,,,6104.2,5999.2,,,5693.2,,,5514.6,,,,,,,,,,,,,,,,,
2016-07-28,,,,,,,,,,,,,,,,6125.6,6022.8,,,5725.8,,,5532.2,,,,,,,,,,,,,,,,,
2016-07-29,,,,,,,,,,,,,,,,6103.0,6004.8,,,5741.0,,,5550.8,,,,,,,,,,,,,,,,,
2016-08-01,,,,,,,,,,,,,,,,6028.2,5928.6,,,5674.0,,,5471.2,,,,,,,,,,,,,,,,,
2016-08-02,,,,,,,,,,,,,,,,6083.0,5981.2,,,5746.8,,,5544.6,,,,,,,,,,,,,,,,,
2016-08-03,,,,,,,,,,,,,,,,6102.6,6008.2,,,5803.0,,,5631.6,,,,,,,,,,,,,,,,,
2016-08-04,,,,,,,,,,,,,,,,6164.8,6065.0,,,5851.4,,,5683.0,,,,,,,,,,,,,,,,,
2016-08-05,,,,,,,,,,,,,,,,6147.2,6043.4,,,5829.8,,,5660.8,,,,,,,,,,,,,,,,,
2016-08-08,,,,,,,,,,,,,,,,6248.2,6145.2,,,5931.6,,,5749.6,,,,,,,,,,,,,,,,,
2016-08-09,,,,,,,,,,,,,,,,6297.2,6198.2,,,5979.4,,,5791.0,,,,,,,,,,,,,,,,,
2016-08-10,,,,,,,,,,,,,,,,6286.2,6183.2,,,5956.8,,,5772.0,,,,,,,,,,,,,,,,,
2016-08-11,,,,,,,,,,,,,,,,6196.0,6091.8,,,5887.0,,,5705.8,,,,,,,,,,,,,,,,,
2016-08-12,,,,,,,,,,,,,,,,6260.4,6168.8,,,5948.2,,,5768.8,,,,,,,,,,,,,,,,,
2016-08-15,,,,,,,,,,,,,,,,6405.2,6347.0,,,6142.2,,,5976.2,,,,,,,,,,,,,,,,,
2016-08-16,,,,,,,,,,,,,,,,6458.2,6379.0,,,6193.0,,,6006.6,,,,,,,,,,,,,,,,,
2016-08-17,,,,,,,,,,,,,,,,6470.8,6379.2,,,6172.2,,,5978.0,,,,,,,,,,,,,,,,,
2016-08-18,,,,,,,,,,,,,,,,6484.6,6379.8,,,6159.4,,,5956.6,,,,,,,,,,,,,,,,,
2016-08-19,,,,,,,,,,,,,,,,6490.4,6385.6,,,6161.8,,,5972.0,,,,,,,,,,,,,,,,,
2016-08-22,,,,,,,,,,,,,,,,,6320.6,6234.6,,6114.2,,,5918.0,,,,,,,,,,,,,,,,,
2016-08-23,,,,,,,,,,,,,,,,,6308.6,6227.8,,6105.2,,,5906.4,,,,,,,,,,,,,,,,,
2016-08-24,,,,,,,,,,,,,,,,,6314.2,6234.6,,6099.2,,,5907.0,,,,,,,,,,,,,,,,,
2016-08-25,,,,,,,,,,,,,,,,,6280.0,6190.6,,6057.0,,,5863.6,,,,,,,,,,,,,,,,,
2016-08-26,,,,,,,,,,,,,,,,,6279.2,6193.4,,6058.0,,,5875.0,,,,,,,,,,,,,,,,,
2016-08-29,,,,,,,,,,,,,,,,,6327.2,6240.0,,6099.0,,,5910.2,,,,,,,,,,,,,,,,,
2016-08-30,,,,,,,,,,,,,,,,,6330.0,6233.0,,6102.0,,,5907.6,,,,,,,,,,,,,,,,,
2016-08-31,,,,,,,,,,,,,,,,,6343.0,6256.2,,6128.6,,,5950.0,,,,,,,,,,,,,,,,,
2016-09-01,,,,,,,,,,,,,,,,,6279.0,6184.2,,6047.8,,,5876.2,,,,,,,,,,,,,,,,,
2016-09-02,,,,,,,,,,,,,,,,,6271.0,6189.8,,6059.2,,,5884.0,,,,,,,,,,,,,,,,,
2016-09-05,,,,,,,,,,,,,,,,,6309.2,6221.4,,6078.2,,,5908.2,,,,,,,,,,,,,,,,,
2016-09-06,,,,,,,,,,,,,,,,,6445.8,6364.4,,6205.0,,,6015.0,,,,,,,,,,,,,,,,,
2016-09-07,,,,,,,,,,,,,,,,,6429.0,6346.0,,6197.6,,,6012.0,,,,,,,,,,,,,,,,,
2016-09-08,,,,,,,,,,,,,,,,,6477.2,6389.2,,6222.0,,,6037.0,,,,,,,,,,,,,,,,,
2016-09-09,,,,,,,,,,,,,,,,,6445.0,6347.0,,6195.8,,,6011.0,,,,,,,,,,,,,,,,,
2016-09-12,,,,,,,,,,,,,,,,,6256.0,6159.0,,6000.0,,,5818.0,,,,,,,,,,,,,,,,,
2016-09-13,,,,,,,,,,,,,,,,,6292.2,6187.2,,6010.0,,,5837.0,,,,,,,,,,,,,,,,,
2016-09-14,,,,,,,,,,,,,,,,,6270.0,6157.4,,5976.2,,,5782.0,,,,,,,,,,,,,,,,,
2016-09-19,,,,,,,,,,,,,,,,,6330.8,6223.8,,6036.8,,,5836.6,,,,,,,,,,,,,,,,,
2016-09-20,,,,,,,,,,,,,,,,,,6217.6,6122.0,6029.8,,,5825.0,,,,,,,,,,,,,,,,,
2016-09-21,,,,,,,,,,,,,,,,,,6248.2,6147.8,6060.0,,,5837.8,,,,,,,,,,,,,,,,,
2016-09-22,,,,,,,,,,,,,,,,,,6293.2,6197.0,6109.6,,,5884.0,,,,,,,,,,,,,,,,,
2016-09-23,,,,,,,,,,,,,,,,,,6298.6,6209.8,6126.2,,,5896.2,,,,,,,,,,,,,,,,,
2016-09-26,,,,,,,,,,,,,,,,,,6201.2,6116.2,6034.0,,,5805.6,,,,,,,,,,,,,,,,,
2016-09-27,,,,,,,,,,,,,,,,,,6245.6,6160.0,6081.8,,,5850.4,,,,,,,,,,,,,,,,,
2016-09-28,,,,,,,,,,,,,,,,,,6240.2,6151.8,6072.4,,,5833.2,,,,,,,,,,,,,,,,,
2016-09-29,,,,,,,,,,,,,,,,,,6299.8,6218.8,6140.0,,,5893.6,,,,,,,,,,,,,,,,,
2016-09-30,,,,,,,,,,,,,,,,,,6318.6,6240.8,6160.0,,,5920.0,,,,,,,,,,,,,,,,,
2016-10-10,,,,,,,,,,,,,,,,,,6444.6,6366.4,6289.8,,,6050.8,,,,,,,,,,,,,,,,,
2016-10-11,,,,,,,,,,,,,,,,,,6454.8,6378.0,6299.2,,,6066.0,,,,,,,,,,,,,,,,,
2016-10-12,,,,,,,,,,,,,,,,,,6448.2,6368.8,6286.6,,,6058.0,,,,,,,,,,,,,,,,,
2016-10-13,,,,,,,,,,,,,,,,,,6462.0,6377.2,6291.4,,,6057.2,,,,,,,,,,,,,,,,,
2016-10-14,,,,,,,,,,,,,,,,,,6467.0,6383.0,6299.0,,,6059.4,,,,,,,,,,,,,,,,,
2016-10-17,,,,,,,,,,,,,,,,,,6418.0,6324.0,6238.2,,,6008.8,,,,,,,,,,,,,,,,,
2016-10-18,,,,,,,,,,,,,,,,,,6505.4,6421.6,6331.2,,,6076.2,,,,,,,,,,,,,,,,,
2016-10-19,,,,,,,,,,,,,,,,,,6491.2,6398.6,6308.0,,,6065.6,,,,,,,,,,,,,,,,,
2016-10-20,,,,,,,,,,,,,,,,,,6499.0,6418.0,6333.2,,,6089.0,,,,,,,,,,,,,,,,,
2016-10-21,,,,,,,,,,,,,,,,,,6451.8,6396.6,6323.4,,,6084.2,,,,,,,,,,,,,,,,,
2016-10-24,,,,,,,,,,,,,,,,,,,6471.4,6394.0,,,6176.6,,,6008.2,,,,,,,,,,,,,,
2016-10-25,,,,,,,,,,,,,,,,,,,6487.0,6413.0,,,6189.0,,,6018.6,,,,,,,,,,,,,,
2016-10-26,,,,,,,,,,,,,,,,,,,6471.0,6390.0,,,6172.6,,,6008.6,,,,,,,,,,,,,,
2016-10-27,,,,,,,,,,,,,,,,,,,6458.2,6382.2,,,6158.0,,,5980.2,,,,,,,,,,,,,,
2016-10-28,,,,,,,,,,,,,,,,,,,6411.0,6344.8,,,6136.8,,,5959.0,,,,,,,,,,,,,,
2016-10-31,,,,,,,,,,,,,,,,,,,6407.6,6335.6,,,6128.2,,,5951.8,,,,,,,,,,,,,,
2016-11-01,,,,,,,,,,,,,,,,,,,6465.0,6393.2,,,6185.0,,,6017.6,,,,,,,,,,,,,,
2016-11-02,,,,,,,,,,,,,,,,,,,6400.0,6325.0,,,6113.0,,,5937.6,,,,,,,,,,,,,,
2016-11-03,,,,,,,,,,,,,,,,,,,6435.0,6360.8,,,6150.0,,,5961.2,,,,,,,,,,,,,,
2016-11-04,,,,,,,,,,,,,,,,,,,6419.6,6340.0,,,6125.2,,,5936.0,,,,,,,,,,,,,,
2016-11-07,,,,,,,,,,,,,,,,,,,6409.0,6330.4,,,6110.0,,,5918.0,,,,,,,,,,,,,,
2016-11-08,,,,,,,,,,,,,,,,,,,6469.0,6384.6,,,6150.2,,,5948.8,,,,,,,,,,,,,,
2016-11-09,,,,,,,,,,,,,,,,,,,6405.0,6330.4,,,6094.6,,,5906.0,,,,,,,,,,,,,,
2016-11-10,,,,,,,,,,,,,,,,,,,6499.0,6412.6,,,6172.8,,,5971.0,,,,,,,,,,,,,,
2016-11-11,,,,,,,,,,,,,,,,,,,6563.0,6489.8,,,6264.2,,,6058.8,,,,,,,,,,,,,,
2016-11-14,,,,,,,,,,,,,,,,,,,6586.6,6501.4,,,6280.0,,,6060.6,,,,,,,,,,,,,,
2016-11-15,,,,,,,,,,,,,,,,,,,6601.8,6519.2,,,6289.0,,,6083.4,,,,,,,,,,,,,,
2016-11-16,,,,,,,,,,,,,,,,,,,6627.4,6538.4,,,6309.8,,,6105.8,,,,,,,,,,,,,,
2016-11-17,,,,,,,,,,,,,,,,,,,6635.6,6547.0,,,6311.6,,,6098.8,,,,,,,,,,,,,,
2016-11-18,,,,,,,,,,,,,,,,,,,6618.2,6506.8,,,6267.8,,,6057.2,,,,,,,,,,,,,,
2016-11-21,,,,,,,,,,,,,,,,,,,,6523.2,6440.0,,6281.6,,,6078.0,,,,,,,,,,,,,,
2016-11-22,,,,,,,,,,,,,,,,,,,,6593.6,6500.4,,6340.0,,,6123.6,,,,,,,,,,,,,,
2016-11-23,,,,,,,,,,,,,,,,,,,,6561.8,6472.6,,6319.8,,,6108.0,,,,,,,,,,,,,,
2016-11-24,,,,,,,,,,,,,,,,,,,,6547.6,6459.6,,6301.2,,,6097.4,,,,,,,,,,,,,,
2016-11-25,,,,,,,,,,,,,,,,,,,,6564.8,6491.0,,6326.0,,,6129.0,,,,,,,,,,,,,,
2016-11-28,,,,,,,,,,,,,,,,,,,,6596.4,6510.6,,6352.8,,,6143.8,,,,,,,,,,,,,,
2016-11-29,,,,,,,,,,,,,,,,,,,,6556.8,6463.6,,6295.6,,,6091.0,,,,,,,,,,,,,,
2016-11-30,,,,,,,,,,,,,,,,,,,,6531.2,6451.6,,6287.4,,,6090.0,,,,,,,,,,,,,,
2016-12-01,,,,,,,,,,,,,,,,,,,,6572.0,6486.4,,6316.0,,,6111.6,,,,,,,,,,,,,,
2016-12-02,,,,,,,,,,,,,,,,,,,,6433.0,6355.0,,6188.0,,,5990.0,,,,,,,,,,,,,,
2016-12-05,,,,,,,,,,,,,,,,,,,,6430.0,6340.6,,6180.0,,,5967.0,,,,,,,,,,,,,,
2016-12-06,,,,,,,,,,,,,,,,,,,,6431.4,6341.8,,6177.0,,,5960.0,,,,,,,,,,,,,,
2016-12-07,,,,,,,,,,,,,,,,,,,,6488.6,6400.6,,6236.0,,,6007.0,,,,,,,,,,,,,,
2016-12-08,,,,,,,,,,,,,,,,,,,,6488.8,6394.8,,6231.0,,,5993.0,,,,,,,,,,,,,,
2016-12-09,,,,,,,,,,,,,,,,,,,,6456.0,6376.2,,6203.0,,,5972.0,,,,,,,,,,,,,,
2016-12-12,,,,,,,,,,,,,,,,,,,,6174.6,6065.0,,5901.8,,,5661.4,,,,,,,,,,,,,,
2016-12-13,,,,,,,,,,,,,,,,,,,,6231.0,6127.0,,5931.6,,,5721.4,,,,,,,,,,,,,,
2016-12-14,,,,,,,,,,,,,,,,,,,,6224.0,6105.6,,5909.0,,,5684.6,,,,,,,,,,,,,,
2016-12-15,,,,,,,,,,,,,,,,,,,,6262.8,6150.2,,5965.8,,,5736.0,,,,,,,,,,,,,,
2016-12-16,,,,,,,,,,,,,,,,,,,,6313.0,6204.4,,6015.6,,,5786.8,,,,,,,,,,,,,,
2016-12-19,,,,,,,,,,,,,,,,,,,,,6198.0,6114.0,6010.2,,,5765.2,,,,,,,,,,,,,,
2016-12-20,,,,,,,,,,,,,,,,,,,,,6183.8,6091.4,6002.6,,,5760.8,,,,,,,,,,,,,,
2016-12-21,,,,,,,,,,,,,,,,,,,,,6256.6,6171.0,6086.6,,,5858.2,,,,,,,,,,,,,,
2016-12-22,,,,,,,,,,,,,,,,,,,,,6235.0,6142.0,6075.0,,,5860.0,,,,,,,,,,,,,,
2016-12-23,,,,,,,,,,,,,,,,,,,,,6209.8,6118.8,6040.0,,,5822.8,,,,,,,,,,,,,,
2016-12-26,,,,,,,,,,,,,,,,,,,,,6219.8,6125.8,6046.6,,,5835.0,,,,,,,,,,,,,,
2016-12-27,,,,,,,,,,,,,,,,,,,,,6216.0,6129.4,6046.0,,,5833.0,,,,,,,,,,,,,,
2016-12-28,,,,,,,,,,,,,,,,,,,,,6218.0,6131.8,6054.8,,,5832.0,,,,,,,,,,,,,,
2016-12-29,,,,,,,,,,,,,,,,,,,,,6215.8,6134.2,6062.0,,,5849.2,,,,,,,,,,,,,,
2016-12-30,,,,,,,,,,,,,,,,,,,,,6210.6,6127.0,6070.4,,,5892.6,,,,,,,,,,,,,,
2017-01-03,,,,,,,,,,,,,,,,,,,,,6275.8,6200.0,6139.0,,,5989.2,,,,,,,,,,,,,,
2017-01-04,,,,,,,,,,,,,,,,,,,,,6367.0,6295.8,6236.8,,,6067.4,,,,,,,,,,,,,,
2017-01-05,,,,,,,,,,,,,,,,,,,,,6359.0,6288.0,6238.2,,,6055.8,,,,,,,,,,,,,,
2017-01-06,,,,,,,,,,,,,,,,,,,,,6339.0,6259.6,6211.0,,,6034.4,,,,,,,,,,,,,,
2017-01-09,,,,,,,,,,,,,,,,,,,,,6373.8,6298.0,6244.4,,,6087.0,,,,,,,,,,,,,,
2017-01-10,,,,,,,,,,,,,,,,,,,,,6344.6,6264.6,6207.4,,,6046.8,,,,,,,,,,,,,,
2017-01-11,,,,,,,,,,,,,,,,,,,,,6297.6,6218.2,6160.2,,,6004.0,,,,,,,,,,,,,,
2017-01-12,,,,,,,,,,,,,,,,,,,,,6238.4,6158.0,6104.0,,,5945.4,,,,,,,,,,,,,,
2017-01-13,,,,,,,,,,,,,,,,,,,,,6178.4,6106.0,6059.0,,,5923.8,,,,,,,,,,,,,,
2017-01-16,,,,,,,,,,,,,,,,,,,,,6011.4,5920.4,5846.0,,,5711.2,,,,,,,,,,,,,,
2017-01-17,,,,,,,,,,,,,,,,,,,,,6065.0,5994.2,5903.0,,,5743.0,,,,,,,,,,,,,,
2017-01-18,,,,,,,,,,,,,,,,,,,,,6073.8,6001.6,5920.0,,,5750.0,,,,,,,,,,,,,,
2017-01-19,,,,,,,,,,,,,,,,,,,,,6047.0,5995.0,5931.4,,,5774.4,,,,,,,,,,,,,,
2017-01-20,,,,,,,,,,,,,,,,,,,,,6118.4,6082.8,6038.4,,,5907.2,,,,,,,,,,,,,,
2017-01-23,,,,,,,,,,,,,,,,,,,,,,6114.2,6055.6,,,5925.0,,,5837.8,,,,,,,,,,,
2017-01-24,,,,,,,,,,,,,,,,,,,,,,6123.0,6060.0,,,5912.8,,,5812.6,,,,,,,,,,,
2017-01-25,,,,,,,,,,,,,,,,,,,,,,6155.0,6100.0,,,5944.0,,,5835.0,,,,,,,,,,,
2017-01-26,,,,,,,,,,,,,,,,,,,,,,6188.8,6120.2,,,5984.8,,,5870.0,,,,,,,,,,,
2017-02-03,,,,,,,,,,,,,,,,,,,,,,6165.0,6109.8,,,5965.8,,,5853.0,,,,,,,,,,,
2017-02-06,,,,,,,,,,,,,,,,,,,,,,6199.6,6137.0,,,5972.2,,,5861.4,,,,,,,,,,,
2017-02-07,,,,,,,,,,,,,,,,,,,,,,6187.4,6116.8,,,5926.2,,,5810.2,,,,,,,,,,,
2017-02-08,,,,,,,,,,,,,,,,,,,,,,6246.6,6174.4,,,5990.0,,,5862.6,,,,,,,,,,,
2017-02-09,,,,,,,,,,,,,,,,,,,,,,6284.8,6210.0,,,6013.0,,,5876.8,,,,,,,,,,,
2017-02-10,,,,,,,,,,,,,,,,,,,,,,6294.2,6215.2,,,6014.2,,,5870.8,,,,,,,,,,,
2017-02-13,,,,,,,,,,,,,,,,,,,,,,6330.2,6252.8,,,6051.4,,,5912.6,,,,,,,,,,,
2017-02-14,,,,,,,,,,,,,,,,,,,,,,6332.0,6253.0,,,6046.0,,,5896.0,,,,,,,,,,,
2017-02-15,,,,,,,,,,,,,,,,,,,,,,6289.6,6200.2,,,5975.0,,,5829.0,,,,,,,,,,,
2017-02-16,,,,,,,,,,,,,,,,,,,,,,6345.0,6260.4,,,6045.0,,,5917.0,,,,,,,,,,,
2017-02-17,,,,,,,,,,,,,,,,,,,,,,6313.4,6213.0,,,6005.4,,,5861.6,,,,,,,,,,,
2017-02-20,,,,,,,,,,,,,,,,,,,,,,,6313.8,6234.8,,6102.2,,,5960.0,,,,,,,,,,,
2017-02-21,,,,,,,,,,,,,,,,,,,,,,,6341.0,6268.8,,6138.2,,,5993.0,,,,,,,,,,,
2017-02-22,,,,,,,,,,,,,,,,,,,,,,,6389.6,6315.4,,6186.2,,,6013.2,,,,,,,,,,,
2017-02-23,,,,,,,,,,,,,,,,,,,,,,,6397.6,6325.0,,6193.8,,,6027.0,,,,,,,,,,,
2017-02-24,,,,,,,,,,,,,,,,,,,,,,,6410.6,6336.0,,6211.6,,,6046.2,,,,,,,,,,,
2017-02-27,,,,,,,,,,,,,,,,,,,,,,,6348.0,6270.4,,6142.0,,,5969.2,,,,,,,,,,,
2017-02-28,,,,,,,,,,,,,,,,,,,,,,,6376.4,6298.2,,6177.2,,,6005.4,,,,,,,,,,,
2017-03-01,,,,,,,,,,,,,,,,,,,,,,,6397.8,6322.2,,6191.8,,,6014.4,,,,,,,,,,,
2017-03-02,,,,,,,,,,,,,,,,,,,,,,,6390.0,6312.8,,6177.0,,,6003.6,,,,,,,,,,,
2017-03-03,,,,,,,,,,,,,,,,,,,,,,,6393.0,6325.0,,6195.0,,,6021.0,,,,,,,,,,,
2017-03-06,,,,,,,,,,,,,,,,,,,,,,,6459.8,6381.0,,6246.0,,,6073.6,,,,,,,,,,,
2017-03-07,,,,,,,,,,,,,,,,,,,,,,,6465.0,6381.6,,6244.6,,,6065.4,,,,,,,,,,,
2017-03-08,,,,,,,,,,,,,,,,,,,,,,,6449.6,6361.6,,6218.6,,,6034.8,,,,,,,,,,,
2017-03-09,,,,,,,,,,,,,,,,,,,,,,,6390.8,6293.6,,6159.4,,,5964.2,,,,,,,,,,,
2017-03-10,,,,,,,,,,,,,,,,,,,,,,,6410.4,6317.2,,6157.0,,,5958.0,,,,,,,,,,,
2017-03-13,,,,,,,,,,,,,,,,,,,,,,,6484.6,6393.2,,6245.8,,,6049.6,,,,,,,,,,,
2017-03-14,,,,,,,,,,,,,,,,,,,,,,,6470.0,6381.2,,6226.2,,,6032.8,,,,,,,,,,,
2017-03-15,,,,,,,,,,,,,,,,,,,,,,,6466.4,6376.0,,6228.4,,,6024.2,,,,,,,,,,,
2017-03-16,,,,,,,,,,,,,,,,,,,,,,,6539.0,6469.4,,6340.0,,,6142.0,,,,,,,,,,,
2017-03-17,,,,,,,,,,,,,,,,,,,,,,,6527.6,6410.0,,6278.0,,,6092.4,,,,,,,,,,,
2017-03-20,,,,,,,,,,,,,,,,,,,,,,,,6427.0,6359.8,6295.2,,,6106.2,,,,,,,,,,,
2017-03-21,,,,,,,,,,,,,,,,,,,,,,,,6445.0,6374.8,6315.0,,,6139.0,,,,,,,,,,,
2017-03-22,,,,,,,,,,,,,,,,,,,,,,,,6428.8,6358.0,6303.4,,,6125.2,,,,,,,,,,,
2017-03-23,,,,,,,,,,,,,,,,,,,,,,,,6450.0,6384.6,6320.2,,,6136.4,,,,,,,,,,,
2017-03-24,,,,,,,,,,,,,,,,,,,,,,,,6527.8,6468.2,6410.2,,,6238.0,,,,,,,,,,,
2017-03-27,,,,,,,,,,,,,,,,,,,,,,,,6480.6,6428.2,6377.0,,,6220.2,,,,,,,,,,,
2017-03-28,,,,,,,,,,,,,,,,,,,,,,,,6467.2,6413.4,6366.2,,,6231.2,,,,,,,,,,,
2017-03-29,,,,,,,,,,,,,,,,,,,,,,,,6443.6,6397.0,6347.8,,,6223.0,,,,,,,,,,,
2017-03-30,,,,,,,,,,,,,,,,,,,,,,,,6366.4,6326.8,6286.0,,,6161.0,,,,,,,,,,,
2017-03-31,,,,,,,,,,,,,,,,,,,,,,,,6380.2,6335.0,6299.8,,,6180.0,,,,,,,,,,,
2017-04-05,,,,,,,,,,,,,,,,,,,,,,,,6538.6,6495.8,6447.6,,,6328.0,,,,,,,,,,,
2017-04-06,,,,,,,,,,,,,,,,,,,,,,,,6536.0,6482.4,6444.6,,,6329.2,,,,,,,,,,,
2017-04-07,,,,,,,,,,,,,,,,,,,,,,,,6556.0,6498.0,6450.6,,,6336.8,,,,,,,,,,,
2017-04-10,,,,,,,,,,,,,,,,,,,,,,,,6546.0,6489.0,6437.0,,,6320.0,,,,,,,,,,,
2017-04-11,,,,,,,,,,,,,,,,,,,,,,,,6602.2,6541.4,6492.4,,,6383.6,,,,,,,,,,,
2017-04-12,,,,,,,,,,,,,,,,,,,,,,,,6555.8,6503.4,6456.4,,,6351.2,,,,,,,,,,,
2017-04-13,,,,,,,,,,,,,,,,,,,,,,,,6610.0,6557.0,6504.4,,,6401.2,,,,,,,,,,,
2017-04-14,,,,,,,,,,,,,,,,,,,,,,,,6518.8,6464.0,6409.2,,,6305.0,,,,,,,,,,,
2017-04-17,,,,,,,,,,,,,,,,,,,,,,,,6443.2,6399.0,6344.8,,,6234.0,,,,,,,,,,,
2017-04-18,,,,,,,,,,,,,,,,,,,,,,,,6422.2,6377.6,6330.4,,,6211.4,,,,,,,,,,,
2017-04-19,,,,,,,,,,,,,,,,,,,,,,,,6346.6,6311.0,6256.0,,,6156.6,,,,,,,,,,,
2017-04-20,,,,,,,,,,,,,,,,,,,,,,,,6347.8,6312.2,6278.8,,,6190.0,,,,,,,,,,,
2017-04-21,,,,,,,,,,,,,,,,,,,,,,,,6315.2,6260.2,6218.0,,,6130.4,,,,,,,,,,,
2017-04-24,,,,,,,,,,,,,,,,,,,,,,,,,6108.4,6075.8,,,5990.0,,,5927.8,,,,,,,,
2017-04-25,,,,,,,,,,,,,,,,,,,,,,,,,6128.0,6093.6,,,6013.4,,,5933.4,,,,,,,,
2017-04-26,,,,,,,,,,,,,,,,,,,,,,,,,6142.0,6111.8,,,6034.8,,,5964.2,,,,,,,,
2017-04-27,,,,,,,,,,,,,,,,,,,,,,,,,6160.0,6126.2,,,6060.0,,,5989.0,,,,,,,,
2017-04-28,,,,,,,,,,,,,,,,,,,,,,,,,6180.4,6140.0,,,6075.0,,,6000.2,,,,,,,,
2017-05-02,,,,,,,,,,,,,,,,,,,,,,,,,6176.0,6135.6,,,6054.8,,,5974.6,,,,,,,,
2017-05-03,,,,,,,,,,,,,,,,,,,,,,,,,6156.2,6116.0,,,6025.4,,,5945.4,,,,,,,,
2017-05-04,,,,,,,,,,,,,,,,,,,,,,,,,6123.6,6083.8,,,5991.0,,,5923.0,,,,,,,,
2017-05-05,,,,,,,,,,,,,,,,,,,,,,,,,6057.8,6015.0,,,5910.6,,,5866.4,,,,,,,,
2017-05-08,,,,,,,,,,,,,,,,,,,,,,,,,5951.2,5908.0,,,5805.0,,,5737.8,,,,,,,,
2017-05-09,,,,,,,,,,,,,,,,,,,,,,,,,5987.0,5938.4,,,5839.2,,,5764.4,,,,,,,,
2017-05-10,,,,,,,,,,,,,,,,,,,,,,,,,5842.2,5791.0,,,5688.0,,,5620.2,,,,,,,,
2017-05-11,,,,,,,,,,,,,,,,,,,,,,,,,5827.2,5780.0,,,5656.2,,,5594.4,,,,,,,,
2017-05-12,,,,,,,,,,,,,,,,,,,,,,,,,5827.2,5771.4,,,5649.6,,,5579.8,,,,,,,,
2017-05-15,,,,,,,,,,,,,,,,,,,,,,,,,5876.8,5826.8,,,5690.0,,,5600.0,,,,,,,,
2017-05-16,,,,,,,,,,,,,,,,,,,,,,,,,6009.8,5973.6,,,5850.0,,,5765.0,,,,,,,,
2017-05-17,,,,,,,,,,,,,,,,,,,,,,,,,6020.0,5981.6,,,5871.0,,,5778.0,,,,,,,,
2017-05-18,,,,,,,,,,,,,,,,,,,,,,,,,5960.2,5920.0,,,5817.0,,,5720.4,,,,,,,,
2017-05-19,,,,,,,,,,,,,,,,,,,,,,,,,5964.0,5913.6,,,5807.2,,,5718.8,,,,,,,,
2017-05-22,,,,,,,,,,,,,,,,,,,,,,,,,,5828.6,5779.0,,5702.0,,,5608.2,,,,,,,,
2017-05-23,,,,,,,,,,,,,,,,,,,,,,,,,,5716.0,5678.6,,5593.2,,,5511.2,,,,,,,,
2017-05-24,,,,,,,,,,,,,,,,,,,,,,,,,,5759.0,5719.2,,5639.6,,,5558.8,,,,,,,,
2017-05-25,,,,,,,,,,,,,,,,,,,,,,,,,,5810.6,5773.4,,5702.0,,,5618.2,,,,,,,,
2017-05-26,,,,,,,,,,,,,,,,,,,,,,,,,,5814.6,5773.0,,5698.6,,,5620.0,,,,,,,,
2017-05-31,,,,,,,,,,,,,,,,,,,,,,,,,,5772.6,5729.8,,5664.2,,,5589.4,,,,,,,,
2017-06-01,,,,,,,,,,,,,,,,,,,,,,,,,,5667.0,5623.0,,5554.8,,,5482.6,,,,,,,,
2017-06-02,,,,,,,,,,,,,,,,,,,,,,,,,,5753.2,5712.0,,5641.0,,,5549.8,,,,,,,,
2017-06-05,,,,,,,,,,,,,,,,,,,,,,,,,,5775.0,5734.4,,5665.8,,,5575.4,,,,,,,,
2017-06-06,,,,,,,,,,,,,,,,,,,,,,,,,,5807.2,5767.4,,5686.8,,,5595.8,,,,,,,,
2017-06-07,,,,,,,,,,,,,,,,,,,,,,,,,,5952.0,5913.8,,5832.2,,,5738.0,,,,,,,,
2017-06-08,,,,,,,,,,,,,,,,,,,,,,,,,,5940.0,5893.4,,5820.8,,,5730.0,,,,,,,,
2017-06-09,,,,,,,,,,,,,,,,,,,,,,,,,,5964.4,5920.0,,5850.0,,,5748.2,,,,,,,,
2017-06-12,,,,,,,,,,,,,,,,,,,,,,,,,,5882.2,5840.2,,5762.0,,,5666.8,,,,,,,,
2017-06-13,,,,,,,,,,,,,,,,,,,,,,,,,,5955.4,5913.2,,5838.6,,,5743.0,,,,,,,,
2017-06-14,,,,,,,,,,,,,,,,,,,,,,,,,,5956.6,5918.8,,5832.0,,,5740.6,,,,,,,,
2017-06-15,,,,,,,,,,,,,,,,,,,,,,,,,,6008.4,5964.2,,5892.0,,,5790.0,,,,,,,,
2017-06-16,,,,,,,,,,,,,,,,,,,,,,,,,,6015.0,5957.6,,5878.6,,,5774.6,,,,,,,,
2017-06-19,,,,,,,,,,,,,,,,,,,,,,,,,,,6006.0,5968.2,5927.4,,,5823.6,,,,,,,,
2017-06-20,,,,,,,,,,,,,,,,,,,,,,,,,,,6029.4,5981.6,5944.6,,,5840.2,,,,,,,,
2017-06-21,,,,,,,,,,,,,,,,,,,,,,,,,,,6034.0,5989.0,5950.8,,,5850.4,,,,,,,,
2017-06-22,,,,,,,,,,,,,,,,,,,,,,,,,,,5944.8,5908.4,5868.4,,,5771.2,,,,,,,,
2017-06-23,,,,,,,,,,,,,,,,,,,,,,,,,,,5953.2,5911.0,5870.0,,,5776.0,,,,,,,,
2017-06-26,,,,,,,,,,,,,,,,,,,,,,,,,,,6085.8,6050.4,6008.8,,,5901.6,,,,,,,,
2017-06-27,,,,,,,,,,,,,,,,,,,,,,,,,,,6061.0,6031.2,5990.4,,,5887.0,,,,,,,,
2017-06-28,,,,,,,,,,,,,,,,,,,,,,,,,,,6048.0,6007.8,5977.6,,,5868.0,,,,,,,,
2017-06-29,,,,,,,,,,,,,,,,,,,,,,,,,,,6074.4,6035.4,5993.6,,,5884.0,,,,,,,,
2017-06-30,,,,,,,,,,,,,,,,,,,,,,,,,,,6097.2,6052.8,6013.0,,,5900.0,,,,,,,,
2017-07-03,,,,,,,,,,,,,,,,,,,,,,,,,,,6146.0,6100.0,6059.0,,,5943.0,,,,,,,,
2017-07-04,,,,,,,,,,,,,,,,,,,,,,,,,,,6119.0,6074.6,6033.2,,,5912.2,,,,,,,,
2017-07-05,,,,,,,,,,,,,,,,,,,,,,,,,,,6161.4,6120.6,6076.0,,,5957.0,,,,,,,,
2017-07-06,,,,,,,,,,,,,,,,,,,,,,,,,,,6146.4,6106.6,6061.4,,,5946.8,,,,,,,,
2017-07-07,,,,,,,,,,,,,,,,,,,,,,,,,,,6183.2,6137.2,6104.0,,,5997.4,,,,,,,,
2017-07-10,,,,,,,,,,,,,,,,,,,,,,,,,,,6165.0,6116.2,6073.8,,,5955.2,,,,,,,,
2017-07-11,,,,,,,,,,,,,,,,,,,,,,,,,,,6108.4,6058.8,6009.6,,,5895.8,,,,,,,,
2017-07-12,,,,,,,,,,,,,,,,,,,,,,,,,,,6085.4,6041.2,5975.2,,,5865.4,,,,,,,,
2017-07-13,,,,,,,,,,,,,,,,,,,,,,,,,,,6108.2,6060.8,6004.4,,,5888.2,,,,,,,,
2017-07-14,,,,,,,,,,,,,,,,,,,,,,,,,,,6093.4,6042.6,5987.0,,,5871.2,,,,,,,,
2017-07-17,,,,,,,,,,,,,,,,,,,,,,,,,,,5825.6,5782.4,5729.6,,,5647.4,,,,,,,,
2017-07-18,,,,,,,,,,,,,,,,,,,,,,,,,,,5899.0,5846.6,5790.8,,,5685.8,,,,,,,,
2017-07-19,,,,,,,,,,,,,,,,,,,,,,,,,,,6033.2,5976.0,5921.2,,,5806.0,,,,,,,,
2017-07-20,,,,,,,,,,,,,,,,,,,,,,,,,,,6074.0,6013.6,5961.4,,,5835.0,,,,,,,,
2017-07-21,,,,,,,,,,,,,,,,,,,,,,,,,,,6123.0,6041.2,5985.0,,,5862.0,,,,,,,,
2017-07-24,,,,,,,,,,,,,,,,,,,,,,,,,,,,6083.8,6024.2,,,5894.8,,,5796.6,,,,,
2017-07-25,,,,,,,,,,,,,,,,,,,,,,,,,,,,6081.2,6021.8,,,5887.0,,,5787.8,,,,,
2017-07-26,,,,,,,,,,,,,,,,,,,,,,,,,,,,6070.0,6010.0,,,5862.0,,,5754.6,,,,,
2017-07-27,,,,,,,,,,,,,,,,,,,,,,,,,,,,6129.4,6075.0,,,5923.0,,,5819.8,,,,,
2017-07-28,,,,,,,,,,,,,,,,,,,,,,,,,,,,6185.2,6135.6,,,5988.0,,,5883.0,,,,,
2017-07-31,,,,,,,,,,,,,,,,,,,,,,,,,,,,6265.6,6215.0,,,6079.2,,,5975.2,,,,,
2017-08-01,,,,,,,,,,,,,,,,,,,,,,,,,,,,6247.6,6193.8,,,6066.4,,,5962.6,,,,,
2017-08-02,,,,,,,,,,,,,,,,,,,,,,,,,,,,6225.4,6183.0,,,6039.4,,,5939.8,,,,,
2017-08-03,,,,,,,,,,,,,,,,,,,,,,,,,,,,6233.8,6191.2,,,6061.4,,,5955.2,,,,,
2017-08-04,,,,,,,,,,,,,,,,,,,,,,,,,,,,6185.2,6143.6,,,6018.8,,,5913.6,,,,,
2017-08-07,,,,,,,,,,,,,,,,,,,,,,,,,,,,6280.0,6230.0,,,6100.8,,,5993.0,,,,,
2017-08-08,,,,,,,,,,,,,,,,,,,,,,,,,,,,6272.2,6226.0,,,6093.6,,,5991.4,,,,,
2017-08-09,,,,,,,,,,,,,,,,,,,,,,,,,,,,6317.4,6267.4,,,6127.4,,,6032.0,,,,,
2017-08-10,,,,,,,,,,,,,,,,,,,,,,,,,,,,6251.0,6199.0,,,6063.6,,,5963.0,,,,,
2017-08-11,,,,,,,,,,,,,,,,,,,,,,,,,,,,6139.2,6099.2,,,5957.6,,,5858.6,,,,,
2017-08-14,,,,,,,,,,,,,,,,,,,,,,,,,,,,6286.4,6238.0,,,6102.6,,,5985.0,,,,,
2017-08-15,,,,,,,,,,,,,,,,,,,,,,,,,,,,6292.8,6243.2,,,6116.4,,,5997.0,,,,,
2017-08-16,,,,,,,,,,,,,,,,,,,,,,,,,,,,6309.6,6259.8,,,6122.8,,,6009.8,,,,,
2017-08-17,,,,,,,,,,,,,,,,,,,,,,,,,,,,6365.8,6319.4,,,6175.0,,,6058.0,,,,,
2017-08-18,,,,,,,,,,,,,,,,,,,,,,,,,,,,6349.8,6286.6,,,6153.0,,,6039.0,,,,,
2017-08-21,,,,,,,,,,,,,,,,,,,,,,,,,,,,,6358.8,6311.0,,6211.4,,,6100.4,,,,,
2017-08-22,,,,,,,,,,,,,,,,,,,,,,,,,,,,,6336.0,6290.0,,6200.8,,,6087.4,,,,,
2017-08-23,,,,,,,,,,,,,,,,,,,,,,,,,,,,,6285.2,6241.0,,6149.2,,,6052.4,,,,,
2017-08-24,,,,,,,,,,,,,,,,,,,,,,,,,,,,,6248.6,6200.2,,6112.2,,,6009.6,,,,,
2017-08-25,,,,,,,,,,,,,,,,,,,,,,,,,,,,,6327.2,6285.2,,6204.6,,,6110.4,,,,,
2017-08-28,,,,,,,,,,,,,,,,,,,,,,,,,,,,,6417.8,6376.8,,6295.8,,,6198.8,,,,,
2017-08-29,,,,,,,,,,,,,,,,,,,,,,,,,,,,,6389.8,6343.4,,6275.8,,,6179.0,,,,,
2017-08-30,,,,,,,,,,,,,,,,,,,,,,,,,,,,,6433.6,6390.6,,6315.8,,,6210.0,,,,,
2017-08-31,,,,,,,,,,,,,,,,,,,,,,,,,,,,,6464.2,6419.8,,6337.2,,,6230.6,,,,,
2017-09-01,,,,,,,,,,,,,,,,,,,,,,,,,,,,,6528.6,6489.2,,6402.6,,,6317.0,,,,,
2017-09-04,,,,,,,,,,,,,,,,,,,,,,,,,,,,,6548.6,6507.2,,6428.2,,,6321.2,,,,,
2017-09-05,,,,,,,,,,,,,,,,,,,,,,,,,,,,,6569.2,6525.4,,6436.6,,,6335.6,,,,,
2017-09-06,,,,,,,,,,,,,,,,,,,,,,,,,,,,,6593.6,6551.0,,6466.6,,,6364.8,,,,,
2017-09-07,,,,,,,,,,,,,,,,,,,,,,,,,,,,,6549.4,6507.8,,6428.8,,,6327.4,,,,,
2017-09-08,,,,,,,,,,,,,,,,,,,,,,,,,,,,,6553.2,6512.8,,6421.2,,,6312.0,,,,,
2017-09-11,,,,,,,,,,,,,,,,,,,,,,,,,,,,,6661.8,6618.8,,6533.6,,,6424.2,,,,,
2017-09-12,,,,,,,,,,,,,,,,,,,,,,,,,,,,,6646.6,6603.6,,6522.0,,,6447.6,,,,,
2017-09-13,,,,,,,,,,,,,,,,,,,,,,,,,,,,,6681.6,6639.0,,6564.8,,,6465.6,,,,,
2017-09-14,,,,,,,,,,,,,,,,,,,,,,,,,,,,,6681.4,6639.4,,6558.2,,,6455.8,,,,,
2017-09-15,,,,,,,,,,,,,,,,,,,,,,,,,,,,,6629.2,6588.0,,6525.6,,,6419.2,,,,,
2017-09-18,,,,,,,,,,,,,,,,,,,,,,,,,,,,,,6678.4,6641.6,6606.6,,,6508.0,,,,,
2017-09-19,,,,,,,,,,,,,,,,,,,,,,,,,,,,,,6600.6,6569.8,6542.0,,,6472.0,,,,,
2017-09-20,,,,,,,,,,,,,,,,,,,,,,,,,,,,,,6668.6,6641.2,6618.2,,,6549.0,,,,,
2017-09-21,,,,,,,,,,,,,,,,,,,,,,,,,,,,,,6594.6,6560.0,6535.0,,,6470.2,,,,,
2017-09-22,,,,,,,,,,,,,,,,,,,,,,,,,,,,,,6532.2,6491.4,6470.0,,,6412.0,,,,,
2017-09-25,,,,,,,,,,,,,,,,,,,,,,,,,,,,,,6440.8,6400.0,6369.6,,,6311.8,,,,,
2017-09-26,,,,,,,,,,,,,,,,,,,,,,,,,,,,,,6485.0,6451.0,6415.2,,,6353.0,,,,,
2017-09-27,,,,,,,,,,,,,,,,,,,,,,,,,,,,,,6560.0,6528.6,6499.8,,,6438.0,,,,,
2017-09-28,,,,,,,,,,,,,,,,,,,,,,,,,,,,,,6552.0,6522.8,6492.0,,,6438.0,,,,,
2017-09-29,,,,,,,,,,,,,,,,,,,,,,,,,,,,,,6598.2,6570.0,6539.0,,,6485.0,,,,,
2017-10-09,,,,,,,,,,,,,,,,,,,,,,,,,,,,,,6684.2,6655.4,6634.0,,,6565.6,,,,,
2017-10-10,,,,,,,,,,,,,,,,,,,,,,,,,,,,,,6717.0,6690.0,6661.6,,,6608.4,,,,,
2017-10-11,,,,,,,,,,,,,,,,,,,,,,,,,,,,,,6660.8,6630.0,6606.0,,,6562.6,,,,,
2017-10-12,,,,,,,,,,,,,,,,,,,,,,,,,,,,,,6650.2,6619.0,6598.2,,,6548.6,,,,,
2017-10-13,,,,,,,,,,,,,,,,,,,,,,,,,,,,,,6722.0,6684.6,6662.0,,,6606.4,,,,,
2017-10-16,,,,,,,,,,,,,,,,,,,,,,,,,,,,,,6606.6,6577.2,6547.2,,,6500.8,,,,,
2017-10-17,,,,,,,,,,,,,,,,,,,,,,,,,,,,,,6591.8,6560.6,6531.0,,,6470.0,,,,,
2017-10-18,,,,,,,,,,,,,,,,,,,,,,,,,,,,,,6542.8,6505.0,6468.0,,,6409.0,,,,,
2017-10-19,,,,,,,,,,,,,,,,,,,,,,,,,,,,,,6497.0,6460.0,6426.2,,,6366.8,,,,,
2017-10-20,,,,,,,,,,,,,,,,,,,,,,,,,,,,,,6548.0,6530.0,6504.8,,,6439.8,,,,,
2017-10-23,,,,,,,,,,,,,,,,,,,,,,,,,,,,,,,6576.2,6537.6,,,6470.4,,,6413.6,,
2017-10-24,,,,,,,,,,,,,,,,,,,,,,,,,,,,,,,6560.8,6520.0,,,6443.0,,,6387.0,,
2017-10-25,,,,,,,,,,,,,,,,,,,,,,,,,,,,,,,6599.8,6559.4,,,6481.6,,,6427.8,,
2017-10-26,,,,,,,,,,,,,,,,,,,,,,,,,,,,,,,6622.6,6584.4,,,6514.0,,,6465.4,,
2017-10-27,,,,,,,,,,,,,,,,,,,,,,,,,,,,,,,6601.4,6561.6,,,6493.2,,,6438.6,,
2017-10-30,,,,,,,,,,,,,,,,,,,,,,,,,,,,,,,6468.2,6424.0,,,6349.6,,,6308.6,,
2017-10-31,,,,,,,,,,,,,,,,,,,,,,,,,,,,,,,6507.6,6470.0,,,6395.8,,,6328.0,,
2017-11-01,,,,,,,,,,,,,,,,,,,,,,,,,,,,,,,6481.0,6437.0,,,6371.4,,,6315.0,,
2017-11-02,,,,,,,,,,,,,,,,,,,,,,,,,,,,,,,6440.0,6402.0,,,6319.8,,,6263.6,,
2017-11-03,,,,,,,,,,,,,,,,,,,,,,,,,,,,,,,6362.0,6321.6,,,6230.0,,,6183.8,,
2017-11-06,,,,,,,,,,,,,,,,,,,,,,,,,,,,,,,6475.0,6426.6,,,6331.4,,,6265.0,,
2017-11-07,,,,,,,,,,,,,,,,,,,,,,,,,,,,,,,6514.4,6474.0,,,6375.0,,,6304.0,,
2017-11-08,,,,,,,,,,,,,,,,,,,,,,,,,,,,,,,6541.0,6503.0,,,6403.0,,,6329.0,,
2017-11-09,,,,,,,,,,,,,,,,,,,,,,,,,,,,,,,6600.4,6561.4,,,6451.4,,,6391.2,,
2017-11-10,,,,,,,,,,,,,,,,,,,,,,,,,,,,,,,6619.6,6581.8,,,6492.2,,,6422.0,,
2017-11-13,,,,,,,,,,,,,,,,,,,,,,,,,,,,,,,6654.0,6615.0,,,6520.0,,,6455.0,,
2017-11-14,,,,,,,,,,,,,,,,,,,,,,,,,,,,,,,6591.2,6549.8,,,6458.0,,,6389.0,,
2017-11-15,,,,,,,,,,,,,,,,,,,,,,,,,,,,,,,6527.0,6481.8,,,6372.8,,,6318.8,,
2017-11-16,,,,,,,,,,,,,,,,,,,,,,,,,,,,,,,6556.0,6506.8,,,6406.2,,,6326.0,,
2017-11-17,,,,,,,,,,,,,,,,,,,,,,,,,,,,,,,6433.0,6323.6,,,6230.0,,,6158.0,,
2017-11-20,,,,,,,,,,,,,,,,,,,,,,,,,,,,,,,,6389.6,6355.8,,6300.2,,,6211.4,,
2017-11-21,,,,,,,,,,,,,,,,,,,,,,,,,,,,,,,,6418.0,6380.0,,6319.0,,,6238.0,,
2017-11-22,,,,,,,,,,,,,,,,,,,,,,,,,,,,,,,,6375.2,6350.0,,6280.6,,,6215.0,,
2017-11-23,,,,,,,,,,,,,,,,,,,,,,,,,,,,,,,,6208.2,6166.2,,6112.4,,,6041.2,,
2017-11-24,,,,,,,,,,,,,,,,,,,,,,,,,,,,,,,,6227.0,6181.2,,6132.4,,,6055.0,,
2017-11-27,,,,,,,,,,,,,,,,,,,,,,,,,,,,,,,,6136.0,6100.8,,6051.8,,,5995.8,,
2017-11-28,,,,,,,,,,,,,,,,,,,,,,,,,,,,,,,,6262.4,6225.8,,6172.4,,,6105.6,,
2017-11-29,,,,,,,,,,,,,,,,,,,,,,,,,,,,,,,,6273.2,6240.4,,6186.0,,,6107.0,,
2017-11-30,,,,,,,,,,,,,,,,,,,,,,,,,,,,,,,,6200.0,6163.2,,6118.4,,,6054.2,,
2017-12-01,,,,,,,,,,,,,,,,,,,,,,,,,,,,,,,,6279.0,6254.0,,6185.8,,,6100.0,,
2017-12-04,,,,,,,,,,,,,,,,,,,,,,,,,,,,,,,,6233.8,6200.6,,6138.0,,,6070.0,,
2017-12-05,,,,,,,,,,,,,,,,,,,,,,,,,,,,,,,,6098.0,6062.4,,6009.6,,,5916.8,,
2017-12-06,,,,,,,,,,,,,,,,,,,,,,,,,,,,,,,,6132.0,6095.0,,6038.0,,,5951.0,,
2017-12-07,,,,,,,,,,,,,,,,,,,,,,,,,,,,,,,,6085.6,6053.6,,5983.0,,,5896.2,,
2017-12-08,,,,,,,,,,,,,,,,,,,,,,,,,,,,,,,,6174.0,6133.0,,6069.6,,,5980.2,,
2017-12-11,,,,,,,,,,,,,,,,,,,,,,,,,,,,,,,,6270.6,6235.0,,6158.2,,,6068.8,,
2017-12-12,,,,,,,,,,,,,,,,,,,,,,,,,,,,,,,,6226.8,6186.8,,6118.6,,,6023.4,,
2017-12-13,,,,,,,,,,,,,,,,,,,,,,,,,,,,,,,,6273.8,6240.0,,6168.8,,,6067.0,,
2017-12-14,,,,,,,,,,,,,,,,,,,,,,,,,,,,,,,,6284.0,6251.8,,6172.2,,,6083.0,,
2017-12-15,,,,,,,,,,,,,,,,,,,,,,,,,,,,,,,,6233.6,6207.0,,6125.8,,,6015.2,,
2017-12-18,,,,,,,,,,,,,,,,,,,,,,,,,,,,,,,,,6161.8,6121.2,6094.8,,,6007.0,,
2017-12-19,,,,,,,,,,,,,,,,,,,,,,,,,,,,,,,,,6234.0,6198.0,6171.4,,,6080.0,,
2017-12-20,,,,,,,,,,,,,,,,,,,,,,,,,,,,,,,,,6158.4,6119.8,6099.0,,,6019.8,,
2017-12-21,,,,,,,,,,,,,,,,,,,,,,,,,,,,,,,,,6227.0,6190.2,6168.0,,,6093.0,,
2017-12-22,,,,,,,,,,,,,,,,,,,,,,,,,,,,,,,,,6243.2,6210.8,6183.8,,,6108.6,,
2017-12-25,,,,,,,,,,,,,,,,,,,,,,,,,,,,,,,,,6162.0,6127.4,6103.0,,,6030.4,,
2017-12-26,,,,,,,,,,,,,,,,,,,,,,,,,,,,,,,,,6219.4,6180.8,6158.8,,,6090.6,,
2017-12-27,,,,,,,,,,,,,,,,,,,,,,,,,,,,,,,,,6156.2,6123.8,6103.8,,,6037.0,,
2017-12-28,,,,,,,,,,,,,,,,,,,,,,,,,,,,,,,,,6206.0,6184.6,6151.6,,,6091.4,,
2017-12-29,,,,,,,,,,,,,,,,,,,,,,,,,,,,,,,,,6280.8,6286.2,6253.6,,,6166.6,,
2018-01-02,,,,,,,,,,,,,,,,,,,,,,,,,,,,,,,,,6345.0,6329.0,6305.0,,,6264.4,,
2018-01-03,,,,,,,,,,,,,,,,,,,,,,,,,,,,,,,,,6388.2,6362.0,6344.4,,,6306.0,,
2018-01-04,,,,,,,,,,,,,,,,,,,,,,,,,,,,,,,,,6406.8,6380.2,6356.6,,,6307.4,,
2018-01-05,,,,,,,,,,,,,,,,,,,,,,,,,,,,,,,,,6400.8,6367.4,6344.4,,,6293.8,,
2018-01-08,,,,,,,,,,,,,,,,,,,,,,,,,,,,,,,,,6433.0,6400.2,6385.0,,,6319.4,,
2018-01-09,,,,,,,,,,,,,,,,,,,,,,,,,,,,,,,,,6435.0,6405.0,6380.2,,,6315.0,,
2018-01-10,,,,,,,,,,,,,,,,,,,,,,,,,,,,,,,,,6406.6,6380.0,6358.8,,,6290.0,,
2018-01-11,,,,,,,,,,,,,,,,,,,,,,,,,,,,,,,,,6423.2,6392.0,6371.0,,,6295.0,,
2018-01-12,,,,,,,,,,,,,,,,,,,,,,,,,,,,,,,,,6401.2,6371.8,6341.4,,,6271.8,,
2018-01-15,,,,,,,,,,,,,,,,,,,,,,,,,,,,,,,,,6273.0,6235.8,6216.0,,,6161.0,,
2018-01-16,,,,,,,,,,,,,,,,,,,,,,,,,,,,,,,,,6285.6,6253.4,6225.0,,,6176.8,,
2018-01-17,,,,,,,,,,,,,,,,,,,,,,,,,,,,,,,,,6250.0,6223.4,6195.0,,,6146.2,,
2018-01-18,,,,,,,,,,,,,,,,,,,,,,,,,,,,,,,,,6285.6,6259.8,6232.0,,,6174.0,,
2018-01-19,,,,,,,,,,,,,,,,,,,,,,,,,,,,,,,,,6281.0,6232.0,6208.2,,,6156.0,,
2018-01-22,,,,,,,,,,,,,,,,,,,,,,,,,,,,,,,,,,6348.6,6325.4,,,6268.0,6223.8,
2018-01-23,,,,,,,,,,,,,,,,,,,,,,,,,,,,,,,,,,6345.8,6327.8,,,6275.6,6223.8,
2018-01-24,,,,,,,,,,,,,,,,,,,,,,,,,,,,,,,,,,6409.6,6390.0,,,6360.6,6322.0,
2018-01-25,,,,,,,,,,,,,,,,,,,,,,,,,,,,,,,,,,6387.0,6374.8,,,6351.0,6335.8,
2018-01-26,,,,,,,,,,,,,,,,,,,,,,,,,,,,,,,,,,6397.0,6388.4,,,6358.0,6336.4,
2018-01-29,,,,,,,,,,,,,,,,,,,,,,,,,,,,,,,,,,6312.2,6293.2,,,6254.4,6239.8,
2018-01-30,,,,,,,,,,,,,,,,,,,,,,,,,,,,,,,,,,6302.8,6282.0,,,6248.4,6223.0,
2018-01-31,,,,,,,,,,,,,,,,,,,,,,,,,,,,,,,,,,6186.6,6156.0,,,6123.0,6085.0,
2018-02-01,,,,,,,,,,,,,,,,,,,,,,,,,,,,,,,,,,5970.0,5950.8,,,5908.6,5902.0,
2018-02-02,,,,,,,,,,,,,,,,,,,,,,,,,,,,,,,,,,5986.2,5959.4,,,5912.0,5882.0,
2018-02-05,,,,,,,,,,,,,,,,,,,,,,,,,,,,,,,,,,5979.8,5951.0,,,5888.6,5851.2,
2018-02-06,,,,,,,,,,,,,,,,,,,,,,,,,,,,,,,,,,5686.8,5666.0,,,5600.0,5584.0,
2018-02-07,,,,,,,,,,,,,,,,,,,,,,,,,,,,,,,,,,5663.0,5636.0,,,5588.8,5533.8,
2018-02-08,,,,,,,,,,,,,,,,,,,,,,,,,,,,,,,,,,5747.0,5719.0,,,5662.0,5620.0,
2018-02-09,,,,,,,,,,,,,,,,,,,,,,,,,,,,,,,,,,5504.0,5486.2,,,5425.0,5370.0,
2018-02-12,,,,,,,,,,,,,,,,,,,,,,,,,,,,,,,,,,5661.0,5637.8,,,5562.4,5536.8,
2018-02-13,,,,,,,,,,,,,,,,,,,,,,,,,,,,,,,,,,5713.8,5688.0,,,5621.6,5583.8,
2018-02-14,,,,,,,,,,,,,,,,,,,,,,,,,,,,,,,,,,5730.0,5708.0,,,5646.2,5598.6,
2018-02-22,,,,,,,,,,,,,,,,,,,,,,,,,,,,,,,,,,5866.0,5825.0,,,5739.2,5695.0,
2018-02-23,,,,,,,,,,,,,,,,,,,,,,,,,,,,,,,,,,,5833.4,5802.0,,5741.4,5694.4,
2018-02-26,,,,,,,,,,,,,,,,,,,,,,,,,,,,,,,,,,,6004.6,5970.4,,5916.8,5835.4,
2018-02-27,,,,,,,,,,,,,,,,,,,,,,,,,,,,,,,,,,,5979.6,5951.4,,5894.2,5830.0,
2018-02-28,,,,,,,,,,,,,,,,,,,,,,,,,,,,,,,,,,,5983.4,5950.0,,5895.8,5813.2,
2018-03-01,,,,,,,,,,,,,,,,,,,,,,,,,,,,,,,,,,,6057.8,6030.0,,5967.8,5898.0,
2018-03-02,,,,,,,,,,,,,,,,,,,,,,,,,,,,,,,,,,,6035.2,5992.0,,5940.0,5849.2,
2018-03-05,,,,,,,,,,,,,,,,,,,,,,,,,,,,,,,,,,,6019.2,5985.4,,5925.0,5827.2,
2018-03-06,,,,,,,,,,,,,,,,,,,,,,,,,,,,,,,,,,,6111.8,6080.4,,6017.8,5920.4,
2018-03-07,,,,,,,,,,,,,,,,,,,,,,,,,,,,,,,,,,,6031.0,5988.4,,5932.0,5833.0,
2018-03-08,,,,,,,,,,,,,,,,,,,,,,,,,,,,,,,,,,,6095.4,6053.4,,6003.4,5913.0,
2018-03-09,,,,,,,,,,,,,,,,,,,,,,,,,,,,,,,,,,,6198.8,6162.0,,6101.2,6005.8,
2018-03-12,,,,,,,,,,,,,,,,,,,,,,,,,,,,,,,,,,,6275.4,6245.2,,6191.2,6095.2,
2018-03-13,,,,,,,,,,,,,,,,,,,,,,,,,,,,,,,,,,,6241.0,6202.0,,6143.2,6054.4,
2018-03-14,,,,,,,,,,,,,,,,,,,,,,,,,,,,,,,,,,,6177.0,6135.2,,6070.0,5973.2,
2018-03-15,,,,,,,,,,,,,,,,,,,,,,,,,,,,,,,,,,,6172.0,6124.6,,6053.4,5961.6,
2018-03-16,,,,,,,,,,,,,,,,,,,,,,,,,,,,,,,,,,,6174.2,6084.6,,6002.6,5907.6,
2018-03-19,,,,,,,,,,,,,,,,,,,,,,,,,,,,,,,,,,,,6080.4,6044.8,5993.6,5895.0,
2018-03-20,,,,,,,,,,,,,,,,,,,,,,,,,,,,,,,,,,,,6103.2,6060.0,6014.0,5914.4,
2018-03-21,,,,,,,,,,,,,,,,,,,,,,,,,,,,,,,,,,,,6040.0,6008.2,5956.0,5849.4,
2018-03-22,,,,,,,,,,,,,,,,,,,,,,,,,,,,,,,,,,,,6037.4,5989.0,5948.0,5846.6,
2018-03-23,,,,,,,,,,,,,,,,,,,,,,,,,,,,,,,,,,,,5665.6,5646.2,5561.2,5489.8,
2018-03-26,,,,,,,,,,,,,,,,,,,,,,,,,,,,,,,,,,,,5846.0,5803.0,5757.0,5644.4,
2018-03-27,,,,,,,,,,,,,,,,,,,,,,,,,,,,,,,,,,,,6005.6,5957.2,5923.2,5803.0,
2018-03-28,,,,,,,,,,,,,,,,,,,,,,,,,,,,,,,,,,,,5915.2,5874.8,5826.0,5720.0,
2018-03-29,,,,,,,,,,,,,,,,,,,,,,,,,,,,,,,,,,,,6012.0,5970.8,5918.8,5817.8,
2018-03-30,,,,,,,,,,,,,,,,,,,,,,,,,,,,,,,,,,,,6101.0,6059.8,6015.0,5910.0,
2018-04-02,,,,,,,,,,,,,,,,,,,,,,,,,,,,,,,,,,,,6075.0,6042.0,5999.2,5904.8,
2018-04-03,,,,,,,,,,,,,,,,,,,,,,,,,,,,,,,,,,,,6023.4,5979.6,5935.8,5856.0,
2018-04-04,,,,,,,,,,,,,,,,,,,,,,,,,,,,,,,,,,,,5976.0,5934.2,5888.6,5790.0,
2018-04-09,,,,,,,,,,,,,,,,,,,,,,,,,,,,,,,,,,,,5981.8,5937.0,5891.8,5784.4,
2018-04-10,,,,,,,,,,,,,,,,,,,,,,,,,,,,,,,,,,,,6048.0,6001.2,5959.2,5840.4,
2018-04-11,,,,,,,,,,,,,,,,,,,,,,,,,,,,,,,,,,,,6055.0,6011.6,5965.4,5846.2,
2018-04-12,,,,,,,,,,,,,,,,,,,,,,,,,,,,,,,,,,,,6022.8,5982.0,5938.2,5823.6,
2018-04-13,,,,,,,,,,,,,,,,,,,,,,,,,,,,,,,,,,,,6010.0,5958.0,5919.4,5810.0,
2018-04-16,,,,,,,,,,,,,,,,,,,,,,,,,,,,,,,,,,,,5989.0,5942.6,5896.2,5777.0,
2018-04-17,,,,,,,,,,,,,,,,,,,,,,,,,,,,,,,,,,,,5888.0,5839.2,5782.8,5674.8,
2018-04-18,,,,,,,,,,,,,,,,,,,,,,,,,,,,,,,,,,,,5951.0,5906.2,5859.6,5735.2,
2018-04-19,,,,,,,,,,,,,,,,,,,,,,,,,,,,,,,,,,,,6000.0,5950.0,5900.8,5795.0,
2018-04-20,,,,,,,,,,,,,,,,,,,,,,,,,,,,,,,,,,,,5908.0,5837.0,5795.0,5684.8,
2018-04-23,,,,,,,,,,,,,,,,,,,,,,,,,,,,,,,,,,,,,5779.2,5732.2,5630.0,5551.8
2018-04-24,,,,,,,,,,,,,,,,,,,,,,,,,,,,,,,,,,,,,5913.2,5868.8,5755.0,5681.2
