,PM1301.CZC,PM1303.CZC,PM1305.CZC,PM1307.CZC,PM1309.CZC,PM1311.CZC,PM1401.CZC,PM1403.CZC,PM1405.CZC,PM1407.CZC,PM1409.CZC,PM1411.CZC,PM1501.CZC,PM1503.CZC,PM1505.CZC,PM1507.CZC,PM1509.CZC,PM1511.CZC,PM1601.CZC,PM1603.CZC,PM1605.CZC,PM607.CZC,PM609.CZC,PM611.CZC,PM701.CZC,PM703.CZC,PM705.CZC,PM707.CZC,PM709.CZC,PM711.CZC,PM801.CZC,PM803.CZC,PM805.CZC,PM807.CZC,PM809.CZC,PM811.CZC,PM901.CZC,PM903.CZC
2012-01-17,2219.0,,,,,,,,,,,,,,,,,,,,,,,,,,,,,,,,,,,,,
2012-01-18,,,,,,,,,,,,,,,,,,,,,,,,,,,,,,,,,,,,,,
2012-01-19,,,,,,,,,,,,,,,,,,,,,,,,,,,,,,,,,,,,,,
2012-01-20,2204.0,,,,,,,,,,,,,,,,,,,,,,,,,,,,,,,,,,,,,
2012-01-30,2219.0,,,,,,,,,,,,,,,,,,,,,,,,,,,,,,,,,,,,,
2012-01-31,2200.0,,,,,,,,,,,,,,,,,,,,,,,,,,,,,,,,,,,,,
2012-02-01,2204.0,,,,,,,,,,,,,,,,,,,,,,,,,,,,,,,,,,,,,
2012-02-02,2202.0,,,,,,,,,,,,,,,,,,,,,,,,,,,,,,,,,,,,,
2012-02-03,2206.0,,,,,,,,,,,,,,,,,,,,,,,,,,,,,,,,,,,,,
2012-02-06,2220.0,,,,,,,,,,,,,,,,,,,,,,,,,,,,,,,,,,,,,
2012-02-07,2208.0,,,,,,,,,,,,,,,,,,,,,,,,,,,,,,,,,,,,,
2012-02-08,2215.0,,,,,,,,,,,,,,,,,,,,,,,,,,,,,,,,,,,,,
2012-02-09,2205.0,,,,,,,,,,,,,,,,,,,,,,,,,,,,,,,,,,,,,
2012-02-10,2200.0,,,,,,,,,,,,,,,,,,,,,,,,,,,,,,,,,,,,,
2012-02-13,2208.0,,,,,,,,,,,,,,,,,,,,,,,,,,,,,,,,,,,,,
2012-02-14,2206.0,,,,,,,,,,,,,,,,,,,,,,,,,,,,,,,,,,,,,
2012-02-15,2199.0,,,,,,,,,,,,,,,,,,,,,,,,,,,,,,,,,,,,,
2012-02-16,2200.0,,,,,,,,,,,,,,,,,,,,,,,,,,,,,,,,,,,,,
2012-02-17,2200.0,,,,,,,,,,,,,,,,,,,,,,,,,,,,,,,,,,,,,
2012-02-20,2203.0,,,,,,,,,,,,,,,,,,,,,,,,,,,,,,,,,,,,,
2012-02-21,2201.0,,,,,,,,,,,,,,,,,,,,,,,,,,,,,,,,,,,,,
2012-02-22,2204.0,,,,,,,,,,,,,,,,,,,,,,,,,,,,,,,,,,,,,
2012-02-23,2201.0,,,,,,,,,,,,,,,,,,,,,,,,,,,,,,,,,,,,,
2012-02-24,2201.0,,,,,,,,,,,,,,,,,,,,,,,,,,,,,,,,,,,,,
2012-02-27,2201.0,,,,,,,,,,,,,,,,,,,,,,,,,,,,,,,,,,,,,
2012-02-28,2201.0,,,,,,,,,,,,,,,,,,,,,,,,,,,,,,,,,,,,,
2012-02-29,2238.0,,,,,,,,,,,,,,,,,,,,,,,,,,,,,,,,,,,,,
2012-03-01,2223.0,,,,,,,,,,,,,,,,,,,,,,,,,,,,,,,,,,,,,
2012-03-02,2242.0,,,,,,,,,,,,,,,,,,,,,,,,,,,,,,,,,,,,,
2012-03-05,2240.0,,,,,,,,,,,,,,,,,,,,,,,,,,,,,,,,,,,,,
2012-03-06,2241.0,,,,,,,,,,,,,,,,,,,,,,,,,,,,,,,,,,,,,
2012-03-07,2229.0,,,,,,,,,,,,,,,,,,,,,,,,,,,,,,,,,,,,,
2012-03-08,2221.0,,,,,,,,,,,,,,,,,,,,,,,,,,,,,,,,,,,,,
2012-03-09,2238.0,,,,,,,,,,,,,,,,,,,,,,,,,,,,,,,,,,,,,
2012-03-12,2233.0,,,,,,,,,,,,,,,,,,,,,,,,,,,,,,,,,,,,,
2012-03-13,2252.0,,,,,,,,,,,,,,,,,,,,,,,,,,,,,,,,,,,,,
2012-03-14,2233.0,,,,,,,,,,,,,,,,,,,,,,,,,,,,,,,,,,,,,
2012-03-15,2240.0,,,,,,,,,,,,,,,,,,,,,,,,,,,,,,,,,,,,,
2012-03-16,2249.0,,,,,,,,,,,,,,,,,,,,,,,,,,,,,,,,,,,,,
2012-03-19,2264.0,,,,,,,,,,,,,,,,,,,,,,,,,,,,,,,,,,,,,
2012-03-20,2253.0,,,,,,,,,,,,,,,,,,,,,,,,,,,,,,,,,,,,,
2012-03-21,2258.0,,,,,,,,,,,,,,,,,,,,,,,,,,,,,,,,,,,,,
2012-03-22,2257.0,,,,,,,,,,,,,,,,,,,,,,,,,,,,,,,,,,,,,
2012-03-23,2274.0,,,,,,,,,,,,,,,,,,,,,,,,,,,,,,,,,,,,,
2012-03-26,2286.0,,,,,,,,,,,,,,,,,,,,,,,,,,,,,,,,,,,,,
2012-03-27,2285.0,,,,,,,,,,,,,,,,,,,,,,,,,,,,,,,,,,,,,
2012-03-28,2284.0,,,,,,,,,,,,,,,,,,,,,,,,,,,,,,,,,,,,,
2012-03-29,2275.0,,,,,,,,,,,,,,,,,,,,,,,,,,,,,,,,,,,,,
2012-03-30,2279.0,,,,,,,,,,,,,,,,,,,,,,,,,,,,,,,,,,,,,
2012-04-05,2294.0,,,,,,,,,,,,,,,,,,,,,,,,,,,,,,,,,,,,,
2012-04-06,2295.0,,,,,,,,,,,,,,,,,,,,,,,,,,,,,,,,,,,,,
2012-04-09,2296.0,,,,,,,,,,,,,,,,,,,,,,,,,,,,,,,,,,,,,
2012-04-10,2300.0,,,,,,,,,,,,,,,,,,,,,,,,,,,,,,,,,,,,,
2012-04-11,2285.0,,,,,,,,,,,,,,,,,,,,,,,,,,,,,,,,,,,,,
2012-04-12,2282.0,,,,,,,,,,,,,,,,,,,,,,,,,,,,,,,,,,,,,
2012-04-13,2281.0,,,,,,,,,,,,,,,,,,,,,,,,,,,,,,,,,,,,,
2012-04-16,2286.0,,,,,,,,,,,,,,,,,,,,,,,,,,,,,,,,,,,,,
2012-04-17,2286.0,,,,,,,,,,,,,,,,,,,,,,,,,,,,,,,,,,,,,
2012-04-18,2288.0,,,,,,,,,,,,,,,,,,,,,,,,,,,,,,,,,,,,,
2012-04-19,2287.0,,,,,,,,,,,,,,,,,,,,,,,,,,,,,,,,,,,,,
2012-04-20,2288.0,,,,,,,,,,,,,,,,,,,,,,,,,,,,,,,,,,,,,
2012-04-23,2281.0,,,,,,,,,,,,,,,,,,,,,,,,,,,,,,,,,,,,,
2012-04-24,2291.0,,,,,,,,,,,,,,,,,,,,,,,,,,,,,,,,,,,,,
2012-04-25,2289.0,,,,,,,,,,,,,,,,,,,,,,,,,,,,,,,,,,,,,
2012-04-26,2281.0,,,,,,,,,,,,,,,,,,,,,,,,,,,,,,,,,,,,,
2012-04-27,2281.0,,,,,,,,,,,,,,,,,,,,,,,,,,,,,,,,,,,,,
2012-05-02,2281.0,,,,,,,,,,,,,,,,,,,,,,,,,,,,,,,,,,,,,
2012-05-03,,,,,,,,,,,,,,,,,,,,,,,,,,,,,,,,,,,,,,
2012-05-04,2275.0,,,,,,,,,,,,,,,,,,,,,,,,,,,,,,,,,,,,,
2012-05-07,2265.0,,,,,,,,,,,,,,,,,,,,,,,,,,,,,,,,,,,,,
2012-05-08,2260.0,,,,,,,,,,,,,,,,,,,,,,,,,,,,,,,,,,,,,
2012-05-09,2252.0,,,,,,,,,,,,,,,,,,,,,,,,,,,,,,,,,,,,,
2012-05-10,2255.0,,,,,,,,,,,,,,,,,,,,,,,,,,,,,,,,,,,,,
2012-05-11,2240.0,,,,,,,,,,,,,,,,,,,,,,,,,,,,,,,,,,,,,
2012-05-14,2205.0,,,,,,,,,,,,,,,,,,,,,,,,,,,,,,,,,,,,,
2012-05-15,2211.0,,,,,,,,,,,,,,,,,,,,,,,,,,,,,,,,,,,,,
2012-05-16,2203.0,,,,,,,,,,,,,,,,,,,,,,,,,,,,,,,,,,,,,
2012-05-17,2214.0,,,,,,,,,,,,,,,,,,,,,,,,,,,,,,,,,,,,,
2012-05-18,2208.0,,,,,,,,,,,,,,,,,,,,,,,,,,,,,,,,,,,,,
2012-05-21,2223.0,,,,,,,,,,,,,,,,,,,,,,,,,,,,,,,,,,,,,
2012-05-22,2211.0,,,,,,,,,,,,,,,,,,,,,,,,,,,,,,,,,,,,,
2012-05-23,2205.0,,,,,,,,,,,,,,,,,,,,,,,,,,,,,,,,,,,,,
2012-05-24,2206.0,,,,,,,,,,,,,,,,,,,,,,,,,,,,,,,,,,,,,
2012-05-25,2200.0,2238.0,,,,,,,,,,,,,,,,,,,,,,,,,,,,,,,,,,,,
2012-05-28,2210.0,,,,,,,,,,,,,,,,,,,,,,,,,,,,,,,,,,,,,
2012-05-29,2212.0,,,,,,,,,,,,,,,,,,,,,,,,,,,,,,,,,,,,,
2012-05-30,2205.0,2276.0,,,,,,,,,,,,,,,,,,,,,,,,,,,,,,,,,,,,
2012-05-31,2212.0,,,,,,,,,,,,,,,,,,,,,,,,,,,,,,,,,,,,,
2012-06-01,2210.0,,,,,,,,,,,,,,,,,,,,,,,,,,,,,,,,,,,,,
2012-06-04,2208.0,,,,,,,,,,,,,,,,,,,,,,,,,,,,,,,,,,,,,
2012-06-05,2249.0,,,,,,,,,,,,,,,,,,,,,,,,,,,,,,,,,,,,,
2012-06-06,2241.0,,,,,,,,,,,,,,,,,,,,,,,,,,,,,,,,,,,,,
2012-06-07,2239.0,,,,,,,,,,,,,,,,,,,,,,,,,,,,,,,,,,,,,
2012-06-08,2236.0,,,,,,,,,,,,,,,,,,,,,,,,,,,,,,,,,,,,,
2012-06-11,2249.0,,,,,,,,,,,,,,,,,,,,,,,,,,,,,,,,,,,,,
2012-06-12,,,,,,,,,,,,,,,,,,,,,,,,,,,,,,,,,,,,,,
2012-06-13,2240.0,,2300.0,,,,,,,,,,,,,,,,,,,,,,,,,,,,,,,,,,,
2012-06-14,2240.0,,,,,,,,,,,,,,,,,,,,,,,,,,,,,,,,,,,,,
2012-06-15,2230.0,,,,,,,,,,,,,,,,,,,,,,,,,,,,,,,,,,,,,
2012-06-18,2233.0,,,,,,,,,,,,,,,,,,,,,,,,,,,,,,,,,,,,,
2012-06-19,2239.0,,,,,,,,,,,,,,,,,,,,,,,,,,,,,,,,,,,,,
2012-06-20,2241.0,,,,,,,,,,,,,,,,,,,,,,,,,,,,,,,,,,,,,
2012-06-21,2237.0,,,,,,,,,,,,,,,,,,,,,,,,,,,,,,,,,,,,,
2012-06-25,2238.0,,,,,,,,,,,,,,,,,,,,,,,,,,,,,,,,,,,,,
2012-06-26,2241.0,,,,,,,,,,,,,,,,,,,,,,,,,,,,,,,,,,,,,
2012-06-27,2227.0,,,,,,,,,,,,,,,,,,,,,,,,,,,,,,,,,,,,,
2012-06-28,2217.0,,,,,,,,,,,,,,,,,,,,,,,,,,,,,,,,,,,,,
2012-06-29,2222.0,,,,,,,,,,,,,,,,,,,,,,,,,,,,,,,,,,,,,
2012-07-02,2224.0,,,,,,,,,,,,,,,,,,,,,,,,,,,,,,,,,,,,,
2012-07-03,2239.0,2218.0,,,,,,,,,,,,,,,,,,,,,,,,,,,,,,,,,,,,
2012-07-04,2239.0,,,,,,,,,,,,,,,,,,,,,,,,,,,,,,,,,,,,,
2012-07-05,2245.0,,,,,,,,,,,,,,,,,,,,,,,,,,,,,,,,,,,,,
2012-07-06,2235.0,,,,,,,,,,,,,,,,,,,,,,,,,,,,,,,,,,,,,
2012-07-09,2281.0,,,,,,,,,,,,,,,,,,,,,,,,,,,,,,,,,,,,,
2012-07-10,2280.0,,,,,,,,,,,,,,,,,,,,,,,,,,,,,,,,,,,,,
2012-07-11,2260.0,,,,,,,,,,,,,,,,,,,,,,,,,,,,,,,,,,,,,
2012-07-12,2272.0,,2386.0,,,,,,,,,,,,,,,,,,,,,,,,,,,,,,,,,,,
2012-07-13,2273.0,,2365.0,,,,,,,,,,,,,,,,,,,,,,,,,,,,,,,,,,,
2012-07-16,2278.0,,2370.0,,,,,,,,,,,,,,,,,,,,,,,,,,,,,,,,,,,
2012-07-17,2277.0,,,,,,,,,,,,,,,,,,,,,,,,,,,,,,,,,,,,,
2012-07-18,2281.0,,2369.0,,,,,,,,,,,,,,,,,,,,,,,,,,,,,,,,,,,
2012-07-19,2292.0,,2378.0,,,,,,,,,,,,,,,,,,,,,,,,,,,,,,,,,,,
2012-07-20,2275.0,,,,,,,,,,,,,,,,,,,,,,,,,,,,,,,,,,,,,
2012-07-23,2266.0,,,,,,,,,,,,,,,,,,,,,,,,,,,,,,,,,,,,,
2012-07-24,2266.0,,2388.0,2256.0,,,,,,,,,,,,,,,,,,,,,,,,,,,,,,,,,,
2012-07-25,2263.0,2288.0,,2400.0,,,,,,,,,,,,,,,,,,,,,,,,,,,,,,,,,,
2012-07-26,2267.0,2336.0,2372.0,,,,,,,,,,,,,,,,,,,,,,,,,,,,,,,,,,,
2012-07-27,2271.0,,,,,,,,,,,,,,,,,,,,,,,,,,,,,,,,,,,,,
2012-07-30,2278.0,,2389.0,,,,,,,,,,,,,,,,,,,,,,,,,,,,,,,,,,,
2012-07-31,2282.0,,,,,,,,,,,,,,,,,,,,,,,,,,,,,,,,,,,,,
2012-08-01,2277.0,,,,,,,,,,,,,,,,,,,,,,,,,,,,,,,,,,,,,
2012-08-02,2278.0,,,,,,,,,,,,,,,,,,,,,,,,,,,,,,,,,,,,,
2012-08-03,2274.0,,,,,,,,,,,,,,,,,,,,,,,,,,,,,,,,,,,,,
2012-08-06,2275.0,,,,,,,,,,,,,,,,,,,,,,,,,,,,,,,,,,,,,
2012-08-07,2285.0,2325.0,,,,,,,,,,,,,,,,,,,,,,,,,,,,,,,,,,,,
2012-08-08,2276.0,,,,,,,,,,,,,,,,,,,,,,,,,,,,,,,,,,,,,
2012-08-09,2283.0,2324.0,,,,,,,,,,,,,,,,,,,,,,,,,,,,,,,,,,,,
2012-08-10,2284.0,,,,,,,,,,,,,,,,,,,,,,,,,,,,,,,,,,,,,
2012-08-13,2283.0,,,,,,,,,,,,,,,,,,,,,,,,,,,,,,,,,,,,,
2012-08-14,2284.0,,2370.0,,,,,,,,,,,,,,,,,,,,,,,,,,,,,,,,,,,
2012-08-15,2297.0,,,,,,,,,,,,,,,,,,,,,,,,,,,,,,,,,,,,,
2012-08-16,2293.0,,,,,,,,,,,,,,,,,,,,,,,,,,,,,,,,,,,,,
2012-08-17,2295.0,,,,,,,,,,,,,,,,,,,,,,,,,,,,,,,,,,,,,
2012-08-20,2296.0,2301.0,,,,,,,,,,,,,,,,,,,,,,,,,,,,,,,,,,,,
2012-08-21,2294.0,,2365.0,,,,,,,,,,,,,,,,,,,,,,,,,,,,,,,,,,,
2012-08-22,2298.0,,2390.0,,,,,,,,,,,,,,,,,,,,,,,,,,,,,,,,,,,
2012-08-23,2304.0,,,,,,,,,,,,,,,,,,,,,,,,,,,,,,,,,,,,,
2012-08-24,2299.0,,,,,,,,,,,,,,,,,,,,,,,,,,,,,,,,,,,,,
2012-08-27,2310.0,,,,,,,,,,,,,,,,,,,,,,,,,,,,,,,,,,,,,
2012-08-28,2327.0,,,,,,,,,,,,,,,,,,,,,,,,,,,,,,,,,,,,,
2012-08-29,2318.0,,,,,,,,,,,,,,,,,,,,,,,,,,,,,,,,,,,,,
2012-08-30,2321.0,,,,,,,,,,,,,,,,,,,,,,,,,,,,,,,,,,,,,
2012-08-31,2324.0,,,,,,,,,,,,,,,,,,,,,,,,,,,,,,,,,,,,,
2012-09-03,2332.0,,,,,,,,,,,,,,,,,,,,,,,,,,,,,,,,,,,,,
2012-09-04,,,,,,,,,,,,,,,,,,,,,,,,,,,,,,,,,,,,,,
2012-09-05,2328.0,,2378.0,,,,,,,,,,,,,,,,,,,,,,,,,,,,,,,,,,,
2012-09-06,2286.0,2368.0,,,,,,,,,,,,,,,,,,,,,,,,,,,,,,,,,,,,
2012-09-07,2298.0,,,,,,,,,,,,,,,,,,,,,,,,,,,,,,,,,,,,,
2012-09-10,2307.0,,,,,,,,,,,,,,,,,,,,,,,,,,,,,,,,,,,,,
2012-09-11,2306.0,,,,,,,,,,,,,,,,,,,,,,,,,,,,,,,,,,,,,
2012-09-12,,,,,,,,,,,,,,,,,,,,,,,,,,,,,,,,,,,,,,
2012-09-13,2320.0,,,,,,,,,,,,,,,,,,,,,,,,,,,,,,,,,,,,,
2012-09-14,2330.0,,,,,,,,,,,,,,,,,,,,,,,,,,,,,,,,,,,,,
2012-09-17,2320.0,,,,,,,,,,,,,,,,,,,,,,,,,,,,,,,,,,,,,
2012-09-18,2300.0,,2400.0,,,,,,,,,,,,,,,,,,,,,,,,,,,,,,,,,,,
2012-09-19,2320.0,,,,,,,,,,,,,,,,,,,,,,,,,,,,,,,,,,,,,
2012-09-20,2311.0,,,,,,,,,,,,,,,,,,,,,,,,,,,,,,,,,,,,,
2012-09-21,2315.0,,,,,,,,,,,,,,,,,,,,,,,,,,,,,,,,,,,,,
2012-09-24,2298.0,,,,,,,,,,,,,,,,,,,,,,,,,,,,,,,,,,,,,
2012-09-25,2290.0,,,,,,,,,,,,,,,,,,,,,,,,,,,,,,,,,,,,,
2012-09-26,2288.0,,,,,,,,,,,,,,,,,,,,,,,,,,,,,,,,,,,,,
2012-09-27,2287.0,,,,,,,,,,,,,,,,,,,,,,,,,,,,,,,,,,,,,
2012-09-28,2299.0,,,,,,,,,,,,,,,,,,,,,,,,,,,,,,,,,,,,,
2012-10-08,2314.0,,,,,,,,,,,,,,,,,,,,,,,,,,,,,,,,,,,,,
2012-10-09,2329.0,,,,2489.0,,,,,,,,,,,,,,,,,,,,,,,,,,,,,,,,,
2012-10-10,2317.0,,,,,,,,,,,,,,,,,,,,,,,,,,,,,,,,,,,,,
2012-10-11,2316.0,,,,,,,,,,,,,,,,,,,,,,,,,,,,,,,,,,,,,
2012-10-12,,,,,2410.0,,,,,,,,,,,,,,,,,,,,,,,,,,,,,,,,,
2012-10-15,2322.0,,,,,,,,,,,,,,,,,,,,,,,,,,,,,,,,,,,,,
2012-10-16,2328.0,,,,,,,,,,,,,,,,,,,,,,,,,,,,,,,,,,,,,
2012-10-17,2336.0,,,,,,,,,,,,,,,,,,,,,,,,,,,,,,,,,,,,,
2012-10-18,2332.0,,,,,,,,,,,,,,,,,,,,,,,,,,,,,,,,,,,,,
2012-10-19,2320.0,,,,,,,,,,,,,,,,,,,,,,,,,,,,,,,,,,,,,
2012-10-22,,,,,,,,,,,,,,,,,,,,,,,,,,,,,,,,,,,,,,
2012-10-23,2315.0,,,,,,,,,,,,,,,,,,,,,,,,,,,,,,,,,,,,,
2012-10-24,2320.0,,,,,,,,,,,,,,,,,,,,,,,,,,,,,,,,,,,,,
2012-10-25,2323.0,,,,,,,,,,,,,,,,,,,,,,,,,,,,,,,,,,,,,
2012-10-26,2319.0,,2403.0,,,,,,,,,,,,,,,,,,,,,,,,,,,,,,,,,,,
2012-10-29,2335.0,,,2479.0,2500.0,,,,,,,,,,,,,,,,,,,,,,,,,,,,,,,,,
2012-10-30,2337.0,,,2474.0,,,,,,,,,,,,,,,,,,,,,,,,,,,,,,,,,,
2012-10-31,2336.0,,2406.0,2474.0,,,,,,,,,,,,,,,,,,,,,,,,,,,,,,,,,,
2012-11-01,2338.0,,,,,,,,,,,,,,,,,,,,,,,,,,,,,,,,,,,,,
2012-11-02,2345.0,,2412.0,,2491.0,,,,,,,,,,,,,,,,,,,,,,,,,,,,,,,,,
2012-11-05,2343.0,,,2468.0,2490.0,,,,,,,,,,,,,,,,,,,,,,,,,,,,,,,,,
2012-11-06,2360.0,,,2469.0,2508.0,,,,,,,,,,,,,,,,,,,,,,,,,,,,,,,,,
2012-11-07,2360.0,,2408.0,,2505.0,,,,,,,,,,,,,,,,,,,,,,,,,,,,,,,,,
2012-11-08,2358.0,,,,,,,,,,,,,,,,,,,,,,,,,,,,,,,,,,,,,
2012-11-09,2342.0,,,,,,,,,,,,,,,,,,,,,,,,,,,,,,,,,,,,,
2012-11-12,2333.0,,,,,,,,,,,,,,,,,,,,,,,,,,,,,,,,,,,,,
2012-11-13,2327.0,,2385.0,,2460.0,,,,,,,,,,,,,,,,,,,,,,,,,,,,,,,,,
2012-11-14,2345.0,,2395.0,,2460.0,,,,,,,,,,,,,,,,,,,,,,,,,,,,,,,,,
2012-11-15,,,,,,,,,,,,,,,,,,,,,,,,,,,,,,,,,,,,,,
2012-11-16,2358.0,,,,,,,,,,,,,,,,,,,,,,,,,,,,,,,,,,,,,
2012-11-19,2360.0,,,,,,,,,,,,,,,,,,,,,,,,,,,,,,,,,,,,,
2012-11-20,,,,,,,,,,,,,,,,,,,,,,,,,,,,,,,,,,,,,,
2012-11-21,2353.0,,,,,,,,,,,,,,,,,,,,,,,,,,,,,,,,,,,,,
2012-11-22,2332.0,,,,,,,,,,,,,,,,,,,,,,,,,,,,,,,,,,,,,
2012-11-23,2328.0,,2399.0,,,,,,,,,,,,,,,,,,,,,,,,,,,,,,,,,,,
2012-11-26,2328.0,,,,,,,,,,,,,,,,,,,,,,,,,,,,,,,,,,,,,
2012-11-27,2328.0,,2400.0,,,,,,,,,,,,,,,,,,,,,,,,,,,,,,,,,,,
2012-11-28,2331.0,,,,,,,,,,,,,,,,,,,,,,,,,,,,,,,,,,,,,
2012-11-29,2330.0,,2410.0,,,,,,,,,,,,,,,,,,,,,,,,,,,,,,,,,,,
2012-11-30,2334.0,,2404.0,,,,,,,,,,,,,,,,,,,,,,,,,,,,,,,,,,,
2012-12-03,2326.0,,,,,,,,,,,,,,,,,,,,,,,,,,,,,,,,,,,,,
2012-12-04,2330.0,,2381.0,,,,,,,,,,,,,,,,,,,,,,,,,,,,,,,,,,,
2012-12-05,,,,,,,,,,,,,,,,,,,,,,,,,,,,,,,,,,,,,,
2012-12-06,,,2389.0,,,,,,,,,,,,,,,,,,,,,,,,,,,,,,,,,,,
2012-12-07,2326.0,,,,,,,,,,,,,,,,,,,,,,,,,,,,,,,,,,,,,
2012-12-10,,,,,,,,,,,,,,,,,,,,,,,,,,,,,,,,,,,,,,
2012-12-11,,,,,,,,,,,,,,,,,,,,,,,,,,,,,,,,,,,,,,
2012-12-12,,,2380.0,2490.0,,,,,,,,,,,,,,,,,,,,,,,,,,,,,,,,,,
2012-12-13,,,,,,,,,,,,,,,,,,,,,,,,,,,,,,,,,,,,,,
2012-12-14,2306.0,,2420.0,2445.0,2452.0,,,,,,,,,,,,,,,,,,,,,,,,,,,,,,,,,
2012-12-17,2300.0,,,,2459.0,,,,,,,,,,,,,,,,,,,,,,,,,,,,,,,,,
2012-12-18,,,,,2465.0,,,,,,,,,,,,,,,,,,,,,,,,,,,,,,,,,
2012-12-19,2364.0,,2422.0,2471.0,2466.0,,,,,,,,,,,,,,,,,,,,,,,,,,,,,,,,,
2012-12-20,2360.0,,,2470.0,2475.0,,,,,,,,,,,,,,,,,,,,,,,,,,,,,,,,,
2012-12-21,,,,,,,,,,,,,,,,,,,,,,,,,,,,,,,,,,,,,,
2012-12-24,2400.0,,,2545.0,2565.0,,,,,,,,,,,,,,,,,,,,,,,,,,,,,,,,,
2012-12-25,2400.0,,,,,,,,,,,,,,,,,,,,,,,,,,,,,,,,,,,,,
2012-12-26,,,,,,,,,,,,,,,,,,,,,,,,,,,,,,,,,,,,,,
2012-12-27,,,2449.0,,,,,,,,,,,,,,,,,,,,,,,,,,,,,,,,,,,
2012-12-28,,,2460.0,,,,,,,,,,,,,,,,,,,,,,,,,,,,,,,,,,,
2012-12-31,,,2425.0,2450.0,2461.0,,,,,,,,,,,,,,,,,,,,,,,,,,,,,,,,,
2013-01-04,2520.0,,,,,,,,,,,,,,,,,,,,,,,,,,,,,,,,,,,,,
2013-01-07,,,2457.0,2435.0,2478.0,,,,,,,,,,,,,,,,,,,,,,,,,,,,,,,,,
2013-01-08,2419.0,,,,,2525.0,,,,,,,,,,,,,,,,,,,,,,,,,,,,,,,,
2013-01-09,,,2475.0,,2506.0,,,,,,,,,,,,,,,,,,,,,,,,,,,,,,,,,
2013-01-10,2322.0,,2469.0,2462.0,2486.0,,,,,,,,,,,,,,,,,,,,,,,,,,,,,,,,,
2013-01-11,,,,,,,,,,,,,,,,,,,,,,,,,,,,,,,,,,,,,,
2013-01-14,,,2430.0,2460.0,2470.0,,,,,,,,,,,,,,,,,,,,,,,,,,,,,,,,,
2013-01-15,,,2441.0,,2463.0,,,,,,,,,,,,,,,,,,,,,,,,,,,,,,,,,
2013-01-16,,,,,2470.0,,,,,,,,,,,,,,,,,,,,,,,,,,,,,,,,,
2013-01-17,,,,2441.0,2474.0,,,,,,,,,,,,,,,,,,,,,,,,,,,,,,,,,
2013-01-18,,,,2442.0,2464.0,,2492.0,,,,,,,,,,,,,,,,,,,,,,,,,,,,,,,
2013-01-21,,,2413.0,,2469.0,,2450.0,,,,,,,,,,,,,,,,,,,,,,,,,,,,,,,
2013-01-22,,,2399.0,2426.0,2452.0,,2475.0,,,,,,,,,,,,,,,,,,,,,,,,,,,,,,,
2013-01-23,,2508.0,2396.0,,2455.0,,,,,,,,,,,,,,,,,,,,,,,,,,,,,,,,,
2013-01-24,,2370.0,2375.0,,2430.0,2451.0,2455.0,,,,,,,,,,,,,,,,,,,,,,,,,,,,,,,
2013-01-25,,,2394.0,,2479.0,,2484.0,,,,,,,,,,,,,,,,,,,,,,,,,,,,,,,
2013-01-28,,,,2424.0,2462.0,,2500.0,,,,,,,,,,,,,,,,,,,,,,,,,,,,,,,
2013-01-29,,,,2420.0,,,,,,,,,,,,,,,,,,,,,,,,,,,,,,,,,,
2013-01-30,,,2422.0,,,,,,,,,,,,,,,,,,,,,,,,,,,,,,,,,,,
2013-01-31,,,,,2460.0,,,,,,,,,,,,,,,,,,,,,,,,,,,,,,,,,
2013-02-01,,,,,2477.0,,2525.0,,,,,,,,,,,,,,,,,,,,,,,,,,,,,,,
2013-02-04,,,2410.0,,,,,,,,,,,,,,,,,,,,,,,,,,,,,,,,,,,
2013-02-05,,,,2435.0,2476.0,,,,,,,,,,,,,,,,,,,,,,,,,,,,,,,,,
2013-02-06,,,,,2453.0,,,,,,,,,,,,,,,,,,,,,,,,,,,,,,,,,
2013-02-07,,,2396.0,,2453.0,,,,,,,,,,,,,,,,,,,,,,,,,,,,,,,,,
2013-02-08,,,,,,,,,,,,,,,,,,,,,,,,,,,,,,,,,,,,,,
2013-02-18,,,,,2445.0,2450.0,,,,,,,,,,,,,,,,,,,,,,,,,,,,,,,,
2013-02-19,,,,,2449.0,,,,,,,,,,,,,,,,,,,,,,,,,,,,,,,,,
2013-02-20,,,2396.0,,,2451.0,2550.0,,,,,,,,,,,,,,,,,,,,,,,,,,,,,,,
2013-02-21,,,,,,,2511.0,,,,,,,,,,,,,,,,,,,,,,,,,,,,,,,
2013-02-22,,,2394.0,,,2525.0,,,,,,,,,,,,,,,,,,,,,,,,,,,,,,,,
2013-02-25,,,,,2423.0,2499.0,,,,,,,,,,,,,,,,,,,,,,,,,,,,,,,,
2013-02-26,,,2383.0,,,2450.0,2496.0,,,,,,,,,,,,,,,,,,,,,,,,,,,,,,,
2013-02-27,,,,,2454.0,,,,,,,,,,,,,,,,,,,,,,,,,,,,,,,,,
2013-02-28,,,,,,,,,,,,,,,,,,,,,,,,,,,,,,,,,,,,,,
2013-03-01,,,2371.0,2370.0,2430.0,,,,,,,,,,,,,,,,,,,,,,,,,,,,,,,,,
2013-03-04,,,2384.0,,2449.0,,,,,,,,,,,,,,,,,,,,,,,,,,,,,,,,,
2013-03-05,,,2361.0,,2402.0,,,,,,,,,,,,,,,,,,,,,,,,,,,,,,,,,
2013-03-06,,,2377.0,,2420.0,,,,,,,,,,,,,,,,,,,,,,,,,,,,,,,,,
2013-03-07,,,2376.0,,,,,,,,,,,,,,,,,,,,,,,,,,,,,,,,,,,
2013-03-08,,,,,2436.0,2491.0,,,,,,,,,,,,,,,,,,,,,,,,,,,,,,,,
2013-03-11,,,,2380.0,2429.0,2452.0,,,,,,,,,,,,,,,,,,,,,,,,,,,,,,,,
2013-03-12,,,,,2425.0,,2485.0,,,,,,,,,,,,,,,,,,,,,,,,,,,,,,,
2013-03-13,,,,,2435.0,,,,,,,,,,,,,,,,,,,,,,,,,,,,,,,,,
2013-03-14,,,2371.0,,2430.0,,,,,,,,,,,,,,,,,,,,,,,,,,,,,,,,,
2013-03-15,,,,,2427.0,,,,,,,,,,,,,,,,,,,,,,,,,,,,,,,,,
2013-03-18,,,,,2414.0,2460.0,2521.0,,,,,,,,,,,,,,,,,,,,,,,,,,,,,,,
2013-03-19,,,2390.0,,2420.0,,2520.0,,,,,,,,,,,,,,,,,,,,,,,,,,,,,,,
2013-03-20,,,,,,,2535.0,,,,,,,,,,,,,,,,,,,,,,,,,,,,,,,
2013-03-21,,,,,,,,,,,,,,,,,,,,,,,,,,,,,,,,,,,,,,
2013-03-22,,,,,,,,2550.0,,,,,,,,,,,,,,,,,,,,,,,,,,,,,,
2013-03-25,,,,,2429.0,,,,,,,,,,,,,,,,,,,,,,,,,,,,,,,,,
2013-03-26,,,,,,,,,,,,,,,,,,,,,,,,,,,,,,,,,,,,,,
2013-03-27,,,,,,,,2549.0,,,,,,,,,,,,,,,,,,,,,,,,,,,,,,
2013-03-28,,,2375.0,,,2477.0,,,,,,,,,,,,,,,,,,,,,,,,,,,,,,,,
2013-03-29,,,,,,,,,,,,,,,,,,,,,,,,,,,,,,,,,,,,,,
2013-04-01,,,,,,,2511.0,,,,,,,,,,,,,,,,,,,,,,,,,,,,,,,
2013-04-02,,,,,,,2502.0,,,,,,,,,,,,,,,,,,,,,,,,,,,,,,,
2013-04-03,,,2350.0,,2388.0,,2488.0,2526.0,,,,,,,,,,,,,,,,,,,,,,,,,,,,,,
2013-04-08,,,,,,,2480.0,,,,,,,,,,,,,,,,,,,,,,,,,,,,,,,
2013-04-09,,,,,2383.0,,,,,,,,,,,,,,,,,,,,,,,,,,,,,,,,,
2013-04-10,,,,,,,2491.0,,,,,,,,,,,,,,,,,,,,,,,,,,,,,,,
2013-04-11,,,2323.0,,2388.0,,,,,,,,,,,,,,,,,,,,,,,,,,,,,,,,,
2013-04-12,,,,2380.0,2378.0,,,,,,,,,,,,,,,,,,,,,,,,,,,,,,,,,
2013-04-15,,,2279.0,2388.0,2397.0,,2488.0,2505.0,,,,,,,,,,,,,,,,,,,,,,,,,,,,,,
2013-04-16,,,,2358.0,2412.0,,,2520.0,,,,,,,,,,,,,,,,,,,,,,,,,,,,,,
2013-04-17,,,,2370.0,2394.0,,,,,,,,,,,,,,,,,,,,,,,,,,,,,,,,,
2013-04-18,,,,2375.0,2395.0,,,,,,,,,,,,,,,,,,,,,,,,,,,,,,,,,
2013-04-19,,,2260.0,,,,,2518.0,,,,,,,,,,,,,,,,,,,,,,,,,,,,,,
2013-04-22,,,2238.0,,,,,,,,,,,,,,,,,,,,,,,,,,,,,,,,,,,
2013-04-23,,,,,2392.0,,,,,,,,,,,,,,,,,,,,,,,,,,,,,,,,,
2013-04-24,,,,2360.0,2385.0,,2498.0,,,,,,,,,,,,,,,,,,,,,,,,,,,,,,,
2013-04-25,,,2260.0,,,,2479.0,,,,,,,,,,,,,,,,,,,,,,,,,,,,,,,
2013-04-26,,,2260.0,2358.0,2313.0,,2475.0,,,,,,,,,,,,,,,,,,,,,,,,,,,,,,,
2013-05-02,,,,2334.0,2359.0,,2479.0,2448.0,,,,,,,,,,,,,,,,,,,,,,,,,,,,,,
2013-05-03,,,,2362.0,2368.0,,2478.0,,,,,,,,,,,,,,,,,,,,,,,,,,,,,,,
2013-05-06,,,,2344.0,,,,,,,,,,,,,,,,,,,,,,,,,,,,,,,,,,
2013-05-07,,,,2350.0,2368.0,,2495.0,,,,,,,,,,,,,,,,,,,,,,,,,,,,,,,
2013-05-08,,,2300.0,2350.0,2372.0,,2466.0,,,,,,,,,,,,,,,,,,,,,,,,,,,,,,,
2013-05-09,,,,,,,,,,,,,,,,,,,,,,,,,,,,,,,,,,,,,,
2013-05-10,,,,,,,,,,,,,,,,,,,,,,,,,,,,,,,,,,,,,,
2013-05-13,,,,,2347.0,,2474.0,,,,,,,,,,,,,,,,,,,,,,,,,,,,,,,
2013-05-14,,,,2357.0,,2450.0,2420.0,,,,,,,,,,,,,,,,,,,,,,,,,,,,,,,
2013-05-15,,,,,,,,,,,,,,,,,,,,,,,,,,,,,,,,,,,,,,
2013-05-16,,,,,,,,,,,,,,,,,,,,,,,,,,,,,,,,,,,,,,
2013-05-17,,,,,2350.0,,2424.0,,,,,,,,,,,,,,,,,,,,,,,,,,,,,,,
2013-05-20,,,,,,,,,,,,,,,,,,,,,,,,,,,,,,,,,,,,,,
2013-05-21,,,,2330.0,2360.0,,2455.0,,,,,,,,,,,,,,,,,,,,,,,,,,,,,,,
2013-05-22,,,,2339.0,,,2448.0,,,,,,,,,,,,,,,,,,,,,,,,,,,,,,,
2013-05-23,,,,,,,2423.0,,,,,,,,,,,,,,,,,,,,,,,,,,,,,,,
2013-05-24,,,,2300.0,,,2420.0,,,,,,,,,,,,,,,,,,,,,,,,,,,,,,,
2013-05-27,,,,2299.0,,,2425.0,,2451.0,,,,,,,,,,,,,,,,,,,,,,,,,,,,,
2013-05-28,,,,,,,2424.0,,,,,,,,,,,,,,,,,,,,,,,,,,,,,,,
2013-05-29,,,,2328.0,2395.0,,2420.0,,,,,,,,,,,,,,,,,,,,,,,,,,,,,,,
2013-05-30,,,,,,,2412.0,,,,,,,,,,,,,,,,,,,,,,,,,,,,,,,
2013-05-31,,,,,2396.0,,,,,,,,,,,,,,,,,,,,,,,,,,,,,,,,,
2013-06-03,,,,,2385.0,,,,,,,,,,,,,,,,,,,,,,,,,,,,,,,,,
2013-06-04,,,,2321.0,2404.0,,2409.0,,2463.0,,,,,,,,,,,,,,,,,,,,,,,,,,,,,
2013-06-05,,,,,2410.0,,2410.0,,2425.0,,,,,,,,,,,,,,,,,,,,,,,,,,,,,
2013-06-06,,,,,2435.0,,,,,,,,,,,,,,,,,,,,,,,,,,,,,,,,,
2013-06-07,,,,,2427.0,2436.0,2422.0,,,,,,,,,,,,,,,,,,,,,,,,,,,,,,,
2013-06-13,,,,,2446.0,,2424.0,,,,,,,,,,,,,,,,,,,,,,,,,,,,,,,
2013-06-14,,,,2403.0,2472.0,,2465.0,,,,,,,,,,,,,,,,,,,,,,,,,,,,,,,
2013-06-17,,,,2320.0,2431.0,2407.0,2439.0,2423.0,,,,,,,,,,,,,,,,,,,,,,,,,,,,,,
2013-06-18,,,,2320.0,2432.0,2441.0,2456.0,,,,,,,,,,,,,,,,,,,,,,,,,,,,,,,
2013-06-19,,,,,,2400.0,2442.0,,,,,,,,,,,,,,,,,,,,,,,,,,,,,,,
2013-06-20,,,,,2440.0,2430.0,2456.0,,,,,,,,,,,,,,,,,,,,,,,,,,,,,,,
2013-06-21,,,,2320.0,2430.0,,2463.0,,,,,,,,,,,,,,,,,,,,,,,,,,,,,,,
2013-06-24,,,,,,2445.0,2452.0,,,,,,,,,,,,,,,,,,,,,,,,,,,,,,,
2013-06-25,,,,2280.0,2458.0,,2468.0,,,,,,,,,,,,,,,,,,,,,,,,,,,,,,,
2013-06-26,,,,,2429.0,,2468.0,,,,,,,,,,,,,,,,,,,,,,,,,,,,,,,
2013-06-27,,,,,,,2483.0,,,,,,,,,,,,,,,,,,,,,,,,,,,,,,,
2013-06-28,,,,,2430.0,,2461.0,2451.0,,,,,,,,,,,,,,,,,,,,,,,,,,,,,,
2013-07-01,,,,,,,,,,,,,,,,,,,,,,,,,,,,,,,,,,,,,,
2013-07-02,,,,,2474.0,,2479.0,,,,,,,,,,,,,,,,,,,,,,,,,,,,,,,
2013-07-03,,,,,2466.0,,2537.0,,2524.0,,,,,,,,,,,,,,,,,,,,,,,,,,,,,
2013-07-04,,,,2338.0,2460.0,,2505.0,,,,,,,,,,,,,,,,,,,,,,,,,,,,,,,
2013-07-05,,,,2340.0,2470.0,,2508.0,,,,,,,,,,,,,,,,,,,,,,,,,,,,,,,
2013-07-08,,,,,2470.0,,2489.0,,,,,,,,,,,,,,,,,,,,,,,,,,,,,,,
2013-07-09,,,,,,,2499.0,,,,,,,,,,,,,,,,,,,,,,,,,,,,,,,
2013-07-10,,,,,2450.0,,,,2544.0,,,,,,,,,,,,,,,,,,,,,,,,,,,,,
2013-07-11,,,,2338.0,,,,,,,,,,,,,,,,,,,,,,,,,,,,,,,,,,
2013-07-12,,,,,,,2545.0,,,,,,,,,,,,,,,,,,,,,,,,,,,,,,,
2013-07-15,,,,,,,,,,,,,,,,,,,,,,,,,,,,,,,,,,,,,,
2013-07-16,,,,,,,,,,,,,,,,,,,,,,,,,,,,,,,,,,,,,,
2013-07-17,,,,,,,,,,,,,,,,,,,,,,,,,,,,,,,,,,,,,,
2013-07-18,,,,,2479.0,,2525.0,,,,,,,,,,,,,,,,,,,,,,,,,,,,,,,
2013-07-19,,,,,2480.0,,,,,,,,,,,,,,,,,,,,,,,,,,,,,,,,,
2013-07-22,,,,,2472.0,,,,,,,,,,,,,,,,,,,,,,,,,,,,,,,,,
2013-07-23,,,,,,,,2492.0,,,,,,,,,,,,,,,,,,,,,,,,,,,,,,
2013-07-24,,,,,,2520.0,,,,,,,,,,,,,,,,,,,,,,,,,,,,,,,,
2013-07-25,,,,,,,,,,,,,,,,,,,,,,,,,,,,,,,,,,,,,,
2013-07-26,,,,,2498.0,2525.0,2501.0,,,,,,,,,,,,,,,,,,,,,,,,,,,,,,,
2013-07-29,,,,,2492.0,,2505.0,,,,,,,,,,,,,,,,,,,,,,,,,,,,,,,
2013-07-30,,,,,,,,,2527.0,,,,,,,,,,,,,,,,,,,,,,,,,,,,,
2013-07-31,,,,,2514.0,,2495.0,,2585.0,,,,,,,,,,,,,,,,,,,,,,,,,,,,,
2013-08-01,,,,,2505.0,,2500.0,,2590.0,,,,,,,,,,,,,,,,,,,,,,,,,,,,,
2013-08-02,,,,,,,2495.0,,2595.0,,,,,,,,,,,,,,,,,,,,,,,,,,,,,
2013-08-05,,,,,,,2508.0,,2574.0,,,,,,,,,,,,,,,,,,,,,,,,,,,,,
2013-08-06,,,,,,,,,,,,,,,,,,,,,,,,,,,,,,,,,,,,,,
2013-08-07,,,,,,,,,2528.0,,,,,,,,,,,,,,,,,,,,,,,,,,,,,
2013-08-08,,,,,,,2548.0,,,,,,,,,,,,,,,,,,,,,,,,,,,,,,,
2013-08-09,,,,,,,2508.0,,2564.0,,,,,,,,,,,,,,,,,,,,,,,,,,,,,
2013-08-12,,,,,,2470.0,2529.0,,2569.0,,,,,,,,,,,,,,,,,,,,,,,,,,,,,
2013-08-13,,,,,,2490.0,2543.0,,2531.0,,,,,,,,,,,,,,,,,,,,,,,,,,,,,
2013-08-14,,,,,,2552.0,2511.0,,,,,,,,,,,,,,,,,,,,,,,,,,,,,,,
2013-08-15,,,,,,,2472.0,,,,,,,,,,,,,,,,,,,,,,,,,,,,,,,
2013-08-16,,,,,2460.0,,2483.0,2512.0,2574.0,,,,,,,,,,,,,,,,,,,,,,,,,,,,,
2013-08-19,,,,,,,,,,,,,,,,,,,,,,,,,,,,,,,,,,,,,,
2013-08-20,,,,,,,2514.0,,,,,,,,,,,,,,,,,,,,,,,,,,,,,,,
2013-08-21,,,,,,,,,,,,,,,,,,,,,,,,,,,,,,,,,,,,,,
2013-08-22,,,,,,,,,,,,,,,,,,,,,,,,,,,,,,,,,,,,,,
2013-08-23,,,,,,,,,2573.0,,,,,,,,,,,,,,,,,,,,,,,,,,,,,
2013-08-26,,,,,2485.0,2540.0,,,,,,,,,,,,,,,,,,,,,,,,,,,,,,,,
2013-08-27,,,,,,,,,2574.0,,,,,,,,,,,,,,,,,,,,,,,,,,,,,
2013-08-28,,,,,2420.0,,,,,,,,,,,,,,,,,,,,,,,,,,,,,,,,,
2013-08-29,,,,,,,,,,,,,,,,,,,,,,,,,,,,,,,,,,,,,,
2013-08-30,,,,,2420.0,2495.0,,,,,,,,,,,,,,,,,,,,,,,,,,,,,,,,
2013-09-02,,,,,,2595.0,2536.0,2530.0,,,,,,,,,,,,,,,,,,,,,,,,,,,,,,
2013-09-03,,,,,,,2513.0,2536.0,,,,,,,,,,,,,,,,,,,,,,,,,,,,,,
2013-09-04,,,,,,,,2440.0,,,,,,,,,,,,,,,,,,,,,,,,,,,,,,
2013-09-05,,,,,2456.0,,2532.0,,2584.0,,,,,,,,,,,,,,,,,,,,,,,,,,,,,
2013-09-06,,,,,,,2549.0,,,,,,,,,,,,,,,,,,,,,,,,,,,,,,,
2013-09-09,,,,,,2546.0,2549.0,,2582.0,,,,,,,,,,,,,,,,,,,,,,,,,,,,,
2013-09-10,,,,,,,,,,,,,,,,,,,,,,,,,,,,,,,,,,,,,,
2013-09-11,,,,,2480.0,,2536.0,,2572.0,,,,,,,,,,,,,,,,,,,,,,,,,,,,,
2013-09-12,,,,,2520.0,,2531.0,,,,,,,,,,,,,,,,,,,,,,,,,,,,,,,
2013-09-13,,,,,,,2539.0,,,,,,,,,,,,,,,,,,,,,,,,,,,,,,,
2013-09-16,,,,,,,2571.0,,,,,,,,,,,,,,,,,,,,,,,,,,,,,,,
2013-09-17,,,,,,,2600.0,,,,,,,,,,,,,,,,,,,,,,,,,,,,,,,
2013-09-18,,,,,,,2596.0,,,,,,,,,,,,,,,,,,,,,,,,,,,,,,,
2013-09-23,,,,,,,,,,,,,,,,,,,,,,,,,,,,,,,,,,,,,,
2013-09-24,,,,,,,,,2597.0,,2589.0,,,,,,,,,,,,,,,,,,,,,,,,,,,
2013-09-25,,,,,,,,,,,2530.0,,,,,,,,,,,,,,,,,,,,,,,,,,,
2013-09-26,,,,,,,,,,,2612.0,,,,,,,,,,,,,,,,,,,,,,,,,,,
2013-09-27,,,,,,,2595.0,,,,,,,,,,,,,,,,,,,,,,,,,,,,,,,
2013-09-30,,,,,,2700.0,2614.0,2665.0,2645.0,,,,,,,,,,,,,,,,,,,,,,,,,,,,,
2013-10-08,,,,,,2712.0,2570.0,,,,,,,,,,,,,,,,,,,,,,,,,,,,,,,
2013-10-09,,,,,,,2586.0,,,,2580.0,,,,,,,,,,,,,,,,,,,,,,,,,,,
2013-10-10,,,,,,,,,,,2580.0,,,,,,,,,,,,,,,,,,,,,,,,,,,
2013-10-11,,,,,,2612.0,,,,,,,,,,,,,,,,,,,,,,,,,,,,,,,,
2013-10-14,,,,,,,2620.0,,2619.0,,2598.0,,,,,,,,,,,,,,,,,,,,,,,,,,,
2013-10-15,,,,,,,2606.0,,,,,,,,,,,,,,,,,,,,,,,,,,,,,,,
2013-10-16,,,,,,,,,,,,,,,,,,,,,,,,,,,,,,,,,,,,,,
2013-10-17,,,,,,,2628.0,,2584.0,,2600.0,,,,,,,,,,,,,,,,,,,,,,,,,,,
2013-10-18,,,,,,,2619.0,,2624.0,,,,,,,,,,,,,,,,,,,,,,,,,,,,,
2013-10-21,,,,,,,,,2624.0,,,,,,,,,,,,,,,,,,,,,,,,,,,,,
2013-10-22,,,,,,,,,,,,,,,,,,,,,,,,,,,,,,,,,,,,,,
2013-10-23,,,,,,,2606.0,,2636.0,,2586.0,,,,,,,,,,,,,,,,,,,,,,,,,,,
2013-10-24,,,,,,,2595.0,,2620.0,,2620.0,,,,,,,,,,,,,,,,,,,,,,,,,,,
2013-10-25,,,,,,2662.0,,,2606.0,,2610.0,,,,,,,,,,,,,,,,,,,,,,,,,,,
2013-10-28,,,,,,,,,,,,,,,,,,,,,,,,,,,,,,,,,,,,,,
2013-10-29,,,,,,,,,,,,,,,,,,,,,,,,,,,,,,,,,,,,,,
2013-10-30,,,,,,,,,,,,,,,,,,,,,,,,,,,,,,,,,,,,,,
2013-10-31,,,,,,2680.0,2560.0,,2607.0,,2606.0,,,,,,,,,,,,,,,,,,,,,,,,,,,
2013-11-01,,,,,,,2612.0,,,,,,,,,,,,,,,,,,,,,,,,,,,,,,,
2013-11-04,,,,,,,,,2597.0,,,,,,,,,,,,,,,,,,,,,,,,,,,,,
2013-11-05,,,,,,,,,2596.0,,,,,,,,,,,,,,,,,,,,,,,,,,,,,
2013-11-06,,,,,,,,,,,,,,,,,,,,,,,,,,,,,,,,,,,,,,
2013-11-07,,,,,,,,2648.0,,,,,,,,,,,,,,,,,,,,,,,,,,,,,,
2013-11-08,,,,,,,,,2624.0,,2587.0,,,,,,,,,,,,,,,,,,,,,,,,,,,
2013-11-11,,,,,,,2626.0,,,,,,,,,,,,,,,,,,,,,,,,,,,,,,,
2013-11-12,,,,,,,,,,,,,,,,,,,,,,,,,,,,,,,,,,,,,,
2013-11-13,,,,,,,,,,,,,,,,,,,,,,,,,,,,,,,,,,,,,,
2013-11-14,,,,,,,,,,,,,,,,,,,,,,,,,,,,,,,,,,,,,,
2013-11-15,,,,,,,,,,,2636.0,2576.0,,,,,,,,,,,,,,,,,,,,,,,,,,
2013-11-18,,,,,,,2583.0,,,,2597.0,2625.0,,,,,,,,,,,,,,,,,,,,,,,,,,
2013-11-19,,,,,,,2599.0,,,,,,,,,,,,,,,,,,,,,,,,,,,,,,,
2013-11-20,,,,,,,,,,,,,,,,,,,,,,,,,,,,,,,,,,,,,,
2013-11-21,,,,,,,,,,,,,,,,,,,,,,,,,,,,,,,,,,,,,,
2013-11-22,,,,,,,,,,,2611.0,,,,,,,,,,,,,,,,,,,,,,,,,,,
2013-11-25,,,,,,,2603.0,,2639.0,,,,,,,,,,,,,,,,,,,,,,,,,,,,,
2013-11-26,,,,,,,,,,,,,,,,,,,,,,,,,,,,,,,,,,,,,,
2013-11-27,,,,,,,,,,,,,,,,,,,,,,,,,,,,,,,,,,,,,,
2013-11-28,,,,,,,,,,,,,,,,,,,,,,,,,,,,,,,,,,,,,,
2013-11-29,,,,,,,,,,,,,,,,,,,,,,,,,,,,,,,,,,,,,,
2013-12-02,,,,,,,,,2620.0,,2621.0,,,,,,,,,,,,,,,,,,,,,,,,,,,
2013-12-03,,,,,,,,,,,,,,,,,,,,,,,,,,,,,,,,,,,,,,
2013-12-04,,,,,,,,,,,,,,,,,,,,,,,,,,,,,,,,,,,,,,
2013-12-05,,,,,,,,,,,,,,,,,,,,,,,,,,,,,,,,,,,,,,
2013-12-06,,,,,,,,2601.0,2635.0,2610.0,,,,,,,,,,,,,,,,,,,,,,,,,,,,
2013-12-09,,,,,,,,,2621.0,,,,,,,,,,,,,,,,,,,,,,,,,,,,,
2013-12-10,,,,,,,,,,,,,,,,,,,,,,,,,,,,,,,,,,,,,,
2013-12-11,,,,,,,2610.0,,2610.0,,2604.0,,,,,,,,,,,,,,,,,,,,,,,,,,,
2013-12-12,,,,,,,,,,,,,,,,,,,,,,,,,,,,,,,,,,,,,,
2013-12-13,,,,,,,,,,,,,,,,,,,,,,,,,,,,,,,,,,,,,,
2013-12-16,,,,,,,,,,,,,,,,,,,,,,,,,,,,,,,,,,,,,,
2013-12-17,,,,,,,2587.0,2540.0,2637.0,,,,,,,,,,,,,,,,,,,,,,,,,,,,,
2013-12-18,,,,,,,,,,,,,,,,,,,,,,,,,,,,,,,,,,,,,,
2013-12-19,,,,,,,,,,,,,,,,,,,,,,,,,,,,,,,,,,,,,,
2013-12-20,,,,,,,2559.0,,2609.0,,,,,,,,,,,,,,,,,,,,,,,,,,,,,
2013-12-23,,,,,,,2620.0,,,,,,,,,,,,,,,,,,,,,,,,,,,,,,,
2013-12-24,,,,,,,,,2608.0,,2618.0,,,,,,,,,,,,,,,,,,,,,,,,,,,
2013-12-25,,,,,,,,,,,,,,,,,,,,,,,,,,,,,,,,,,,,,,
2013-12-26,,,,,,,2625.0,,,,,,,,,,,,,,,,,,,,,,,,,,,,,,,
2013-12-27,,,,,,,,,,,,,,,,,,,,,,,,,,,,,,,,,,,,,,
2013-12-30,,,,,,,,,2612.0,,,,,,,,,,,,,,,,,,,,,,,,,,,,,
2013-12-31,,,,,,,,,,,,,,,,,,,,,,,,,,,,,,,,,,,,,,
2014-01-02,,,,,,,,2650.0,2613.0,,2562.0,,,,,,,,,,,,,,,,,,,,,,,,,,,
2014-01-03,,,,,,,,,2596.0,,2531.0,,,,,,,,,,,,,,,,,,,,,,,,,,,
2014-01-06,,,,,,,2650.0,,2570.0,,2551.0,,,,,,,,,,,,,,,,,,,,,,,,,,,
2014-01-07,,,,,,,,,2575.0,,2548.0,2524.0,,,,,,,,,,,,,,,,,,,,,,,,,,
2014-01-08,,,,,,,,,2587.0,,2525.0,2517.0,,,,,,,,,,,,,,,,,,,,,,,,,,
2014-01-09,,,,,,,,,,,,,,,,,,,,,,,,,,,,,,,,,,,,,,
2014-01-10,,,,,,,,,,,,,,,,,,,,,,,,,,,,,,,,,,,,,,
2014-01-13,,,,,,,,,2574.0,,,,,,,,,,,,,,,,,,,,,,,,,,,,,
2014-01-14,,,,,,,,,,,,,,,,,,,,,,,,,,,,,,,,,,,,,,
2014-01-15,,,,,,,,,,,2512.0,,,,,,,,,,,,,,,,,,,,,,,,,,,
2014-01-16,,,,,,,,,2596.0,,2538.0,,,,,,,,,,,,,,,,,,,,,,,,,,,
2014-01-17,,,,,,,,,,,2509.0,,,,,,,,,,,,,,,,,,,,,,,,,,,
2014-01-20,,,,,,,,,,,,2531.0,2423.0,,,,,,,,,,,,,,,,,,,,,,,,,
2014-01-21,,,,,,,,,,,2528.0,2591.0,,,,,,,,,,,,,,,,,,,,,,,,,,
2014-01-22,,,,,,,,,,,2557.0,,2575.0,,,,,,,,,,,,,,,,,,,,,,,,,
2014-01-23,,,,,,,,,,,,,,,,,,,,,,,,,,,,,,,,,,,,,,
2014-01-24,,,,,,,,,,,,,,,,,,,,,,,,,,,,,,,,,,,,,,
2014-01-27,,,,,,,,,2592.0,,,,,,,,,,,,,,,,,,,,,,,,,,,,,
2014-01-28,,,,,,,,,,,2521.0,,,,,,,,,,,,,,,,,,,,,,,,,,,
2014-01-29,,,,,,,,,,,2530.0,,,,,,,,,,,,,,,,,,,,,,,,,,,
2014-01-30,,,,,,,,,,,2540.0,,,,,,,,,,,,,,,,,,,,,,,,,,,
2014-02-07,,,,,,,,,,,2538.0,,,,,,,,,,,,,,,,,,,,,,,,,,,
2014-02-10,,,,,,,,,2587.0,,2535.0,,,,,,,,,,,,,,,,,,,,,,,,,,,
2014-02-11,,,,,,,,,,,2538.0,,,,,,,,,,,,,,,,,,,,,,,,,,,
2014-02-12,,,,,,,,,2594.0,,,,,,,,,,,,,,,,,,,,,,,,,,,,,
2014-02-13,,,,,,,,,,,,,,,,,,,,,,,,,,,,,,,,,,,,,,
2014-02-14,,,,,,,,,,,,,,,,,,,,,,,,,,,,,,,,,,,,,,
2014-02-17,,,,,,,,,,,,,,,,,,,,,,,,,,,,,,,,,,,,,,
2014-02-18,,,,,,,,,,,,,,,,,,,,,,,,,,,,,,,,,,,,,,
2014-02-19,,,,,,,,,,,,,,,,,,,,,,,,,,,,,,,,,,,,,,
2014-02-20,,,,,,,,,2580.0,,,,,,,,,,,,,,,,,,,,,,,,,,,,,
2014-02-21,,,,,,,,,,,,,,,,,,,,,,,,,,,,,,,,,,,,,,
2014-02-24,,,,,,,,,2585.0,,2494.0,,,,,,,,,,,,,,,,,,,,,,,,,,,
2014-02-25,,,,,,,,,2605.0,,2505.0,,,,,,,,,,,,,,,,,,,,,,,,,,,
2014-02-26,,,,,,,,,,,,,,,,,,,,,,,,,,,,,,,,,,,,,,
2014-02-27,,,,,,,,,,,,,,,,,,,,,,,,,,,,,,,,,,,,,,
2014-02-28,,,,,,,,2751.0,2519.0,,2519.0,,,,,,,,,,,,,,,,,,,,,,,,,,,
2014-03-03,,,,,,,,2810.0,2570.0,,2521.0,,2558.0,,,,,,,,,,,,,,,,,,,,,,,,,
2014-03-04,,,,,,,,,2561.0,,2526.0,,,,,,,,,,,,,,,,,,,,,,,,,,,
2014-03-05,,,,,,,,,,,2526.0,,,,,,,,,,,,,,,,,,,,,,,,,,,
2014-03-06,,,,,,,,,,,,,,,,,,,,,,,,,,,,,,,,,,,,,,
2014-03-07,,,,,,,,,,,2504.0,,,,,,,,,,,,,,,,,,,,,,,,,,,
2014-03-10,,,,,,,,,,,2491.0,,,,,,,,,,,,,,,,,,,,,,,,,,,
2014-03-11,,,,,,,,,,,2502.0,,,,,,,,,,,,,,,,,,,,,,,,,,,
2014-03-12,,,,,,,,,,,2504.0,,,,,,,,,,,,,,,,,,,,,,,,,,,
2014-03-13,,,,,,,,,,,2518.0,,,,,,,,,,,,,,,,,,,,,,,,,,,
2014-03-14,,,,,,,,,,,,,,,,,,,,,,,,,,,,,,,,,,,,,,
2014-03-17,,,,,,,,,,,,,,,,,,,,,,,,,,,,,,,,,,,,,,
2014-03-18,,,,,,,,,2575.0,,,,,,,,,,,,,,,,,,,,,,,,,,,,,
2014-03-19,,,,,,,,,,,2496.0,,,,,,,,,,,,,,,,,,,,,,,,,,,
2014-03-20,,,,,,,,,2511.0,,,,,,,,,,,,,,,,,,,,,,,,,,,,,
2014-03-21,,,,,,,,,2500.0,,2509.0,,,,,,,,,,,,,,,,,,,,,,,,,,,
2014-03-24,,,,,,,,,,,,,,,,,,,,,,,,,,,,,,,,,,,,,,
2014-03-25,,,,,,,,,,,2514.0,,,,,,,,,,,,,,,,,,,,,,,,,,,
2014-03-26,,,,,,,,,,,,,,,,,,,,,,,,,,,,,,,,,,,,,,
2014-03-27,,,,,,,,,2500.0,,,,,,,,,,,,,,,,,,,,,,,,,,,,,
2014-03-28,,,,,,,,,,,2513.0,,,,,,,,,,,,,,,,,,,,,,,,,,,
2014-03-31,,,,,,,,,,,2507.0,,,,,,,,,,,,,,,,,,,,,,,,,,,
2014-04-01,,,,,,,,,,,2506.0,,,,,,,,,,,,,,,,,,,,,,,,,,,
2014-04-02,,,,,,,,,,,,,,,,,,,,,,,,,,,,,,,,,,,,,,
2014-04-03,,,,,,,,,,,,,,,,,,,,,,,,,,,,,,,,,,,,,,
2014-04-04,,,,,,,,,,,,,,,,,,,,,,,,,,,,,,,,,,,,,,
2014-04-08,,,,,,,,,2387.0,,,,2518.0,,,,,,,,,,,,,,,,,,,,,,,,,
2014-04-09,,,,,,,,,2387.0,,,,,,,,,,,,,,,,,,,,,,,,,,,,,
2014-04-10,,,,,,,,,,,,2407.0,,,,,,,,,,,,,,,,,,,,,,,,,,
2014-04-11,,,,,,,,,2330.0,,2490.0,,,,,,,,,,,,,,,,,,,,,,,,,,,
2014-04-14,,,,,,,,,,,2495.0,,2490.0,2540.0,,,,,,,,,,,,,,,,,,,,,,,,
2014-04-15,,,,,,,,,,,,,,,,,,,,,,,,,,,,,,,,,,,,,,
2014-04-16,,,,,,,,,2350.0,,2509.0,,,,,,,,,,,,,,,,,,,,,,,,,,,
2014-04-17,,,,,,,,,2350.0,,,,,,,,,,,,,,,,,,,,,,,,,,,,,
2014-04-18,,,,,,,,,2360.0,,2490.0,,,,,,,,,,,,,,,,,,,,,,,,,,,
2014-04-21,,,,,,,,,2351.0,,2490.0,,,,,,,,,,,,,,,,,,,,,,,,,,,
2014-04-22,,,,,,,,,,,,,,,,,,,,,,,,,,,,,,,,,,,,,,
2014-04-23,,,,,,,,,2350.0,,,,,,,,,,,,,,,,,,,,,,,,,,,,,
2014-04-24,,,,,,,,,,,,,,,,,,,,,,,,,,,,,,,,,,,,,,
2014-04-25,,,,,,,,,2350.0,,,,,,,,,,,,,,,,,,,,,,,,,,,,,
2014-04-28,,,,,,,,,2330.0,,,,,,,,,,,,,,,,,,,,,,,,,,,,,
2014-04-29,,,,,,,,,,,,,,,,,,,,,,,,,,,,,,,,,,,,,,
2014-04-30,,,,,,,,,,,,,,,,,,,,,,,,,,,,,,,,,,,,,,
2014-05-05,,,,,,,,,,,,,,,,,,,,,,,,,,,,,,,,,,,,,,
2014-05-06,,,,,,,,,,,,,,,,,,,,,,,,,,,,,,,,,,,,,,
2014-05-07,,,,,,,,,,,,,,,,,,,,,,,,,,,,,,,,,,,,,,
2014-05-08,,,,,,,,,,,2476.0,,,,,,,,,,,,,,,,,,,,,,,,,,,
2014-05-09,,,,,,,,,,,2500.0,,,,,,,,,,,,,,,,,,,,,,,,,,,
2014-05-12,,,,,,,,,,,2505.0,,,,,,,,,,,,,,,,,,,,,,,,,,,
2014-05-13,,,,,,,,,,,2507.0,,,,,,,,,,,,,,,,,,,,,,,,,,,
2014-05-14,,,,,,,,,,2399.0,2518.0,,,,,,,,,,,,,,,,,,,,,,,,,,,
2014-05-15,,,,,,,,,,,,,,,,,,,,,,,,,,,,,,,,,,,,,,
2014-05-16,,,,,,,,,,,,,,,,,,,,,,,,,,,,,,,,,,,,,,
2014-05-19,,,,,,,,,,,,,,,,,,,,,,,,,,,,,,,,,,,,,,
2014-05-20,,,,,,,,,,,2512.0,,,,,,,,,,,,,,,,,,,,,,,,,,,
2014-05-21,,,,,,,,,,,,,,,,,,,,,,,,,,,,,,,,,,,,,,
2014-05-22,,,,,,,,,,,,,,,,,,,,,,,,,,,,,,,,,,,,,,
2014-05-23,,,,,,,,,,,,,,,,,,,,,,,,,,,,,,,,,,,,,,
2014-05-26,,,,,,,,,,,2475.0,,,,,,,,,,,,,,,,,,,,,,,,,,,
2014-05-27,,,,,,,,,,,2433.0,,,,,,,,,,,,,,,,,,,,,,,,,,,
2014-05-28,,,,,,,,,,,,,,,,,,,,,,,,,,,,,,,,,,,,,,
2014-05-29,,,,,,,,,,,,,,,,,,,,,,,,,,,,,,,,,,,,,,
2014-05-30,,,,,,,,,,,,,,,,,,,,,,,,,,,,,,,,,,,,,,
2014-06-03,,,,,,,,,,,,,,,,,,,,,,,,,,,,,,,,,,,,,,
2014-06-04,,,,,,,,,,,,,,,,,,,,,,,,,,,,,,,,,,,,,,
2014-06-05,,,,,,,,,,,,,,,,,,,,,,,,,,,,,,,,,,,,,,
2014-06-06,,,,,,,,,,,,,,,,,,,,,,,,,,,,,,,,,,,,,,
2014-06-09,,,,,,,,,,,,,,,,,,,,,,,,,,,,,,,,,,,,,,
2014-06-10,,,,,,,,,,,,,,,,,,,,,,,,,,,,,,,,,,,,,,
2014-06-11,,,,,,,,,,,,,,,,,,,,,,,,,,,,,,,,,,,,,,
2014-06-12,,,,,,,,,,,,,,,,,,,,,,,,,,,,,,,,,,,,,,
2014-06-13,,,,,,,,,,,,,,,,,,,,,,,,,,,,,,,,,,,,,,
2014-06-16,,,,,,,,,,,,,,,,,,,,,,,,,,,,,,,,,,,,,,
2014-06-17,,,,,,,,,,,,,,,,,,,,,,,,,,,,,,,,,,,,,,
2014-06-18,,,,,,,,,,,,,,,,,,,,,,,,,,,,,,,,,,,,,,
2014-06-19,,,,,,,,,,,,,,,,,,,,,,,,,,,,,,,,,,,,,,
2014-06-20,,,,,,,,,,,,,,,,,,,,,,,,,,,,,,,,,,,,,,
2014-06-23,,,,,,,,,,,,,,,,,,,,,,,,,,,,,,,,,,,,,,
2014-06-24,,,,,,,,,,,2479.0,,,,,,,,,,,,,,,,,,,,,,,,,,,
2014-06-25,,,,,,,,,,,,,,,,,,,,,,,,,,,,,,,,,,,,,,
2014-06-26,,,,,,,,,,,,,,,,,,,,,,,,,,,,,,,,,,,,,,
2014-06-27,,,,,,,,,,,,,,,,,,,,,,,,,,,,,,,,,,,,,,
2014-06-30,,,,,,,,,,,2499.0,,,,,,,,,,,,,,,,,,,,,,,,,,,
2014-07-01,,,,,,,,,,,,,,,,,,,,,,,,,,,,,,,,,,,,,,
2014-07-02,,,,,,,,,,,,,,,,,,,,,,,,,,,,,,,,,,,,,,
2014-07-03,,,,,,,,,,,,,,,,,,,,,,,,,,,,,,,,,,,,,,
2014-07-04,,,,,,,,,,,,,,,,,,,,,,,,,,,,,,,,,,,,,,
2014-07-07,,,,,,,,,,,,,,,,,,,,,,,,,,,,,,,,,,,,,,
2014-07-08,,,,,,,,,,,,,,,,,,,,,,,,,,,,,,,,,,,,,,
2014-07-09,,,,,,,,,,,,,,,,,,,,,,,,,,,,,,,,,,,,,,
2014-07-10,,,,,,,,,,,,,,,,,,,,,,,,,,,,,,,,,,,,,,
2014-07-11,,,,,,,,,,,,,,,,,,,,,,,,,,,,,,,,,,,,,,
2014-07-14,,,,,,,,,,,,,,,,,,,,,,,,,,,,,,,,,,,,,,
2014-07-15,,,,,,,,,,,,,,,,,,,,,,,,,,,,,,,,,,,,,,
2014-07-16,,,,,,,,,,,,,,,,,,,,,,,,,,,,,,,,,,,,,,
2014-07-17,,,,,,,,,,,2516.0,,,,,,,,,,,,,,,,,,,,,,,,,,,
2014-07-18,,,,,,,,,,,,,,,,,,,,,,,,,,,,,,,,,,,,,,
2014-07-21,,,,,,,,,,,,,,,,,,,,,,,,,,,,,,,,,,,,,,
2014-07-22,,,,,,,,,,,,,,,,,,,,,,,,,,,,,,,,,,,,,,
2014-07-23,,,,,,,,,,,,,,,,,,,,,,,,,,,,,,,,,,,,,,
2014-07-24,,,,,,,,,,,,,,,,,,,,,,,,,,,,,,,,,,,,,,
2014-07-25,,,,,,,,,,,,,,,,,,,,,,,,,,,,,,,,,,,,,,
2014-07-28,,,,,,,,,,,,,,,,2429.0,,,,,,,,,,,,,,,,,,,,,,
2014-07-29,,,,,,,,,,,,,,,,,,,,,,,,,,,,,,,,,,,,,,
2014-07-30,,,,,,,,,,,,,,,,,,,,,,,,,,,,,,,,,,,,,,
2014-07-31,,,,,,,,,,,2415.0,,,,,,,,,,,,,,,,,,,,,,,,,,,
2014-08-01,,,,,,,,,,,,,,,,,,,,,,,,,,,,,,,,,,,,,,
2014-08-04,,,,,,,,,,,2502.0,,,,,,,,,,,,,,,,,,,,,,,,,,,
2014-08-05,,,,,,,,,,,,,,,,2371.0,,,,,,,,,,,,,,,,,,,,,,
2014-08-06,,,,,,,,,,,,,,,,,,,,,,,,,,,,,,,,,,,,,,
2014-08-07,,,,,,,,,,,,,,,,2420.0,,,,,,,,,,,,,,,,,,,,,,
2014-08-08,,,,,,,,,,,,,,,,,,,,,,,,,,,,,,,,,,,,,,
2014-08-11,,,,,,,,,,,,,,,,,,,,,,,,,,,,,,,,,,,,,,
2014-08-12,,,,,,,,,,,,,,,,,,,,,,,,,,,,,,,,,,,,,,
2014-08-13,,,,,,,,,,,,,2424.0,,,,,,,,,,,,,,,,,,,,,,,,,
2014-08-14,,,,,,,,,,,,,2412.0,,,2460.0,,,,,,,,,,,,,,,,,,,,,,
2014-08-15,,,,,,,,,,,,,,,,,,,,,,,,,,,,,,,,,,,,,,
2014-08-18,,,,,,,,,,,,,2528.0,,,,,,,,,,,,,,,,,,,,,,,,,
2014-08-19,,,,,,,,,,,,,,,,,,,,,,,,,,,,,,,,,,,,,,
2014-08-20,,,,,,,,,,,,,,,,,,,,,,,,,,,,,,,,,,,,,,
2014-08-21,,,,,,,,,,,2499.0,,2469.0,,,2446.0,,,,,,,,,,,,,,,,,,,,,,
2014-08-22,,,,,,,,,,,,,,,,,,,,,,,,,,,,,,,,,,,,,,
2014-08-25,,,,,,,,,,,,,2534.0,,,2492.0,,,,,,,,,,,,,,,,,,,,,,
2014-08-26,,,,,,,,,,,,,2520.0,,,2497.0,,,,,,,,,,,,,,,,,,,,,,
2014-08-27,,,,,,,,,,,,,2555.0,,,,,,,,,,,,,,,,,,,,,,,,,
2014-08-28,,,,,,,,,,,,,2556.0,,,,,,,,,,,,,,,,,,,,,,,,,
2014-08-29,,,,,,,,,,,,,,,,2523.0,,,,,,,,,,,,,,,,,,,,,,
2014-09-01,,,,,,,,,,,,,,,,,,,,,,,,,,,,,,,,,,,,,,
2014-09-02,,,,,,,,,,,,,,,,,,,,,,,,,,,,,,,,,,,,,,
2014-09-03,,,,,,,,,,,,,,,,,,,,,,,,,,,,,,,,,,,,,,
2014-09-04,,,,,,,,,,,,,,,,,,,,,,,,,,,,,,,,,,,,,,
2014-09-05,,,,,,,,,,,,,,,,,,,,,,,,,,,,,,,,,,,,,,
2014-09-09,,,,,,,,,,,,,2630.0,,,,,,,,,,,,,,,,,,,,,,,,,
2014-09-10,,,,,,,,,,,,,2630.0,,,,,,,,,,,,,,,,,,,,,,,,,
2014-09-11,,,,,,,,,,,,,2629.0,,,2441.0,,,,,,,,,,,,,,,,,,,,,,
2014-09-12,,,,,,,,,,,,,2665.0,,,,,,,,,,,,,,,,,,,,,,,,,
2014-09-15,,,,,,,,,,,,,2660.0,,,,,,,,,,,,,,,,,,,,,,,,,
2014-09-16,,,,,,,,,,,,,2652.0,,2668.0,2519.0,,,,,,,,,,,,,,,,,,,,,,
2014-09-17,,,,,,,,,,,,,,,2670.0,2525.0,,,,,,,,,,,,,,,,,,,,,,
2014-09-18,,,,,,,,,,,,,,,2680.0,,,,,,,,,,,,,,,,,,,,,,,
2014-09-19,,,,,,,,,,,,,2686.0,,2666.0,,,,,,,,,,,,,,,,,,,,,,,
2014-09-22,,,,,,,,,,,,,,,,,,,,,,,,,,,,,,,,,,,,,,
2014-09-23,,,,,,,,,,,,,,,,,,,,,,,,,,,,,,,,,,,,,,
2014-09-24,,,,,,,,,,,,,,,,,,,,,,,,,,,,,,,,,,,,,,
2014-09-25,,,,,,,,,,,,,,,,,,,,,,,,,,,,,,,,,,,,,,
2014-09-26,,,,,,,,,,,,,,,,,,,,,,,,,,,,,,,,,,,,,,
2014-09-29,,,,,,,,,,,,,2651.0,,,,,,,,,,,,,,,,,,,,,,,,,
2014-09-30,,,,,,,,,,,,,2673.0,,,,,,,,,,,,,,,,,,,,,,,,,
2014-10-08,,,,,,,,,,,,,,,,,,,,,,,,,,,,,,,,,,,,,,
2014-10-09,,,,,,,,,,,,,,,,,,,,,,,,,,,,,,,,,,,,,,
2014-10-10,,,,,,,,,,,,,2674.0,,2609.0,,,,,,,,,,,,,,,,,,,,,,,
2014-10-13,,,,,,,,,,,,,2652.0,,,2522.0,,,,,,,,,,,,,,,,,,,,,,
2014-10-14,,,,,,,,,,,,,2679.0,,,,2608.0,,,,,,,,,,,,,,,,,,,,,
2014-10-15,,,,,,,,,,,,,2630.0,,2630.0,,,,,,,,,,,,,,,,,,,,,,,
2014-10-16,,,,,,,,,,,,,2649.0,,,,,,,,,,,,,,,,,,,,,,,,,
2014-10-17,,,,,,,,,,,,,2633.0,,,2528.0,,,,,,,,,,,,,,,,,,,,,,
2014-10-20,,,,,,,,,,,,,2655.0,,,,,,,,,,,,,,,,,,,,,,,,,
2014-10-21,,,,,,,,,,,,,2624.0,,,,,,,,,,,,,,,,,,,,,,,,,
2014-10-22,,,,,,,,,,,,,,,,,,,,,,,,,,,,,,,,,,,,,,
2014-10-23,,,,,,,,,,,,,,,,,,,,,,,,,,,,,,,,,,,,,,
2014-10-24,,,,,,,,,,,,,2651.0,,2613.0,,,,,,,,,,,,,,,,,,,,,,,
2014-10-27,,,,,,,,,,,,,2645.0,,,,,,,,,,,,,,,,,,,,,,,,,
2014-10-28,,,,,,,,,,,,,2631.0,,,,,,,,,,,,,,,,,,,,,,,,,
2014-10-29,,,,,,,,,,,,,2640.0,,2550.0,,,,,,,,,,,,,,,,,,,,,,,
2014-10-30,,,,,,,,,,,,,,,,,,,,,,,,,,,,,,,,,,,,,,
2014-10-31,,,,,,,,,,,,,2635.0,,,,,,,,,,,,,,,,,,,,,,,,,
2014-11-03,,,,,,,,,,,,,2640.0,,,,,,,,,,,,,,,,,,,,,,,,,
2014-11-04,,,,,,,,,,,,,,,,,,,,,,,,,,,,,,,,,,,,,,
2014-11-05,,,,,,,,,,,,,,,,,,,,,,,,,,,,,,,,,,,,,,
2014-11-06,,,,,,,,,,,,,,,,,,,,,,,,,,,,,,,,,,,,,,
2014-11-07,,,,,,,,,,,,,2621.0,,,,,,,,,,,,,,,,,,,,,,,,,
2014-11-10,,,,,,,,,,,,,2642.0,,,,,,,,,,,,,,,,,,,,,,,,,
2014-11-11,,,,,,,,,,,,,,,,,,,,,,,,,,,,,,,,,,,,,,
2014-11-12,,,,,,,,,,,,,2662.0,,,,,,,,,,,,,,,,,,,,,,,,,
2014-11-13,,,,,,,,,,,,,,,,,,,,,,,,,,,,,,,,,,,,,,
2014-11-14,,,,,,,,,,,,,2655.0,,2600.0,,,,,,,,,,,,,,,,,,,,,,,
2014-11-17,,,,,,,,,,,,,2653.0,2470.0,,,,,,,,,,,,,,,,,,,,,,,,
2014-11-18,,,,,,,,,,,,,2641.0,,,,,,,,,,,,,,,,,,,,,,,,,
2014-11-19,,,,,,,,,,,,,2641.0,,,,,,,,,,,,,,,,,,,,,,,,,
2014-11-20,,,,,,,,,,,,,2614.0,,,,,,,,,,,,,,,,,,,,,,,,,
2014-11-21,,,,,,,,,,,,,,,,,,,,,,,,,,,,,,,,,,,,,,
2014-11-24,,,,,,,,,,,,,2627.0,,,,,,,,,,,,,,,,,,,,,,,,,
2014-11-25,,,,,,,,,,,,,2649.0,,,,,,,,,,,,,,,,,,,,,,,,,
2014-11-26,,,,,,,,,,,,,2647.0,,,,,,,,,,,,,,,,,,,,,,,,,
2014-11-27,,,,,,,,,,,,,2650.0,,,,,,,,,,,,,,,,,,,,,,,,,
2014-11-28,,,,,,,,,,,,,2659.0,,,,,,,,,,,,,,,,,,,,,,,,,
2014-12-01,,,,,,,,,,,,,2665.0,,,,,,,,,,,,,,,,,,,,,,,,,
2014-12-02,,,,,,,,,,,,,,,2595.0,,,,,,,,,,,,,,,,,,,,,,,
2014-12-03,,,,,,,,,,,,,,,,,,,,,,,,,,,,,,,,,,,,,,
2014-12-04,,,,,,,,,,,,,2621.0,,,2502.0,2574.0,2673.0,,,,,,,,,,,,,,,,,,,,
2014-12-05,,,,,,,,,,,,,2631.0,,,,,,,,,,,,,,,,,,,,,,,,,
2014-12-08,,,,,,,,,,,,,,,,,2500.0,,,,,,,,,,,,,,,,,,,,,
2014-12-09,,,,,,,,,,,,,,,2575.0,,,,,,,,,,,,,,,,,,,,,,,
2014-12-10,,,,,,,,,,,,,,,,,,,,,,,,,,,,,,,,,,,,,,
2014-12-11,,,,,,,,,,,,,,,,,,,,,,,,,,,,,,,,,,,,,,
2014-12-12,,,,,,,,,,,,,,,,,,,,,,,,,,,,,,,,,,,,,,
2014-12-15,,,,,,,,,,,,,2566.0,,,,,,,,,,,,,,,,,,,,,,,,,
2014-12-16,,,,,,,,,,,,,,,,,,,,,,,,,,,,,,,,,,,,,,
2014-12-17,,,,,,,,,,,,,,,,,,,,,,,,,,,,,,,,,,,,,,
2014-12-18,,,,,,,,,,,,,,,,,,,,,,,,,,,,,,,,,,,,,,
2014-12-19,,,,,,,,,,,,,,,,,,,,,,,,,,,,,,,,,,,,,,
2014-12-22,,,,,,,,,,,,,,,,,,,,,,,,,,,,,,,,,,,,,,
2014-12-23,,,,,,,,,,,,,,,,,,,,,,,,,,,,,,,,,,,,,,
2014-12-24,,,,,,,,,,,,,,,,,,,,,,,,,,,,,,,,,,,,,,
2014-12-25,,,,,,,,,,,,,2645.0,,,,,,,,,,,,,,,,,,,,,,,,,
2014-12-26,,,,,,,,,,,,,,,,,,,,,,,,,,,,,,,,,,,,,,
2014-12-29,,,,,,,,,,,,,2639.0,,,,,,,,,,,,,,,,,,,,,,,,,
2014-12-30,,,,,,,,,,,,,,,,,2548.0,,,,,,,,,,,,,,,,,,,,,
2014-12-31,,,,,,,,,,,,,2646.0,,,,2506.0,,,,,,,,,,,,,,,,,,,,,
2015-01-05,,,,,,,,,,,,,,,,,,,,,,,,,,,,,,,,,,,,,,
2015-01-06,,,,,,,,,,,,,2650.0,,,,,,,,,,,,,,,,,,,,,,,,,
2015-01-07,,,,,,,,,,,,,,,,,,,,,,,,,,,,,,,,,,,,,,
2015-01-08,,,,,,,,,,,,,,,,,,2643.0,,,,,,,,,,,,,,,,,,,,
2015-01-09,,,,,,,,,,,,,,,,,,,,,,,,,,,,,,,,,,,,,,
2015-01-12,,,,,,,,,,,,,,,,,2520.0,,,,,,,,,,,,,,,,,,,,,
2015-01-13,,,,,,,,,,,,,,,,,2511.0,,,,,,,,,,,,,,,,,,,,,
2015-01-14,,,,,,,,,,,,,,,,,,,,,,,,,,,,,,,,,,,,,,
2015-01-15,,,,,,,,,,,,,,,,,,,,,,,,,,,,,,,,,,,,,,
2015-01-16,,,,,,,,,,,,,,,,,,,,,,,,,,,,,,,,,,,,,,
2015-01-19,,,,,,,,,,,,,,,2598.0,,,,,,,,,,,,,,,,,,,,,,,
2015-01-20,,,,,,,,,,,,,,,,,,,,,,,,,,,,,,,,,,,,,,
2015-01-21,,,,,,,,,,,,,,2423.0,,,,,,,,,,,,,,,,,,,,,,,,
2015-01-22,,,,,,,,,,,,,,2326.0,,,,,2336.0,,,,,,,,,,,,,,,,,,,
2015-01-23,,,,,,,,,,,,,,,2699.0,,2524.0,2537.0,,,,,,,,,,,,,,,,,,,,
2015-01-26,,,,,,,,,,,,,,,,,,,,,,,,,,,,,,,,,,,,,,
2015-01-27,,,,,,,,,,,,,,,2611.0,,,,,,,,,,,,,,,,,,,,,,,
2015-01-28,,,,,,,,,,,,,,,2602.0,,,,,,,,,,,,,,,,,,,,,,,
2015-01-29,,,,,,,,,,,,,,,2628.0,,2514.0,,,,,,,,,,,,,,,,,,,,,
2015-01-30,,,,,,,,,,,,,,,,,,,,,,,,,,,,,,,,,,,,,,
2015-02-02,,,,,,,,,,,,,,,2575.0,,,,,,,,,,,,,,,,,,,,,,,
2015-02-03,,,,,,,,,,,,,,,,,,,,,,,,,,,,,,,,,,,,,,
2015-02-04,,,,,,,,,,,,,,,,,,,,,,,,,,,,,,,,,,,,,,
2015-02-05,,,,,,,,,,,,,,,,,,,,,,,,,,,,,,,,,,,,,,
2015-02-06,,,,,,,,,,,,,,,,,,,,,,,,,,,,,,,,,,,,,,
2015-02-09,,,,,,,,,,,,,,,,,,,,,,,,,,,,,,,,,,,,,,
2015-02-10,,,,,,,,,,,,,,,,,,,,,,,,,,,,,,,,,,,,,,
2015-02-11,,,,,,,,,,,,,,,,,,2439.0,,,,,,,,,,,,,,,,,,,,
2015-02-12,,,,,,,,,,,,,,,,,,,,,,,,,,,,,,,,,,,,,,
2015-02-13,,,,,,,,,,,,,,,,,2514.0,2465.0,,,,,,,,,,,,,,,,,,,,
2015-02-16,,,,,,,,,,,,,,,,,,,,,,,,,,,,,,,,,,,,,,
2015-02-17,,,,,,,,,,,,,,,,,2550.0,,,,,,,,,,,,,,,,,,,,,
2015-02-25,,,,,,,,,,,,,,,,,,,,,,,,,,,,,,,,,,,,,,
2015-02-26,,,,,,,,,,,,,,,,,,,,,,,,,,,,,,,,,,,,,,
2015-02-27,,,,,,,,,,,,,,,,,,,2564.0,,,,,,,,,,,,,,,,,,,
2015-03-02,,,,,,,,,,,,,,,,,,2584.0,,,,,,,,,,,,,,,,,,,,
2015-03-03,,,,,,,,,,,,,,,,,,,,,,,,,,,,,,,,,,,,,,
2015-03-04,,,,,,,,,,,,,,,,,,,,,,,,,,,,,,,,,,,,,,
2015-03-05,,,,,,,,,,,,,,,,,,,,,,,,,,,,,,,,,,,,,,
2015-03-06,,,,,,,,,,,,,,,,,,,,,,,,,,,,,,,,,,,,,,
2015-03-09,,,,,,,,,,,,,,,,,,,,,,,,,,,,,,,,,,,,,,
2015-03-10,,,,,,,,,,,,,,,,,,,,,,,,,,,,,,,,,,,,,,
2015-03-11,,,,,,,,,,,,,,,,,,,,,,,,,,,,,,,,,,,,,,
2015-03-12,,,,,,,,,,,,,,,,,,,,,,,,,,,,,,,,,,,,,,
2015-03-13,,,,,,,,,,,,,,,,,,,,,,,,,,,,,,,,,,,,,,
2015-03-16,,,,,,,,,,,,,,,,,,,,,,,,,,,,,,,,,,,,,,
2015-03-17,,,,,,,,,,,,,,,,,,,,,,,,,,,,,,,,,,,,,,
2015-03-18,,,,,,,,,,,,,,,2520.0,,,,,,,,,,,,,,,,,,,,,,,
2015-03-19,,,,,,,,,,,,,,,,,,,,,,,,,,,,,,,,,,,,,,
2015-03-20,,,,,,,,,,,,,,,,,,,,,,,,,,,,,,,,,,,,,,
2015-03-23,,,,,,,,,,,,,,,,,,,,,,,,,,,,,,,,,,,,,,
2015-03-24,,,,,,,,,,,,,,,,,,,,,,,,,,,,,,,,,,,,,,
2015-03-25,,,,,,,,,,,,,,,,,,,,,,,,,,,,,,,,,,,,,,
2015-03-26,,,,,,,,,,,,,,,,,,,,,,,,,,,,,,,,,,,,,,
2015-03-27,,,,,,,,,,,,,,,,,,,,,,,,,,,,,,,,,,,,,,
2015-03-30,,,,,,,,,,,,,,,,,,,,,,,,,,,,,,,,,,,,,,
2015-03-31,,,,,,,,,,,,,,,2569.0,,,,,,,,,,,,,,,,,,,,,,,
2015-04-01,,,,,,,,,,,,,,,,,,,,,,,,,,,,,,,,,,,,,,
2015-04-02,,,,,,,,,,,,,,,,,,,,,,,,,,,,,,,,,,,,,,
2015-04-03,,,,,,,,,,,,,,,2699.0,,,,,,,,,,,,,,,,,,,,,,,
2015-04-07,,,,,,,,,,,,,,,2593.0,,,,,,,,,,,,,,,,,,,,,,,
2015-04-08,,,,,,,,,,,,,,,2521.0,,2588.0,,,,,,,,,,,,,,,,,,,,,
2015-04-09,,,,,,,,,,,,,,,,,,,,,,,,,,,,,,,,,,,,,,
2015-04-10,,,,,,,,,,,,,,,,,2510.0,,,,,,,,,,,,,,,,,,,,,
2015-04-13,,,,,,,,,,,,,,,,,,,,,,,,,,,,,,,,,,,,,,
2015-04-14,,,,,,,,,,,,,,,,,2546.0,,,,,,,,,,,,,,,,,,,,,
2015-04-15,,,,,,,,,,,,,,,,,,,,,,,,,,,,,,,,,,,,,,
2015-04-16,,,,,,,,,,,,,,,,,,,2569.0,,,,,,,,,,,,,,,,,,,
2015-04-17,,,,,,,,,,,,,,,,,,,,,,,,,,,,,,,,,,,,,,
2015-04-20,,,,,,,,,,,,,,,2524.0,,,,,,,,,,,,,,,,,,,,,,,
2015-04-21,,,,,,,,,,,,,,,2451.0,,,,,,,,,,,,,,,,,,,,,,,
2015-04-22,,,,,,,,,,,,,,,,,,,,,,,,,,,,,,,,,,,,,,
2015-04-23,,,,,,,,,,,,,,,2619.0,,,,,,,,,,,,,,,,,,,,,,,
2015-04-24,,,,,,,,,,,,,,,,,,,,,,,,,,,,,,,,,,,,,,
2015-04-27,,,,,,,,,,,,,,,,,,,,2362.0,,,,,,,,,,,,,,,,,,
2015-04-28,,,,,,,,,,,,,,,,,,,,,,,,,,,,,,,,,,,,,,
2015-04-29,,,,,,,,,,,,,,,2660.0,,,,,,,,,,,,,,,,,,,,,,,
2015-04-30,,,,,,,,,,,,,,,,,,,,,,,,,,,,,,,,,,,,,,
2015-05-04,,,,,,,,,,,,,,,,,,,,,,,,,,,,,,,,,,,,,,
2015-05-05,,,,,,,,,,,,,,,,,,,,,,,,,,,,,,,,,,,,,,
2015-05-06,,,,,,,,,,,,,,,,,2628.0,,,,,,,,,,,,,,,,,,,,,
2015-05-07,,,,,,,,,,,,,,,,,,,,,,,,,,,,,,,,,,,,,,
2015-05-08,,,,,,,,,,,,,,,,,,,,,,,,,,,,,,,,,,,,,,
2015-05-11,,,,,,,,,,,,,,,,,2433.0,,,,,,,,,,,,,,,,,,,,,
2015-05-12,,,,,,,,,,,,,,,,,2531.0,,,,,,,,,,,,,,,,,,,,,
2015-05-13,,,,,,,,,,,,,,,,,2496.0,,,,,,,,,,,,,,,,,,,,,
2015-05-14,,,,,,,,,,,,,,,,,2452.0,,,,,,,,,,,,,,,,,,,,,
2015-05-15,,,,,,,,,,,,,,,,,2446.0,,,,,,,,,,,,,,,,,,,,,
2015-05-18,,,,,,,,,,,,,,,,,,,,,,,,,,,,,,,,,,,,,,
2015-05-19,,,,,,,,,,,,,,,,,2494.0,2398.0,,,,,,,,,,,,,,,,,,,,
2015-05-20,,,,,,,,,,,,,,,,,,,,,2648.0,,,,,,,,,,,,,,,,,
2015-05-21,,,,,,,,,,,,,,,,,,,,,,,,,,,,,,,,,,,,,,
2015-05-22,,,,,,,,,,,,,,,,,,,,,,,,,,,,,,,,,,,,,,
2015-05-25,,,,,,,,,,,,,,,,,,,,,,,,,,,,,,,,,,,,,,
2015-05-26,,,,,,,,,,,,,,,,,,,,,,,,,,,,,,,,,,,,,,
2015-05-27,,,,,,,,,,,,,,,,,,2494.0,,,,,,,,,,,,,,,,,,,,
2015-05-28,,,,,,,,,,,,,,,,,,2546.0,,,2748.0,,,,,,,,,,,,,,,,,
2015-05-29,,,,,,,,,,,,,,,,,,,,,,,,,,,,,,,,,,,,,,
2015-06-01,,,,,,,,,,,,,,,,,,,2578.0,,,,,,,,,,,,,,,,,,,
2015-06-02,,,,,,,,,,,,,,,,,,,,,,,,,,,,,,,,,,,,,,
2015-06-03,,,,,,,,,,,,,,,,,,,,,,,,,,,,,,,,,,,,,,
2015-06-04,,,,,,,,,,,,,,,,,,,,,,,,,,,,,,,,,,,,,,
2015-06-05,,,,,,,,,,,,,,,,,,2482.0,,,,,,,,,,,,,,,,,,,,
2015-06-08,,,,,,,,,,,,,,,,,,2559.0,,,,,,,,,,,,,,,,,,,,
2015-06-09,,,,,,,,,,,,,,,,,,,,,,,,,,,,,,,,,,,,,,
2015-06-10,,,,,,,,,,,,,,,,,,,,,2735.0,,,,,,,,,,,,,,,,,
2015-06-11,,,,,,,,,,,,,,,,,,,,,,,,,,,,,,,,,,,,,,
2015-06-12,,,,,,,,,,,,,,,,,,,,,2715.0,,,,,,,,,,,,,,,,,
2015-06-15,,,,,,,,,,,,,,,,,,,,,,,,,,,,,,,,,,,,,,
2015-06-16,,,,,,,,,,,,,,,,,,,2580.0,,,,,,,,,,,,,,,,,,,
2015-06-17,,,,,,,,,,,,,,,,,,,2638.0,,,,,,,,,,,,,,,,,,,
2015-06-18,,,,,,,,,,,,,,,,,,,2680.0,,,,,,,,,,,,,,,,,,,
2015-06-19,,,,,,,,,,,,,,,,2253.0,,2512.0,,,2634.0,,,,,,,,,,,,,,,,,
2015-06-23,,,,,,,,,,,,,,,,,,,2622.0,,2629.0,,,,,,,,,,,,,,,,,
2015-06-24,,,,,,,,,,,,,,,,,,,,,2699.0,,,,,,,,,,,,,,,,,
2015-06-25,,,,,,,,,,,,,,,,,,,,,2581.0,,,,,,,,,,,,,,,,,
2015-06-26,,,,,,,,,,,,,,,,,,,2624.0,,,,,,,,,,,,,,,,,,,
2015-06-29,,,,,,,,,,,,,,,,,,,,,,,,,,,,,,,,,,,,,,
2015-06-30,,,,,,,,,,,,,,,,,,,2580.0,,2722.0,,,,,,,,,,,,,,,,,
2015-07-01,,,,,,,,,,,,,,,,,,,2586.0,,2739.0,,,,,,,,,,,,,,,,,
2015-07-02,,,,,,,,,,,,,,,,,,,2664.0,,,,,,,,,,,,,,,,,,,
2015-07-03,,,,,,,,,,,,,,,,,,,2573.0,,2681.0,,,,,,,,,,,,,,,,,
2015-07-06,,,,,,,,,,,,,,,,,,,2498.0,,2638.0,,,,,,,,,,,,,,,,,
2015-07-07,,,,,,,,,,,,,,,,,,,,,,,,,,,,,,,,,,,,,,
2015-07-08,,,,,,,,,,,,,,,,,,,2525.0,,2476.0,,,,,,,,,,,,,,,,,
2015-07-09,,,,,,,,,,,,,,,,,2361.0,,2500.0,,2470.0,,,,,,,,,,,,,,,,,
2015-07-10,,,,,,,,,,,,,,,,,,,,,,,,,,,,,,,,,,,,,,
2015-07-13,,,,,,,,,,,,,,,,,,,,,,,,,,,,,,,,,,,,,,
2015-07-14,,,,,,,,,,,,,,,,,,,,,,,,,,,,,,,,,,,,,,
2015-07-15,,,,,,,,,,,,,,,,,,2418.0,,,,,,,,,,,,,,,,,,,,
2015-07-16,,,,,,,,,,,,,,,,,,2528.0,,,2404.0,,,,,,,,,,,,,,,,,
2015-07-17,,,,,,,,,,,,,,,,,,,,,,,,,,,,,,,,,,,,,,
2015-07-20,,,,,,,,,,,,,,,,,,,,,,,,,,,,,,,,,,,,,,
2015-07-21,,,,,,,,,,,,,,,,,,,,,,,,,,,,,,,,,,,,,,
2015-07-22,,,,,,,,,,,,,,,,,2361.0,,,,,,,,,,,,,,,,,,,,,
2015-07-23,,,,,,,,,,,,,,,,,2361.0,2520.0,,,,,,,,,,,,,,,,,,,,
2015-07-24,,,,,,,,,,,,,,,,,,,2408.0,,,,,,,,,,,,,,,,,,,
2015-07-27,,,,,,,,,,,,,,,,,,,,,,,,,,,,,,,,,,,,,,
2015-07-28,,,,,,,,,,,,,,,,,,,,,,,,,,,,,,,,,,,,,,
2015-07-29,,,,,,,,,,,,,,,,,,,,,,,,,,,,,,,,,,,,,,
2015-07-30,,,,,,,,,,,,,,,,,,,,,,,,,,,,,,,,,,,,,,
2015-07-31,,,,,,,,,,,,,,,,,,,,,,,,,,,,,,,,,,,,,,
2015-08-03,,,,,,,,,,,,,,,,,,,,,,2260.0,,,,,,,,,,,,,,,,
2015-08-04,,,,,,,,,,,,,,,,,,,,,,,,,,,,,,,,,,,,,,
2015-08-05,,,,,,,,,,,,,,,,,,,2399.0,,,,,,,,,,,,,,,,,,,
2015-08-06,,,,,,,,,,,,,,,,,,2620.0,,,,,,,,,,,,,,,,,,,,
2015-08-07,,,,,,,,,,,,,,,,,,2537.0,,,,2470.0,,,,,,,,,,,,,,,,
2015-08-10,,,,,,,,,,,,,,,,,,,,,,,,,,,,,,,,,,,,,,
2015-08-11,,,,,,,,,,,,,,,,,2277.0,,2385.0,,,,,,,,,,,,,,,,,,,
2015-08-12,,,,,,,,,,,,,,,,,,,,,,,,,,,,,,,,,,,,,,
2015-08-13,,,,,,,,,,,,,,,,,,,2337.0,,2470.0,,,,,,,,,,,,,,,,,
2015-08-14,,,,,,,,,,,,,,,,,,,,,,,,,,,,,,,,,,,,,,
2015-08-17,,,,,,,,,,,,,,,,,,,,,2371.0,,,,,,,,,,,,,,,,,
2015-08-18,,,,,,,,,,,,,,,,,,,,,,,,,,,,,,,,,,,,,,
2015-08-19,,,,,,,,,,,,,,,,,,,,,,,,,,,,,,,,,,,,,,
2015-08-20,,,,,,,,,,,,,,,,,,,,,,,,,,,,,,,,,,,,,,
2015-08-21,,,,,,,,,,,,,,,,,,,,2402.0,,,,,,,,,,,,,,,,,,
2015-08-24,,,,,,,,,,,,,,,,,,,,,,,,,,,,,,,,,,,,,,
2015-08-25,,,,,,,,,,,,,,,,,,,,,,,,,,,,,,,,,,,,,,
2015-08-26,,,,,,,,,,,,,,,,,,,2400.0,,,,,,,,,,,,,,,,,,,
2015-08-27,,,,,,,,,,,,,,,,,,,,,,,,,,,,,,,,,,,,,,
2015-08-28,,,,,,,,,,,,,,,,,,,,,,,,,,,,,,,,,,,,,,
2015-08-31,,,,,,,,,,,,,,,,,,,,,,,,,,,,,,,,,,,,,,
2015-09-01,,,,,,,,,,,,,,,,,2274.0,,,,,,,,,,,,,,,,,,,,,
2015-09-02,,,,,,,,,,,,,,,,,,,2381.0,,,,,,,,,,,,,,,,,,,
2015-09-07,,,,,,,,,,,,,,,,,,2231.0,2421.0,,,,,,,,,,,,,,,,,,,
2015-09-08,,,,,,,,,,,,,,,,,,,,,,,,,,,,,,,,,,,,,,
2015-09-09,,,,,,,,,,,,,,,,,,,,,,,,,,,,,,,,,,,,,,
2015-09-10,,,,,,,,,,,,,,,,,,,,,,,,,,,,,,,,,,,,,,
2015-09-11,,,,,,,,,,,,,,,,,,,,,,,,,,,,,,,,,,,,,,
2015-09-14,,,,,,,,,,,,,,,,,,,,,,,,,,,,,,,,,,,,,,
2015-09-15,,,,,,,,,,,,,,,,,,,2359.0,,,,,,,,,,,,,,,,,,,
2015-09-16,,,,,,,,,,,,,,,,,,,2356.0,,,,,,,,,,,,,,,,,,,
2015-09-17,,,,,,,,,,,,,,,,,,,,,,,,,,,,,,,,,,,,,,
2015-09-18,,,,,,,,,,,,,,,,,,,,,,,,,,,,,,,,,,,,,,
2015-09-21,,,,,,,,,,,,,,,,,,,,,,,,,,,,,,,,,,,,,,
2015-09-22,,,,,,,,,,,,,,,,,,,,,,,,,,,,,,,,,,,,,,
2015-09-23,,,,,,,,,,,,,,,,,,,,,,,,,,,,,,,,,,,,,,
2015-09-24,,,,,,,,,,,,,,,,,,,,,,,,,,,,,,,,,,,,,,
2015-09-25,,,,,,,,,,,,,,,,,,,,,,,,,,,,,,,,,,,,,,
2015-09-28,,,,,,,,,,,,,,,,,,,,,,,,,,,,,,,,,,,,,,
2015-09-29,,,,,,,,,,,,,,,,,,,,,,,,,,,,,,,,,,,,,,
2015-09-30,,,,,,,,,,,,,,,,,,,2383.0,,,,,,,,,,,,,,,,,,,
2015-10-08,,,,,,,,,,,,,,,,,,,,,,,,,,,,,,,,,,,,,,
2015-10-09,,,,,,,,,,,,,,,,,,,,,,,,,,,,,,,,,,,,,,
2015-10-12,,,,,,,,,,,,,,,,,,,,,,,,,,,,,,,,,,,,,,
2015-10-13,,,,,,,,,,,,,,,,,,,,,,,,,,,,,,,,,,,,,,
2015-10-14,,,,,,,,,,,,,,,,,,,2389.0,,,,,,,,,,,,,,,,,,,
2015-10-15,,,,,,,,,,,,,,,,,,,2379.0,,,,,,,,,,,,,,,,,,,
2015-10-16,,,,,,,,,,,,,,,,,,,,,,,,,,,,,,,,,,,,,,
2015-10-19,,,,,,,,,,,,,,,,,,,,,,,,,,,,,,,,,,,,,,
2015-10-20,,,,,,,,,,,,,,,,,,,2366.0,,,,,,,,,,,,,,,,,,,
2015-10-21,,,,,,,,,,,,,,,,,,,2333.0,,2380.0,,,,,,,,,,,,,,,,,
2015-10-22,,,,,,,,,,,,,,,,,,,2357.0,,,,,,,,,,,,,,,,,,,
2015-10-23,,,,,,,,,,,,,,,,,,,,,,,,,,,,,,,,,,,,,,
2015-10-26,,,,,,,,,,,,,,,,,,,2386.0,,,,,,,,,,,,,,,,,,,
2015-10-27,,,,,,,,,,,,,,,,,,,2428.0,,,,,,,,,,,,,,,,,,,
2015-10-28,,,,,,,,,,,,,,,,,,,2339.0,,,,,,,,,,,,,,,,,,,
2015-10-29,,,,,,,,,,,,,,,,,,,,,,,,,,,,,,,,,,,,,,
2015-10-30,,,,,,,,,,,,,,,,,,,,,,,,,,,,,,,,,,,,,,
2015-11-02,,,,,,,,,,,,,,,,,,,2366.0,,,,,,,,,,,,,,,,,,,
2015-11-03,,,,,,,,,,,,,,,,,,,2374.0,,,,,,,,,,,,,,,,,,,
2015-11-04,,,,,,,,,,,,,,,,,,,2351.0,,2506.0,,,,,,,,,,,,,,,,,
2015-11-05,,,,,,,,,,,,,,,,,,,2308.0,,,,,,,,,,,,,,,,,,,
2015-11-06,,,,,,,,,,,,,,,,,,,2365.0,,,,,,,,,,,,,,,,,,,
2015-11-09,,,,,,,,,,,,,,,,,,,2349.0,,,,,,,,,,,,,,,,,,,
2015-11-10,,,,,,,,,,,,,,,,,,,,,,,,,,,,,,,,,,,,,,
2015-11-11,,,,,,,,,,,,,,,,,,,,,,,,,,,,,,,,,,,,,,
2015-11-12,,,,,,,,,,,,,,,,,,,,,,,,,,,,,,,,,,,,,,
2015-11-13,,,,,,,,,,,,,,,,,,,,,,,,,,,,,,,,,,,,,,
2015-11-16,,,,,,,,,,,,,,,,,,,,,,,,,,,,,,,,,,,,,,
2015-11-17,,,,,,,,,,,,,,,,,,,,,,,,,,,,,,,,,,,,,,
2015-11-18,,,,,,,,,,,,,,,,,,,,,,,,,,,,,,,,,,,,,,
2015-11-19,,,,,,,,,,,,,,,,,,,,,,,,,,,,,,,,,,,,,,
2015-11-20,,,,,,,,,,,,,,,,,,,,,,,,,,,,,,,,,,,,,,
2015-11-23,,,,,,,,,,,,,,,,,,,,,,,,,,,,,,,,,,,,,,
2015-11-24,,,,,,,,,,,,,,,,,,,,,,,,,,,,,,,,,,,,,,
2015-11-25,,,,,,,,,,,,,,,,,,,2366.0,,,,,,,,,,,,,,,,,,,
2015-11-26,,,,,,,,,,,,,,,,,,,2379.0,,,,,,,,,,,,,,,,,,,
2015-11-27,,,,,,,,,,,,,,,,,,,2413.0,,2553.0,,,,,,,,,,,,,,,,,
2015-11-30,,,,,,,,,,,,,,,,,,,,,,,,,,,,,,,,,,,,,,
2015-12-01,,,,,,,,,,,,,,,,,,,2410.0,,,,,,,,,,,,,,,,,,,
2015-12-02,,,,,,,,,,,,,,,,,,,2410.0,,,,,,,,,,,,,,,,,,,
2015-12-03,,,,,,,,,,,,,,,,,,,2410.0,,,,,,,,,,,,,,,,,,,
2015-12-04,,,,,,,,,,,,,,,,,,,,,,,,,,,,,,,,,,,,,,
2015-12-07,,,,,,,,,,,,,,,,,,,2459.0,,,,,,,,,,,,,,,,,,,
2015-12-08,,,,,,,,,,,,,,,,,,,2450.0,,,,,,,,,,,,,,,,,,,
2015-12-09,,,,,,,,,,,,,,,,,,,2450.0,,,,,,,,,,,,,,,,,,,
2015-12-10,,,,,,,,,,,,,,,,,,,2480.0,,,,,,,,,,,,,,,,,,,
2015-12-11,,,,,,,,,,,,,,,,,,,2540.0,,,,,,,,,,,,,,,,,,,
2015-12-14,,,,,,,,,,,,,,,,,,,2596.0,,,,,,,,,,,,,,,,,,,
2015-12-15,,,,,,,,,,,,,,,,,,,2596.0,,,,,,,,,,,,,,,,,,,
2015-12-16,,,,,,,,,,,,,,,,,,,2629.0,,,,,,,,,,,,,,,,,,,
2015-12-17,,,,,,,,,,,,,,,,,,,2615.0,,,,,,,,,,,,,,,,,,,
2015-12-18,,,,,,,,,,,,,,,,,,,2615.0,,,,,,,,,,,,,,,,,,,
2015-12-21,,,,,,,,,,,,,,,,,,,2615.0,,,,,,,,,,,,,,,,,,,
2015-12-22,,,,,,,,,,,,,,,,,,,2719.0,,,,,,,,,,,,,,,,,,,
2015-12-23,,,,,,,,,,,,,,,,,,,2582.0,,,,,,,,,,,,,,,,,,,
2015-12-24,,,,,,,,,,,,,,,,,,,2472.0,,,,,,,,,,,,,,,,,,,
2015-12-25,,,,,,,,,,,,,,,,,,,2320.0,2373.0,2768.0,,,,,,,,,,,,,,,,,
2015-12-28,,,,,,,,,,,,,,,,,,,2320.0,,,,,,,,,,,,,,,,,,,
2015-12-29,,,,,,,,,,,,,,,,,,,,,,,,,,,,,,,,,,,,,,
2015-12-30,,,,,,,,,,,,,,,,,,,,,,,,,,,,,,,,,,,,,,
2015-12-31,,,,,,,,,,,,,,,,,,,,,,,,,,,,,,,,,,,,,,
2016-01-04,,,,,,,,,,,,,,,,,,,2350.0,,,,,,,,,,,,,,,,,,,
2016-01-05,,,,,,,,,,,,,,,,,,,,,,,,,,,,,,,,,,,,,,
2016-01-06,,,,,,,,,,,,,,,,,,,,,,,2244.0,,,,,,,,,,,,,,,
2016-01-07,,,,,,,,,,,,,,,,,,,,,,,,,,,,,,,,,,,,,,
2016-01-08,,,,,,,,,,,,,,,,,,,,,,,,,,,,,,,,,,,,,,
2016-01-11,,,,,,,,,,,,,,,,,,,,,,,,,,,,,,,,,,,,,,
2016-01-12,,,,,,,,,,,,,,,,,,,,,,,,,,,,,,,,,,,,,,
2016-01-13,,,,,,,,,,,,,,,,,,,,,,,,,,,,,,,,,,,,,,
2016-01-14,,,,,,,,,,,,,,,,,,,,,,,,,,,,,,,,,,,,,,
2016-01-15,,,,,,,,,,,,,,,,,,,,,,,,,,,,,,,,,,,,,,
2016-01-18,,,,,,,,,,,,,,,,,,,,,,,,,,,,,,,,,,,,,,
2016-01-19,,,,,,,,,,,,,,,,,,,,,,,,,,,,,,,,,,,,,,
2016-01-20,,,,,,,,,,,,,,,,,,,,,,,,,,,,,,,,,,,,,,
2016-01-21,,,,,,,,,,,,,,,,,,,,,,,,,,,,,,,,,,,,,,
2016-01-22,,,,,,,,,,,,,,,,,,,,,,,,,,,,,,,,,,,,,,
2016-01-25,,,,,,,,,,,,,,,,,,,,2370.0,,,,,,,,,,,,,,,,,,
2016-01-26,,,,,,,,,,,,,,,,,,,,,,,,,,,,,,,,,,,,,,
2016-01-27,,,,,,,,,,,,,,,,,,,,,,,,,,,,,,,,,,,,,,
2016-01-28,,,,,,,,,,,,,,,,,,,,,,,,,,,,,,,,,,,,,,
2016-01-29,,,,,,,,,,,,,,,,,,,,,,,,,2376.0,,,,,,,,,,,,,
2016-02-01,,,,,,,,,,,,,,,,,,,,,,,,,,,,,,,,,,,,,,
2016-02-02,,,,,,,,,,,,,,,,,,,,,,,,,,,,,,,,,,,,,,
2016-02-03,,,,,,,,,,,,,,,,,,,,,,,,,2440.0,,,,,,,,,,,,,
2016-02-04,,,,,,,,,,,,,,,,,,,,,,,,,,,,,,,,,,,,,,
2016-02-05,,,,,,,,,,,,,,,,,,,,,,,,,,,,,,,,,,,,,,
2016-02-15,,,,,,,,,,,,,,,,,,,,,,,,,,,,,,,,,,,,,,
2016-02-16,,,,,,,,,,,,,,,,,,,,,,,,,,,,,,,,,,,,,,
2016-02-17,,,,,,,,,,,,,,,,,,,,,,,,,,,,,,,,,,,,,,
2016-02-18,,,,,,,,,,,,,,,,,,,,,,,,,,,,,,,,,,,,,,
2016-02-19,,,,,,,,,,,,,,,,,,,,,,,,,,,,,,,,,,,,,,
2016-02-22,,,,,,,,,,,,,,,,,,,,,,,,,,,,,,,,,,,,,,
2016-02-23,,,,,,,,,,,,,,,,,,,,,,,,,,,,,,,,,,,,,,
2016-02-24,,,,,,,,,,,,,,,,,,,,,,,,,,,,,,,,,,,,,,
2016-02-25,,,,,,,,,,,,,,,,,,,,,,,,,,,,,,,,,,,,,,
2016-02-26,,,,,,,,,,,,,,,,,,,,,,,,,,,,,,,,,,,,,,
2016-02-29,,,,,,,,,,,,,,,,,,,,,,,,,,,,,,,,,,,,,,
2016-03-01,,,,,,,,,,,,,,,,,,,,,,,,,,,,,,,,,,,,,,
2016-03-02,,,,,,,,,,,,,,,,,,,,,,,,,,,,,,,,,,,,,,
2016-03-03,,,,,,,,,,,,,,,,,,,,,,,,,,,,,,,,,,,,,,
2016-03-04,,,,,,,,,,,,,,,,,,,,,,,,,,,,,,,,,,,,,,
2016-03-07,,,,,,,,,,,,,,,,,,,,,,,,,,,,,,,,,,,,,,
2016-03-08,,,,,,,,,,,,,,,,,,,,,,,,,,,,,,,,,,,,,,
2016-03-09,,,,,,,,,,,,,,,,,,,,,2543.0,,,,,,,,,,,,,,,,,
2016-03-10,,,,,,,,,,,,,,,,,,,,,,,,,,,,,,,,,,,,,,
2016-03-11,,,,,,,,,,,,,,,,,,,,,,,,,,,,,,,,,,,,,,
2016-03-14,,,,,,,,,,,,,,,,,,,,,,,,,,,,,,,,,,,,,,
2016-03-15,,,,,,,,,,,,,,,,,,,,,,,,,,,,,,,,,,,,,,
2016-03-16,,,,,,,,,,,,,,,,,,,,,,,,,,,,,,,,,,,,,,
2016-03-17,,,,,,,,,,,,,,,,,,,,,,,,,,,,,,,,,,,,,,
2016-03-18,,,,,,,,,,,,,,,,,,,,,,,,,,,,,,,,,,,,,,
2016-03-21,,,,,,,,,,,,,,,,,,,,,,,,,,,,,,,,,,,,,,
2016-03-22,,,,,,,,,,,,,,,,,,,,,,,,,2425.0,,,,,,,,,,,,,
2016-03-23,,,,,,,,,,,,,,,,,,,,,,,,,,,,,,,,,,,,,,
2016-03-24,,,,,,,,,,,,,,,,,,,,,,,,,,,,,,,,,,,,,,
2016-03-25,,,,,,,,,,,,,,,,,,,,,,,,,,,,,,,,,,,,,,
2016-03-28,,,,,,,,,,,,,,,,,,,,,,,,,,,,,,,,,,,,,,
2016-03-29,,,,,,,,,,,,,,,,,,,,,,,,,,,,,,,,,,,,,,
2016-03-30,,,,,,,,,,,,,,,,,,,,,,,,,,,,,,,,,,,,,,
2016-03-31,,,,,,,,,,,,,,,,,,,,,,,,,,,,,,,,,,,,,,
2016-04-01,,,,,,,,,,,,,,,,,,,,,,,,,,,,,,,,,,,,,,
2016-04-05,,,,,,,,,,,,,,,,,,,,,,,,,,,,,,,,,,,,,,
2016-04-06,,,,,,,,,,,,,,,,,,,,,,,,,,,,,,,,,,,,,,
2016-04-07,,,,,,,,,,,,,,,,,,,,,,,,,,,,,,,,,,,,,,
2016-04-08,,,,,,,,,,,,,,,,,,,,,,,,,,,,,,,,,,,,,,
2016-04-11,,,,,,,,,,,,,,,,,,,,,,,,,,,,,,,,,,,,,,
2016-04-12,,,,,,,,,,,,,,,,,,,,,2605.0,,,,,,,,,,,,,,,,,
2016-04-13,,,,,,,,,,,,,,,,,,,,,,,,,,,,,,,,,,,,,,
2016-04-14,,,,,,,,,,,,,,,,,,,,,,,,,,,,,,,,,,,,,,
2016-04-15,,,,,,,,,,,,,,,,,,,,,,,,,,,,,,,,,,,,,,
2016-04-18,,,,,,,,,,,,,,,,,,,,,,,,,,,,,,,,,,,,,,
2016-04-19,,,,,,,,,,,,,,,,,,,,,,,,,,,,,,,,,,,,,,
2016-04-20,,,,,,,,,,,,,,,,,,,,,,,,,2454.0,,,,,,,,,,,,,
2016-04-21,,,,,,,,,,,,,,,,,,,,,2275.0,,,,,,,,,,,,,,,,,
2016-04-22,,,,,,,,,,,,,,,,,,,,,,,,,,,,,,,,,,,,,,
2016-04-25,,,,,,,,,,,,,,,,,,,,,,2706.0,,2633.0,,,,,,,,,,,,,,
2016-04-26,,,,,,,,,,,,,,,,,,,,,2133.0,2699.0,,2527.0,,,,,,,,,,,,,,
2016-04-27,,,,,,,,,,,,,,,,,,,,,2151.0,2512.0,,2516.0,,,,,,,,,,,,,,
2016-04-28,,,,,,,,,,,,,,,,,,,,,,,,2416.0,,,,,,,,,,,,,,
2016-04-29,,,,,,,,,,,,,,,,,,,,,,,,,,,,,,,,,,,,,,
2016-05-03,,,,,,,,,,,,,,,,,,,,,,,,2536.0,,,,,,,,,,,,,,
2016-05-04,,,,,,,,,,,,,,,,,,,,,,,,2442.0,,,,,,,,,,,,,,
2016-05-05,,,,,,,,,,,,,,,,,,,,,,,,2506.0,,,,,,,,,,,,,,
2016-05-06,,,,,,,,,,,,,,,,,,,,,,,,,,,,,,,,,,,,,,
2016-05-09,,,,,,,,,,,,,,,,,,,,,,,,2400.0,,,,,,,,,,,,,,
2016-05-10,,,,,,,,,,,,,,,,,,,,,,,2370.0,,,,,,,,,,,,,,,
2016-05-11,,,,,,,,,,,,,,,,,,,,,,,,,,,,,,,,,,,,,,
2016-05-12,,,,,,,,,,,,,,,,,,,,,,,2399.0,,,,,,,,,,,,,,,
2016-05-13,,,,,,,,,,,,,,,,,,,,,,,,,,,,,,,,,,,,,,
2016-05-16,,,,,,,,,,,,,,,,,,,,,,,,,,,,,,,,,,,,,,
2016-05-17,,,,,,,,,,,,,,,,,,,,,,,,,,,,,,,,,,,,,,
2016-05-18,,,,,,,,,,,,,,,,,,,,,,,,2312.0,,,,,,,,,,,,,,
2016-05-19,,,,,,,,,,,,,,,,,,,,,,,,,,,,,,,,,,,,,,
2016-05-20,,,,,,,,,,,,,,,,,,,,,,,,2269.0,,,,,,,,,,,,,,
2016-05-23,,,,,,,,,,,,,,,,,,,,,,,,2290.0,,,,,,,,,,,,,,
2016-05-24,,,,,,,,,,,,,,,,,,,,,,,,2345.0,,,,,,,,,,,,,,
2016-05-25,,,,,,,,,,,,,,,,,,,,,,,,2305.0,,,,,,,,,,,,,,
2016-05-26,,,,,,,,,,,,,,,,,,,,,,,,,,,,,,,,,,,,,,
2016-05-27,,,,,,,,,,,,,,,,,,,,,,,,,,,,,,,,,,,,,,
2016-05-30,,,,,,,,,,,,,,,,,,,,,,,,,,,,,,,,,,,,,,
2016-05-31,,,,,,,,,,,,,,,,,,,,,,2433.0,,2289.0,,,,,,,,,,,,,,
2016-06-01,,,,,,,,,,,,,,,,,,,,,,,,,,,,,,,,,,,,,,
2016-06-02,,,,,,,,,,,,,,,,,,,,,,,,,,,,,,,,,,,,,,
2016-06-03,,,,,,,,,,,,,,,,,,,,,,,,2339.0,,,,,,,,,,,,,,
2016-06-06,,,,,,,,,,,,,,,,,,,,,,,,,2486.0,,,,,,,,,,,,,
2016-06-07,,,,,,,,,,,,,,,,,,,,,,,,2296.0,,,,,,,,,,,,,,
2016-06-08,,,,,,,,,,,,,,,,,,,,,,,,2358.0,,,,,,,,,,,,,,
2016-06-13,,,,,,,,,,,,,,,,,,,,,,2325.0,,,,,,,,,,,,,,,,
2016-06-14,,,,,,,,,,,,,,,,,,,,,,,,,,,,,,,,,,,,,,
2016-06-15,,,,,,,,,,,,,,,,,,,,,,,,,,,,,,,,,,,,,,
2016-06-16,,,,,,,,,,,,,,,,,,,,,,,,,,,,,,,,,,,,,,
2016-06-17,,,,,,,,,,,,,,,,,,,,,,,,,,,,,,,,,,,,,,
2016-06-20,,,,,,,,,,,,,,,,,,,,,,,,,,,,,,,,,,,,,,
2016-06-21,,,,,,,,,,,,,,,,,,,,,,,,,,,,,,,,,,,,,,
2016-06-22,,,,,,,,,,,,,,,,,,,,,,,,,,,,,,,,,,,,,,
2016-06-23,,,,,,,,,,,,,,,,,,,,,,,,,,,,,,,,,,,,,,
2016-06-24,,,,,,,,,,,,,,,,,,,,,,,,,,,,,,,,,,,,,,
2016-06-27,,,,,,,,,,,,,,,,,,,,,,,,,,,,,,,,,,,,,,
2016-06-28,,,,,,,,,,,,,,,,,,,,,,,,,,,,,,,,,,,,,,
2016-06-29,,,,,,,,,,,,,,,,,,,,,,,,,,,,,,,,,,,,,,
2016-06-30,,,,,,,,,,,,,,,,,,,,,,,,,,,,,,,,,,,,,,
2016-07-01,,,,,,,,,,,,,,,,,,,,,,,,,,,,,,,,,,,,,,
2016-07-04,,,,,,,,,,,,,,,,,,,,,,,,,,,,,,,,,,,,,,
2016-07-05,,,,,,,,,,,,,,,,,,,,,,,,,,,,,,,,,,,,,,
2016-07-06,,,,,,,,,,,,,,,,,,,,,,,,,,,,,,,,,,,,,,
2016-07-07,,,,,,,,,,,,,,,,,,,,,,,,,,,,,,,,,,,,,,
2016-07-08,,,,,,,,,,,,,,,,,,,,,,,,,,,,,,,,,,,,,,
2016-07-11,,,,,,,,,,,,,,,,,,,,,,,,,,,,,,,,,,,,,,
2016-07-12,,,,,,,,,,,,,,,,,,,,,,,,,,,,,,,,,,,,,,
2016-07-13,,,,,,,,,,,,,,,,,,,,,,,,,,,,,,,,,,,,,,
2016-07-14,,,,,,,,,,,,,,,,,,,,,,,,,,,,,,,,,,,,,,
2016-07-15,,,,,,,,,,,,,,,,,,,,,,,,,,,,,,,,,,,,,,
2016-07-18,,,,,,,,,,,,,,,,,,,,,,,,,,,,,,,,,,,,,,
2016-07-19,,,,,,,,,,,,,,,,,,,,,,,,,,,,,,,,,,,,,,
2016-07-20,,,,,,,,,,,,,,,,,,,,,,,,,,,,,,,,,,,,,,
2016-07-21,,,,,,,,,,,,,,,,,,,,,,,,,,,,,,,,,,,,,,
2016-07-22,,,,,,,,,,,,,,,,,,,,,,,,,,,,,,,,,,,,,,
2016-07-25,,,,,,,,,,,,,,,,,,,,,,,,2362.0,,,,,,,,,,,,,,
2016-07-26,,,,,,,,,,,,,,,,,,,,,,,,,,,,,,,,,,,,,,
2016-07-27,,,,,,,,,,,,,,,,,,,,,,,,2275.0,,,,,,,,,,,,,,
2016-07-28,,,,,,,,,,,,,,,,,,,,,,,,,,,,,,,,,,,,,,
2016-07-29,,,,,,,,,,,,,,,,,,,,,,,,2314.0,,,,,,,,,,,,,,
2016-08-01,,,,,,,,,,,,,,,,,,,,,,,,,,,,,,,,,,,,,,
2016-08-02,,,,,,,,,,,,,,,,,,,,,,,,,,,,,,,,,,,,,,
2016-08-03,,,,,,,,,,,,,,,,,,,,,,,,2306.0,,,,,,,,,,,,,,
2016-08-04,,,,,,,,,,,,,,,,,,,,,,,,,,,,,,,,,,,,,,
2016-08-05,,,,,,,,,,,,,,,,,,,,,,,,,,,,,,,,,,,,,,
2016-08-08,,,,,,,,,,,,,,,,,,,,,,,,,,,,,,,,,,,,,,
2016-08-09,,,,,,,,,,,,,,,,,,,,,,,,,,,,,,,,,,,,,,
2016-08-10,,,,,,,,,,,,,,,,,,,,,,,,,,,,,,,,,,,,,,
2016-08-11,,,,,,,,,,,,,,,,,,,,,,,,,,,,,,,,,,,,,,
2016-08-12,,,,,,,,,,,,,,,,,,,,,,,,,,,,,,,,,,,,,,
2016-08-15,,,,,,,,,,,,,,,,,,,,,,,,,,,,,,,,,,,,,,
2016-08-16,,,,,,,,,,,,,,,,,,,,,,,,,,,,,,,,,,,,,,
2016-08-17,,,,,,,,,,,,,,,,,,,,,,,,,,,,,,,,,,,,,,
2016-08-18,,,,,,,,,,,,,,,,,,,,,,,,,,,,,,,,,,,,,,
2016-08-19,,,,,,,,,,,,,,,,,,,,,,,,,,,,,,,,,,,,,,
2016-08-22,,,,,,,,,,,,,,,,,,,,,,,,,,,,,,,,,,,,,,
2016-08-23,,,,,,,,,,,,,,,,,,,,,,,,,,,,,,,,,,,,,,
2016-08-24,,,,,,,,,,,,,,,,,,,,,,,,,,,,,,,,,,,,,,
2016-08-25,,,,,,,,,,,,,,,,,,,,,,,,,,,,,,,,,,,,,,
2016-08-26,,,,,,,,,,,,,,,,,,,,,,,,,,,,,,,,,,,,,,
2016-08-29,,,,,,,,,,,,,,,,,,,,,,,,,,,,,,,,,,,,,,
2016-08-30,,,,,,,,,,,,,,,,,,,,,,,,,,,,,,,,,,,,,,
2016-08-31,,,,,,,,,,,,,,,,,,,,,,,,,,,,,,,,,,,,,,
2016-09-01,,,,,,,,,,,,,,,,,,,,,,,,,,,,,,,,,,,,,,
2016-09-02,,,,,,,,,,,,,,,,,,,,,,,,,,,,,,,,,,,,,,
2016-09-05,,,,,,,,,,,,,,,,,,,,,,,,2356.0,,,,,,,,,,,,,,
2016-09-06,,,,,,,,,,,,,,,,,,,,,,,,,,,,,,,,,,,,,,
2016-09-07,,,,,,,,,,,,,,,,,,,,,,,,2358.0,,,,,,,,,,,,,,
2016-09-08,,,,,,,,,,,,,,,,,,,,,,,,,,,,,,,,,,,,,,
2016-09-09,,,,,,,,,,,,,,,,,,,,,,,,,,,,,,,,,,,,,,
2016-09-12,,,,,,,,,,,,,,,,,,,,,,,,,,,,2312.0,,,,,,,,,,
2016-09-13,,,,,,,,,,,,,,,,,,,,,,,,,,,,2422.0,,,,,,,,,,
2016-09-14,,,,,,,,,,,,,,,,,,,,,,,,,,,,,,,,,,,,,,
2016-09-19,,,,,,,,,,,,,,,,,,,,,,,,,,,,,,,,,,,,,,
2016-09-20,,,,,,,,,,,,,,,,,,,,,,,,,2296.0,,,,,,,,,,,,,
2016-09-21,,,,,,,,,,,,,,,,,,,,,,,,,,,,,,,,,,,,,,
2016-09-22,,,,,,,,,,,,,,,,,,,,,,,,,,,,,,,,,,,,,,
2016-09-23,,,,,,,,,,,,,,,,,,,,,,,,,,,,,,,,,,,,,,
2016-09-26,,,,,,,,,,,,,,,,,,,,,,,,,,,,,,,,,,,,,,
2016-09-27,,,,,,,,,,,,,,,,,,,,,,,,,,,,,,,,,,,,,,
2016-09-28,,,,,,,,,,,,,,,,,,,,,,,,,2322.0,,,,2301.0,,,,,,,,,
2016-09-29,,,,,,,,,,,,,,,,,,,,,,,,,,,,,,,,,,,,,,
2016-09-30,,,,,,,,,,,,,,,,,,,,,,,,,,,,,,,,,,,,,,
2016-10-10,,,,,,,,,,,,,,,,,,,,,,,,,,,,,,,,,,,,,,
2016-10-11,,,,,,,,,,,,,,,,,,,,,,,,,,,,,,,,,,,,,,
2016-10-12,,,,,,,,,,,,,,,,,,,,,,,,,,,,,,,,,,,,,,
2016-10-13,,,,,,,,,,,,,,,,,,,,,,,,,,,,,,,,,,,,,,
2016-10-14,,,,,,,,,,,,,,,,,,,,,,,,,2336.0,,,,,,,,,,,,,
2016-10-17,,,,,,,,,,,,,,,,,,,,,,,,,2345.0,,,,,,,,,,,,,
2016-10-18,,,,,,,,,,,,,,,,,,,,,,,,,,,,,,,,,,,,,,
2016-10-19,,,,,,,,,,,,,,,,,,,,,,,,,,,,,,,,,,,,,,
2016-10-20,,,,,,,,,,,,,,,,,,,,,,,,,2411.0,,,,,,,,,,,,,
2016-10-21,,,,,,,,,,,,,,,,,,,,,,,,,,,,,,,,,,,,,,
2016-10-24,,,,,,,,,,,,,,,,,,,,,,,,,,,,,,,,,,,,,,
2016-10-25,,,,,,,,,,,,,,,,,,,,,,,,,,,,,,,,,,,,,,
2016-10-26,,,,,,,,,,,,,,,,,,,,,,,,,,,,,,,,,,,,,,
2016-10-27,,,,,,,,,,,,,,,,,,,,,,,,,,,2640.0,,,,,,,,,,,
2016-10-28,,,,,,,,,,,,,,,,,,,,,,,,,,,,,,,,,,,,,,
2016-10-31,,,,,,,,,,,,,,,,,,,,,,,,,,,2360.0,,,,,,,,,,,
2016-11-01,,,,,,,,,,,,,,,,,,,,,,,,,,,,,,,,,,,,,,
2016-11-02,,,,,,,,,,,,,,,,,,,,,,,,,,,2450.0,,,,,,,,,,,
2016-11-03,,,,,,,,,,,,,,,,,,,,,,,,,,,,,,,,,,,,,,
2016-11-04,,,,,,,,,,,,,,,,,,,,,,,,,2402.0,,,,,,,,,,,,,
2016-11-07,,,,,,,,,,,,,,,,,,,,,,,,,,,,,,,,,,,,,,
2016-11-08,,,,,,,,,,,,,,,,,,,,,,,,,,,,,,,,,,,,,,
2016-11-09,,,,,,,,,,,,,,,,,,,,,,,,,,,,,,,,,,,,,,
2016-11-10,,,,,,,,,,,,,,,,,,,,,,,,,,,,,,,,,,,,,,
2016-11-11,,,,,,,,,,,,,,,,,,,,,,,,,,,,,,,,,,,,,,
2016-11-14,,,,,,,,,,,,,,,,,,,,,,,,,,,,,,,,,,,,,,
2016-11-15,,,,,,,,,,,,,,,,,,,,,,,,,,,,,,,,,,,,,,
2016-11-16,,,,,,,,,,,,,,,,,,,,,,,,,,,,,,,,,,,,,,
2016-11-17,,,,,,,,,,,,,,,,,,,,,,,,,,,,,,,,,,,,,,
2016-11-18,,,,,,,,,,,,,,,,,,,,,,,,,2389.0,,,,,,,,,,,,,
2016-11-21,,,,,,,,,,,,,,,,,,,,,,,,,,,,,,,,,,,,,,
2016-11-22,,,,,,,,,,,,,,,,,,,,,,,,,,,,,,,,,,,,,,
2016-11-23,,,,,,,,,,,,,,,,,,,,,,,,,,,,2674.0,,,,,,,,,,
2016-11-24,,,,,,,,,,,,,,,,,,,,,,,,,,,,,,,,,,,,,,
2016-11-25,,,,,,,,,,,,,,,,,,,,,,,,,,,,,,,,,,,,,,
2016-11-28,,,,,,,,,,,,,,,,,,,,,,,,,,,,2485.0,,,,,,,,,,
2016-11-29,,,,,,,,,,,,,,,,,,,,,,,,,,,,,,,,,,,,,,
2016-11-30,,,,,,,,,,,,,,,,,,,,,,,,,,,,,,,,,,,,,,
2016-12-01,,,,,,,,,,,,,,,,,,,,,,,,,,,,,,,,,,,,,,
2016-12-02,,,,,,,,,,,,,,,,,,,,,,,,,2460.0,,,,,,,,,,,,,
2016-12-05,,,,,,,,,,,,,,,,,,,,,,,,,,,,,,,,,,,,,,
2016-12-06,,,,,,,,,,,,,,,,,,,,,,,,,,,,,,,,,,,,,,
2016-12-07,,,,,,,,,,,,,,,,,,,,,,,,,,,,,,,,,,,,,,
2016-12-08,,,,,,,,,,,,,,,,,,,,,,,,,,,,,,,,,,,,,,
2016-12-09,,,,,,,,,,,,,,,,,,,,,,,,,,,,,,,,,,,,,,
2016-12-12,,,,,,,,,,,,,,,,,,,,,,,,,,,,,,,,,,,,,,
2016-12-13,,,,,,,,,,,,,,,,,,,,,,,,,,,,,,,,,,,,,,
2016-12-14,,,,,,,,,,,,,,,,,,,,,,,,,,,,,,,,,,,,,,
2016-12-15,,,,,,,,,,,,,,,,,,,,,,,,,,,2273.0,,,,,,,,,,,
2016-12-16,,,,,,,,,,,,,,,,,,,,,,,,,,,,,,,,,,,,,,
2016-12-19,,,,,,,,,,,,,,,,,,,,,,,,,,,,,,,,,,,,,,
2016-12-20,,,,,,,,,,,,,,,,,,,,,,,,,,,,,,,,,,,,,,
2016-12-21,,,,,,,,,,,,,,,,,,,,,,,,,,,,,,,,,,,,,,
2016-12-22,,,,,,,,,,,,,,,,,,,,,,,,,,,,,,,,,,,,,,
2016-12-23,,,,,,,,,,,,,,,,,,,,,,,,,,,,,,,,,,,,,,
2016-12-26,,,,,,,,,,,,,,,,,,,,,,,,,,,2599.0,,,,,,,,,,,
2016-12-27,,,,,,,,,,,,,,,,,,,,,,,,,,,,,,,,,,,,,,
2016-12-28,,,,,,,,,,,,,,,,,,,,,,,,,,,,,,,,,,,,,,
2016-12-29,,,,,,,,,,,,,,,,,,,,,,,,,,,,,,,,,,,,,,
2016-12-30,,,,,,,,,,,,,,,,,,,,,,,,,,,,,,,,,,,,,,
2017-01-03,,,,,,,,,,,,,,,,,,,,,,,,,2770.0,,,,,,,,,,,,,
2017-01-04,,,,,,,,,,,,,,,,,,,,,,,,,,,,,,,,,,,,,,
2017-01-05,,,,,,,,,,,,,,,,,,,,,,,,,,,2454.0,,,,,,,,,,,
2017-01-06,,,,,,,,,,,,,,,,,,,,,,,,,,,,,,,,,,,,,,
2017-01-09,,,,,,,,,,,,,,,,,,,,,,,,,,,,,,,,,,,,,,
2017-01-10,,,,,,,,,,,,,,,,,,,,,,,,,,,,,,,,,,,,,,
2017-01-11,,,,,,,,,,,,,,,,,,,,,,,,,,,,,,,,,,,,,,
2017-01-12,,,,,,,,,,,,,,,,,,,,,,,,,,,,,,,,,,,,,,
2017-01-13,,,,,,,,,,,,,,,,,,,,,,,,,,,,,,,,,,,,,,
2017-01-16,,,,,,,,,,,,,,,,,,,,,,,,,,,,,,,,,,,,,,
2017-01-17,,,,,,,,,,,,,,,,,,,,,,,,,,,,,,,,,,,,,,
2017-01-18,,,,,,,,,,,,,,,,,,,,,,,,,,,,,,,,,,,,,,
2017-01-19,,,,,,,,,,,,,,,,,,,,,,,,,,,,,,,,,,,,,,
2017-01-20,,,,,,,,,,,,,,,,,,,,,,,,,,,,,,,,,,,,,,
2017-01-23,,,,,,,,,,,,,,,,,,,,,,,,,,,,,,,,,,,,,,
2017-01-24,,,,,,,,,,,,,,,,,,,,,,,,,,,,,,,,,,,,,,
2017-01-25,,,,,,,,,,,,,,,,,,,,,,,,,,,,,,,,,,,,,,
2017-01-26,,,,,,,,,,,,,,,,,,,,,,,,,,,,,,,,,,,,,,
2017-02-03,,,,,,,,,,,,,,,,,,,,,,,,,,,,,,,,,,,,,,
2017-02-06,,,,,,,,,,,,,,,,,,,,,,,,,,,,,,,,,,,,,,
2017-02-07,,,,,,,,,,,,,,,,,,,,,,,,,,,,,,,,,,,,,,
2017-02-08,,,,,,,,,,,,,,,,,,,,,,,,,,,,,,,,,,,,,,
2017-02-09,,,,,,,,,,,,,,,,,,,,,,,,,,,,,,,,,,,,,,
2017-02-10,,,,,,,,,,,,,,,,,,,,,,,,,,,,,,,,,,,,,,
2017-02-13,,,,,,,,,,,,,,,,,,,,,,,,,,,,,,,,,,,,,,
2017-02-14,,,,,,,,,,,,,,,,,,,,,,,,,,,,,,,,,,,,,,
2017-02-15,,,,,,,,,,,,,,,,,,,,,,,,,,,,,,,,,,,,,,
2017-02-16,,,,,,,,,,,,,,,,,,,,,,,,,,,,,,,,,,,,,,
2017-02-17,,,,,,,,,,,,,,,,,,,,,,,,,,,,,,,,,,,,,,
2017-02-20,,,,,,,,,,,,,,,,,,,,,,,,,,,,,,,,,,,,,,
2017-02-21,,,,,,,,,,,,,,,,,,,,,,,,,,,,,,,,,,,,,,
2017-02-22,,,,,,,,,,,,,,,,,,,,,,,,,,,,,,,,,,,,,,
2017-02-23,,,,,,,,,,,,,,,,,,,,,,,,,,,2357.0,,,,,,,,,,,
2017-02-24,,,,,,,,,,,,,,,,,,,,,,,,,,,2445.0,,,,,,,,,,,
2017-02-27,,,,,,,,,,,,,,,,,,,,,,,,,,,2479.0,,,,,,,,,,,
2017-02-28,,,,,,,,,,,,,,,,,,,,,,,,,,,,,,,,,,,,,,
2017-03-01,,,,,,,,,,,,,,,,,,,,,,,,,,,,,,,,,,,,,,
2017-03-02,,,,,,,,,,,,,,,,,,,,,,,,,,,2426.0,,,,,,,,,,,
2017-03-03,,,,,,,,,,,,,,,,,,,,,,,,,,,,,,,,,,,,,,
2017-03-06,,,,,,,,,,,,,,,,,,,,,,,,,,,,,,,,,,,,,,
2017-03-07,,,,,,,,,,,,,,,,,,,,,,,,,,,,,,,,,,,,,,
2017-03-08,,,,,,,,,,,,,,,,,,,,,,,,,,,,,,,,,,,,,,
2017-03-09,,,,,,,,,,,,,,,,,,,,,,,,,,,,,,,,,,,,,,
2017-03-10,,,,,,,,,,,,,,,,,,,,,,,,,,,,,,,,,,,,,,
2017-03-13,,,,,,,,,,,,,,,,,,,,,,,,,,,2462.0,,,,,,,,,,,
2017-03-14,,,,,,,,,,,,,,,,,,,,,,,,,,,2421.0,,,,,,,,,,,
2017-03-15,,,,,,,,,,,,,,,,,,,,,,,,,,,2431.0,,,,,,,,,,,
2017-03-16,,,,,,,,,,,,,,,,,,,,,,,,,,,,,,,,,,,,,,
2017-03-17,,,,,,,,,,,,,,,,,,,,,,,,,,,,,,,,,,,,,,
2017-03-20,,,,,,,,,,,,,,,,,,,,,,,,,,,,,,,,,,,,,,
2017-03-21,,,,,,,,,,,,,,,,,,,,,,,,,,,,,,,,,,,,,,
2017-03-22,,,,,,,,,,,,,,,,,,,,,,,,,,,,,,,,,,,,,,
2017-03-23,,,,,,,,,,,,,,,,,,,,,,,,,,,,,,,,,,,,,,
2017-03-24,,,,,,,,,,,,,,,,,,,,,,,,,,,,,,,,,,,,,,
2017-03-27,,,,,,,,,,,,,,,,,,,,,,,,,,,,,,,,,,,,,,
2017-03-28,,,,,,,,,,,,,,,,,,,,,,,,,,,,,,,,,,,,,,
2017-03-29,,,,,,,,,,,,,,,,,,,,,,,,,,,,,,,,,,,,,,
2017-03-30,,,,,,,,,,,,,,,,,,,,,,,,,,,,,,,,,,,,,,
2017-03-31,,,,,,,,,,,,,,,,,,,,,,,,,,,,,2487.0,,,,,,,,,
2017-04-05,,,,,,,,,,,,,,,,,,,,,,,,,,,,,,,,,,,,,,
2017-04-06,,,,,,,,,,,,,,,,,,,,,,,,,,,,,2604.0,,,,,,,,,
2017-04-07,,,,,,,,,,,,,,,,,,,,,,,,,,,,,,,,,,,,,,
2017-04-10,,,,,,,,,,,,,,,,,,,,,,,,,,,,,,,,,,,,,,
2017-04-11,,,,,,,,,,,,,,,,,,,,,,,,,,,,,,,,,,,,,,
2017-04-12,,,,,,,,,,,,,,,,,,,,,,,,,,,,,,,,,,,,,,
2017-04-13,,,,,,,,,,,,,,,,,,,,,,,,,,,,,,,,,,,,,,
2017-04-14,,,,,,,,,,,,,,,,,,,,,,,,,,,,,,,,,,,,,,
2017-04-17,,,,,,,,,,,,,,,,,,,,,,,,,,,,,,,,,,,,,,
2017-04-18,,,,,,,,,,,,,,,,,,,,,,,,,,,,,,,,,,,,,,
2017-04-19,,,,,,,,,,,,,,,,,,,,,,,,,,,,,,,,,,,,,,
2017-04-20,,,,,,,,,,,,,,,,,,,,,,,,,,,,,,,,,,,,,,
2017-04-21,,,,,,,,,,,,,,,,,,,,,,,,,,,,,,,,,,,,,,
2017-04-24,,,,,,,,,,,,,,,,,,,,,,,,,,,,,,,,,,,,,,
2017-04-25,,,,,,,,,,,,,,,,,,,,,,,,,,,,,,,,,,,,,,
2017-04-26,,,,,,,,,,,,,,,,,,,,,,,,,,,,,,,,,,,,,,
2017-04-27,,,,,,,,,,,,,,,,,,,,,,,,,,,,,,,,,,,,,,
2017-04-28,,,,,,,,,,,,,,,,,,,,,,,,,,,,,,,,,,,,,,
2017-05-02,,,,,,,,,,,,,,,,,,,,,,,,,,,,,,,2515.0,,,,,,,
2017-05-03,,,,,,,,,,,,,,,,,,,,,,,,,,,,,2451.0,,,,,,,,,
2017-05-04,,,,,,,,,,,,,,,,,,,,,,,,,,,,,2417.0,,,,,,,,,
2017-05-05,,,,,,,,,,,,,,,,,,,,,,,,,,,,,,,,,,,,,,
2017-05-08,,,,,,,,,,,,,,,,,,,,,,,,,,,,,,,,,,,,,,
2017-05-09,,,,,,,,,,,,,,,,,,,,,,,,,,,,,,,,,,,,,,
2017-05-10,,,,,,,,,,,,,,,,,,,,,,,,,,,,,,,,,,,,,,
2017-05-11,,,,,,,,,,,,,,,,,,,,,,,,,,,,,,,,,,,,,,
2017-05-12,,,,,,,,,,,,,,,,,,,,,,,,,,,,,,,,,,,,,,
2017-05-15,,,,,,,,,,,,,,,,,,,,,,,,,,,,,,,,,,,,,,
2017-05-16,,,,,,,,,,,,,,,,,,,,,,,,,,,,,,,,,,,,,,
2017-05-17,,,,,,,,,,,,,,,,,,,,,,,,,,,,,,,,,,,,,,
2017-05-18,,,,,,,,,,,,,,,,,,,,,,,,,,,,,,,,,,,,,,
2017-05-19,,,,,,,,,,,,,,,,,,,,,,,,,,,,,,,,,,,,,,
2017-05-22,,,,,,,,,,,,,,,,,,,,,,,,,,,,,2457.0,,,,,,,,,
2017-05-23,,,,,,,,,,,,,,,,,,,,,,,,,,,,,,,,,,,,,,
2017-05-24,,,,,,,,,,,,,,,,,,,,,,,,,,,,,2369.0,,,,,,,,,
2017-05-25,,,,,,,,,,,,,,,,,,,,,,,,,,,,,,,,,,,,,,
2017-05-26,,,,,,,,,,,,,,,,,,,,,,,,,,,,,,,,,,,,,,
2017-05-31,,,,,,,,,,,,,,,,,,,,,,,,,,,,,,,,,,,,,,
2017-06-01,,,,,,,,,,,,,,,,,,,,,,,,,,,,,,,,,,,,,,
2017-06-02,,,,,,,,,,,,,,,,,,,,,,,,,,,,,,,,,,,,,,
2017-06-05,,,,,,,,,,,,,,,,,,,,,,,,,,,,,,,,,,,,,,
2017-06-06,,,,,,,,,,,,,,,,,,,,,,,,,,,,,,,,,,,,,,
2017-06-07,,,,,,,,,,,,,,,,,,,,,,,,,,,,,,,,,,,,,,
2017-06-08,,,,,,,,,,,,,,,,,,,,,,,,,,,,,,,,,,,,,,
2017-06-09,,,,,,,,,,,,,,,,,,,,,,,,,,,,,2306.0,,,,,,,,,
2017-06-12,,,,,,,,,,,,,,,,,,,,,,,,,,,,,,,,,,,,,,
2017-06-13,,,,,,,,,,,,,,,,,,,,,,,,,,,,,,,,,,,,,,
2017-06-14,,,,,,,,,,,,,,,,,,,,,,,,,,,,,,,,,,,,,,
2017-06-15,,,,,,,,,,,,,,,,,,,,,,,,,,,,,,,,,,,,,,
2017-06-16,,,,,,,,,,,,,,,,,,,,,,,,,,,,,,,,,,,,,,
2017-06-19,,,,,,,,,,,,,,,,,,,,,,,,,,,,,,,,,,,,,,
2017-06-20,,,,,,,,,,,,,,,,,,,,,,,,,,,,,,,,,,,,,,
2017-06-21,,,,,,,,,,,,,,,,,,,,,,,,,,,,,,,,,,,,,,
2017-06-22,,,,,,,,,,,,,,,,,,,,,,,,,,,,,,,,,,,,,,
2017-06-23,,,,,,,,,,,,,,,,,,,,,,,,,,,,,,,,,,,,,,
2017-06-26,,,,,,,,,,,,,,,,,,,,,,,,,,,,,2282.0,,,,,,,,,
2017-06-27,,,,,,,,,,,,,,,,,,,,,,,,,,,,,,,,,,,,,,
2017-06-28,,,,,,,,,,,,,,,,,,,,,,,,,,,,,,,,,,,,,,
2017-06-29,,,,,,,,,,,,,,,,,,,,,,,,,,,,,,,,,,,,,,
2017-06-30,,,,,,,,,,,,,,,,,,,,,,,,,,,,,,,,,,,,,,
2017-07-03,,,,,,,,,,,,,,,,,,,,,,,,,,,,,,,,,,,,,,
2017-07-04,,,,,,,,,,,,,,,,,,,,,,,,,,,,,,,,,,,,,,
2017-07-05,,,,,,,,,,,,,,,,,,,,,,,,,,,,,2406.0,,,,,,,,,
2017-07-06,,,,,,,,,,,,,,,,,,,,,,,,,,,,,,,,,,,,,,
2017-07-07,,,,,,,,,,,,,,,,,,,,,,,,,,,,,,,,,,,,,,
2017-07-10,,,,,,,,,,,,,,,,,,,,,,,,,,,,,,,,,,,,,,
2017-07-11,,,,,,,,,,,,,,,,,,,,,,,,,,,,,,,,,,,,,,
2017-07-12,,,,,,,,,,,,,,,,,,,,,,,,,,,,,,,,,,,,,,
2017-07-13,,,,,,,,,,,,,,,,,,,,,,,,,,,,,2472.0,,2411.0,,,,,,,
2017-07-14,,,,,,,,,,,,,,,,,,,,,,,,,,,,,,,,,,,,,,
2017-07-17,,,,,,,,,,,,,,,,,,,,,,,,,,,,,,,,,,,,,,
2017-07-18,,,,,,,,,,,,,,,,,,,,,,,,,,,,,,,,,,,,,,
2017-07-19,,,,,,,,,,,,,,,,,,,,,,,,,,,,,,,,,,,,,,
2017-07-20,,,,,,,,,,,,,,,,,,,,,,,,,,,,,,,,,,,,,,
2017-07-21,,,,,,,,,,,,,,,,,,,,,,,,,,,,,,,2384.0,,,,,,,
2017-07-24,,,,,,,,,,,,,,,,,,,,,,,,,,,,,,,,,,,,,,
2017-07-25,,,,,,,,,,,,,,,,,,,,,,,,,,,,,,,,,,,,,,
2017-07-26,,,,,,,,,,,,,,,,,,,,,,,,,,,,,,,,,,,,,,
2017-07-27,,,,,,,,,,,,,,,,,,,,,,,,,,,,,,,,,,,,,,
2017-07-28,,,,,,,,,,,,,,,,,,,,,,,,,,,,,,,,,,,,,,
2017-07-31,,,,,,,,,,,,,,,,,,,,,,,,,,,,,2540.0,,,,,,,,,
2017-08-01,,,,,,,,,,,,,,,,,,,,,,,,,,,,,,,,,,,,,,
2017-08-02,,,,,,,,,,,,,,,,,,,,,,,,,,,,,,,,,,,,,,
2017-08-03,,,,,,,,,,,,,,,,,,,,,,,,,,,,,,,,,,,,,,
2017-08-04,,,,,,,,,,,,,,,,,,,,,,,,,,,,,2472.0,,,,,,,,,
2017-08-07,,,,,,,,,,,,,,,,,,,,,,,,,,,,,,,2410.0,,,,,,,
2017-08-08,,,,,,,,,,,,,,,,,,,,,,,,,,,,,,,,,,,,,,
2017-08-09,,,,,,,,,,,,,,,,,,,,,,,,,,,,,,,,,,,,,,
2017-08-10,,,,,,,,,,,,,,,,,,,,,,,,,,,,,,,,,,,,,,
2017-08-11,,,,,,,,,,,,,,,,,,,,,,,,,,,,,,,,,,,,,,
2017-08-14,,,,,,,,,,,,,,,,,,,,,,,,,,,,,2500.0,,,,,,,,,
2017-08-15,,,,,,,,,,,,,,,,,,,,,,,,,,,,,,,,,,,,,,
2017-08-16,,,,,,,,,,,,,,,,,,,,,,,,,,,,,,,,,,,,,,
2017-08-17,,,,,,,,,,,,,,,,,,,,,,,,,,,,,,,,,,,,,,
2017-08-18,,,,,,,,,,,,,,,,,,,,,,,,,,,,,,,,,,,,,,
2017-08-21,,,,,,,,,,,,,,,,,,,,,,,,,,,,,,,,,,,,,,
2017-08-22,,,,,,,,,,,,,,,,,,,,,,,,,,,,,,,,,,,,,,
2017-08-23,,,,,,,,,,,,,,,,,,,,,,,,,,,,,,,,,,,,,,
2017-08-24,,,,,,,,,,,,,,,,,,,,,,,,,,,,,,,,,,,,,,
2017-08-25,,,,,,,,,,,,,,,,,,,,,,,,,,,,,,,,,,,,,,
2017-08-28,,,,,,,,,,,,,,,,,,,,,,,,,,,,,,,,,,,,,,
2017-08-29,,,,,,,,,,,,,,,,,,,,,,,,,,,,,2550.0,,,,,,,,,
2017-08-30,,,,,,,,,,,,,,,,,,,,,,,,,,,,,,,,,,,,,,
2017-08-31,,,,,,,,,,,,,,,,,,,,,,,,,,,,,,,,,,,,,,
2017-09-01,,,,,,,,,,,,,,,,,,,,,,,,,,,,,2555.0,,,,,,,,,
2017-09-04,,,,,,,,,,,,,,,,,,,,,,,,,,,,,,,,,,,,,,
2017-09-05,,,,,,,,,,,,,,,,,,,,,,,,,,,,,,,,,,,,,,
2017-09-06,,,,,,,,,,,,,,,,,,,,,,,,,,,,,,,,,,,,,,
2017-09-07,,,,,,,,,,,,,,,,,,,,,,,,,,,,,,,,,,,,,,
2017-09-08,,,,,,,,,,,,,,,,,,,,,,,,,,,,,,,,,,,,,,
2017-09-11,,,,,,,,,,,,,,,,,,,,,,,,,,,,,,,,,,,,,,
2017-09-12,,,,,,,,,,,,,,,,,,,,,,,,,,,,,,,,,,,,,,
2017-09-13,,,,,,,,,,,,,,,,,,,,,,,,,,,,,,,,,,,,,,
2017-09-14,,,,,,,,,,,,,,,,,,,,,,,,,,,,,,,,,,,,,,
2017-09-15,,,,,,,,,,,,,,,,,,,,,,,,,,,,,,,,,,,,,,
2017-09-18,,,,,,,,,,,,,,,,,,,,,,,,,,,,,,,,,,,,,,
2017-09-19,,,,,,,,,,,,,,,,,,,,,,,,,,,,,,,,,,,,,,
2017-09-20,,,,,,,,,,,,,,,,,,,,,,,,,,,,,,,,,,,,,,
2017-09-21,,,,,,,,,,,,,,,,,,,,,,,,,,,,,,,,,,,,,,
2017-09-22,,,,,,,,,,,,,,,,,,,,,,,,,,,,,,,,,,,,,,
2017-09-25,,,,,,,,,,,,,,,,,,,,,,,,,,,,,,,,,,,,,,
2017-09-26,,,,,,,,,,,,,,,,,,,,,,,,,,,,,,,,,,,,,,
2017-09-27,,,,,,,,,,,,,,,,,,,,,,,,,,,,,,,,,,,,,,
2017-09-28,,,,,,,,,,,,,,,,,,,,,,,,,,,,,,,,,,,,,,
2017-09-29,,,,,,,,,,,,,,,,,,,,,,,,,,,,,,,,,,,,,,
2017-10-09,,,,,,,,,,,,,,,,,,,,,,,,,,,,,,,,,,,,,,
2017-10-10,,,,,,,,,,,,,,,,,,,,,,,,,,,,,,,,,,,,,,
2017-10-11,,,,,,,,,,,,,,,,,,,,,,,,,,,,,,,,,,,,,,
2017-10-12,,,,,,,,,,,,,,,,,,,,,,,,,,,,,,,,,,,,,,
2017-10-13,,,,,,,,,,,,,,,,,,,,,,,,,,,,,,,,,,,,,,
2017-10-16,,,,,,,,,,,,,,,,,,,,,,,,,,,,,,,,,,,,,,
2017-10-17,,,,,,,,,,,,,,,,,,,,,,,,,,,,,,,,,,,,,,
2017-10-18,,,,,,,,,,,,,,,,,,,,,,,,,,,,,,,,,,,,,,
2017-10-19,,,,,,,,,,,,,,,,,,,,,,,,,,,,,,,,,,,,,,
2017-10-20,,,,,,,,,,,,,,,,,,,,,,,,,,,,,,,,,,,,,,
2017-10-23,,,,,,,,,,,,,,,,,,,,,,,,,,,,,,,,,,,,,,
2017-10-24,,,,,,,,,,,,,,,,,,,,,,,,,,,,,,,,,,,,,,
2017-10-25,,,,,,,,,,,,,,,,,,,,,,,,,,,,,,,,,,,,,,
2017-10-26,,,,,,,,,,,,,,,,,,,,,,,,,,,,,,,,,,,,,,
2017-10-27,,,,,,,,,,,,,,,,,,,,,,,,,,,,,,,,,,,,,,
2017-10-30,,,,,,,,,,,,,,,,,,,,,,,,,,,,,,,,,,,,,,
2017-10-31,,,,,,,,,,,,,,,,,,,,,,,,,,,,,,,,,,,,,,
2017-11-01,,,,,,,,,,,,,,,,,,,,,,,,,,,,,,,,,,,,,,
2017-11-02,,,,,,,,,,,,,,,,,,,,,,,,,,,,,,,,,,,,,,
2017-11-03,,,,,,,,,,,,,,,,,,,,,,,,,,,,,,,,,,,,,,
2017-11-06,,,,,,,,,,,,,,,,,,,,,,,,,,,,,,,,,,,,,,
2017-11-07,,,,,,,,,,,,,,,,,,,,,,,,,,,,,,,,,,,,,,
2017-11-08,,,,,,,,,,,,,,,,,,,,,,,,,,,,,,,,,,,,,,
2017-11-09,,,,,,,,,,,,,,,,,,,,,,,,,,,,,,,,,,,,,,
2017-11-10,,,,,,,,,,,,,,,,,,,,,,,,,,,,,,,,,,,,,,
2017-11-13,,,,,,,,,,,,,,,,,,,,,,,,,,,,,,,,,,,,,,
2017-11-14,,,,,,,,,,,,,,,,,,,,,,,,,,,,,,,,,,,,,,
2017-11-15,,,,,,,,,,,,,,,,,,,,,,,,,,,,,,,,,,,,,,
2017-11-16,,,,,,,,,,,,,,,,,,,,,,,,,,,,,,,,,,,,,,
2017-11-17,,,,,,,,,,,,,,,,,,,,,,,,,,,,,,,,,,,,,,
2017-11-20,,,,,,,,,,,,,,,,,,,,,,,,,,,,,,,,,,,,,,
2017-11-21,,,,,,,,,,,,,,,,,,,,,,,,,,,,,,,,,,,,,,
2017-11-22,,,,,,,,,,,,,,,,,,,,,,,,,,,,,,,,,,,,,,
2017-11-23,,,,,,,,,,,,,,,,,,,,,,,,,,,,,,,,,,,,,,
2017-11-24,,,,,,,,,,,,,,,,,,,,,,,,,,,,,,,,,,,,,,
2017-11-27,,,,,,,,,,,,,,,,,,,,,,,,,,,,,,,,,,,,,,
2017-11-28,,,,,,,,,,,,,,,,,,,,,,,,,,,,,,,,,,,,,,
2017-11-29,,,,,,,,,,,,,,,,,,,,,,,,,,,,,,,,,,,,,,
2017-11-30,,,,,,,,,,,,,,,,,,,,,,,,,,,,,,,,,,,,,,
2017-12-01,,,,,,,,,,,,,,,,,,,,,,,,,,,,,,,,,,,,,,
2017-12-04,,,,,,,,,,,,,,,,,,,,,,,,,,,,,,,,,,,,,,
2017-12-05,,,,,,,,,,,,,,,,,,,,,,,,,,,,,,,,,,,,,,
2017-12-06,,,,,,,,,,,,,,,,,,,,,,,,,,,,,,,,,,,,,,
2017-12-07,,,,,,,,,,,,,,,,,,,,,,,,,,,,,,,,,,,,,,
2017-12-08,,,,,,,,,,,,,,,,,,,,,,,,,,,,,,,,,,,,,,
2017-12-11,,,,,,,,,,,,,,,,,,,,,,,,,,,,,,,,,,,,,,
2017-12-12,,,,,,,,,,,,,,,,,,,,,,,,,,,,,,,,,,,,,,
2017-12-13,,,,,,,,,,,,,,,,,,,,,,,,,,,,,,,,,,,,,,
2017-12-14,,,,,,,,,,,,,,,,,,,,,,,,,,,,,,,,,,,,,,
2017-12-15,,,,,,,,,,,,,,,,,,,,,,,,,,,,,,,,,,,,,,
2017-12-18,,,,,,,,,,,,,,,,,,,,,,,,,,,,,,,,,,,,,,
2017-12-19,,,,,,,,,,,,,,,,,,,,,,,,,,,,,,,,,,,,,,
2017-12-20,,,,,,,,,,,,,,,,,,,,,,,,,,,,,,,,,,,,,,
2017-12-21,,,,,,,,,,,,,,,,,,,,,,,,,,,,,,,,,,,,,,
2017-12-22,,,,,,,,,,,,,,,,,,,,,,,,,,,,,,,,,,,,,,
2017-12-25,,,,,,,,,,,,,,,,,,,,,,,,,,,,,,,,,2640.0,,,,,
2017-12-26,,,,,,,,,,,,,,,,,,,,,,,,,,,,,,,,,,,,,,
2017-12-27,,,,,,,,,,,,,,,,,,,,,,,,,,,,,,,,,,,,,,
2017-12-28,,,,,,,,,,,,,,,,,,,,,,,,,,,,,,,,,,,,,,
2017-12-29,,,,,,,,,,,,,,,,,,,,,,,,,,,,,,,,,,,,,,
2018-01-02,,,,,,,,,,,,,,,,,,,,,,,,,,,,,,,,,,,,,,
2018-01-03,,,,,,,,,,,,,,,,,,,,,,,,,,,,,,,,,,,,,,
2018-01-04,,,,,,,,,,,,,,,,,,,,,,,,,,,,,,,,,,,,,,
2018-01-05,,,,,,,,,,,,,,,,,,,,,,,,,,,,,,,,,,,,,,
2018-01-08,,,,,,,,,,,,,,,,,,,,,,,,,,,,,,,,,,,,,,
2018-01-09,,,,,,,,,,,,,,,,,,,,,,,,,,,,,,,,,,,,,,
2018-01-10,,,,,,,,,,,,,,,,,,,,,,,,,,,,,,,,,,,,,,
2018-01-11,,,,,,,,,,,,,,,,,,,,,,,,,,,,,,,,,,,,,,
2018-01-12,,,,,,,,,,,,,,,,,,,,,,,,,,,,,,,,,,,,,,
2018-01-15,,,,,,,,,,,,,,,,,,,,,,,,,,,,,,,,,,,,,,
2018-01-16,,,,,,,,,,,,,,,,,,,,,,,,,,,,,,,,,,,,,,
2018-01-17,,,,,,,,,,,,,,,,,,,,,,,,,,,,,,,,,,,,,,
2018-01-18,,,,,,,,,,,,,,,,,,,,,,,,,,,,,,,,,,,,,,
2018-01-19,,,,,,,,,,,,,,,,,,,,,,,,,,,,,,,,,,,,,,
2018-01-22,,,,,,,,,,,,,,,,,,,,,,,,,,,,,,,,,,,,,,
2018-01-23,,,,,,,,,,,,,,,,,,,,,,,,,,,,,,,,,,,,,,
2018-01-24,,,,,,,,,,,,,,,,,,,,,,,,,,,,,,,,,,,,,,
2018-01-25,,,,,,,,,,,,,,,,,,,,,,,,,,,,,,,,,,,,,,
2018-01-26,,,,,,,,,,,,,,,,,,,,,,,,,,,,,,,,,,,,,,
2018-01-29,,,,,,,,,,,,,,,,,,,,,,,,,,,,,,,,,,,,,,
2018-01-30,,,,,,,,,,,,,,,,,,,,,,,,,,,,,,,,,,,,,,
2018-01-31,,,,,,,,,,,,,,,,,,,,,,,,,,,,,,,,,,,,,,
2018-02-01,,,,,,,,,,,,,,,,,,,,,,,,,,,,,,,,,,,,,,
2018-02-02,,,,,,,,,,,,,,,,,,,,,,,,,,,,,,,,,,,,,,
2018-02-05,,,,,,,,,,,,,,,,,,,,,,,,,,,,,,,,,,,,,,
2018-02-06,,,,,,,,,,,,,,,,,,,,,,,,,,,,,,,,,,,,,,
2018-02-07,,,,,,,,,,,,,,,,,,,,,,,,,,,,,,,,,,,,,,
2018-02-08,,,,,,,,,,,,,,,,,,,,,,,,,,,,,,,,,,,,,,
2018-02-09,,,,,,,,,,,,,,,,,,,,,,,,,,,,,,,,,,,,,,
2018-02-12,,,,,,,,,,,,,,,,,,,,,,,,,,,,,,,,,,,,,,
2018-02-13,,,,,,,,,,,,,,,,,,,,,,,,,,,,,,,,,,,,,,
2018-02-14,,,,,,,,,,,,,,,,,,,,,,,,,,,,,,,,,,,,,,
2018-02-22,,,,,,,,,,,,,,,,,,,,,,,,,,,,,,,,,2624.0,,,,,
2018-02-23,,,,,,,,,,,,,,,,,,,,,,,,,,,,,,,,,2642.0,,,,,
2018-02-26,,,,,,,,,,,,,,,,,,,,,,,,,,,,,,,,,,,,,,
2018-02-27,,,,,,,,,,,,,,,,,,,,,,,,,,,,,,,,,,,,,,
2018-02-28,,,,,,,,,,,,,,,,,,,,,,,,,,,,,,,,,,,,,,
2018-03-01,,,,,,,,,,,,,,,,,,,,,,,,,,,,,,,,,,,,,,
2018-03-02,,,,,,,,,,,,,,,,,,,,,,,,,,,,,,,,,,,,,,
2018-03-05,,,,,,,,,,,,,,,,,,,,,,,,,,,,,,,,,2520.0,,,,,
2018-03-06,,,,,,,,,,,,,,,,,,,,,,,,,,,,,,,,,,,,,,
2018-03-07,,,,,,,,,,,,,,,,,,,,,,,,,,,,,,,,,,,,,,
2018-03-08,,,,,,,,,,,,,,,,,,,,,,,,,,,,,,,,,,,,,,
2018-03-09,,,,,,,,,,,,,,,,,,,,,,,,,,,,,,,,,,,,,,
2018-03-12,,,,,,,,,,,,,,,,,,,,,,,,,,,,,,,,,,,,,,
2018-03-13,,,,,,,,,,,,,,,,,,,,,,,,,,,,,,,,,,,,,,
2018-03-14,,,,,,,,,,,,,,,,,,,,,,,,,,,,,,,,,,,,,,
2018-03-15,,,,,,,,,,,,,,,,,,,,,,,,,,,,,,,,,,,,,,
2018-03-16,,,,,,,,,,,,,,,,,,,,,,,,,,,,,,,,,,,,,,
2018-03-19,,,,,,,,,,,,,,,,,,,,,,,,,,,,,,,,,,,,,,
2018-03-20,,,,,,,,,,,,,,,,,,,,,,,,,,,,,,,,,,,,,,
2018-03-21,,,,,,,,,,,,,,,,,,,,,,,,,,,,,,,,,,,,,,
2018-03-22,,,,,,,,,,,,,,,,,,,,,,,,,,,,,,,,,,,,,,
2018-03-23,,,,,,,,,,,,,,,,,,,,,,,,,,,,,,,,,,,,,,
2018-03-26,,,,,,,,,,,,,,,,,,,,,,,,,,,,,,,,,,,,,,
2018-03-27,,,,,,,,,,,,,,,,,,,,,,,,,,,,,,,,,,,,,,
2018-03-28,,,,,,,,,,,,,,,,,,,,,,,,,,,,,,,,,,,,,,
2018-03-29,,,,,,,,,,,,,,,,,,,,,,,,,,,,,,,,,,,,,,
