,SM1411.CZC,SM1412.CZC,SM1501.CZC,SM1502.CZC,SM1503.CZC,SM1504.CZC,SM1505.CZC,SM1506.CZC,SM1507.CZC,SM1508.CZC,SM1509.CZC,SM1510.CZC,SM1511.CZC,SM1512.CZC,SM1601.CZC,SM1602.CZC,SM1603.CZC,SM1604.CZC,SM1605.CZC,SM1606.CZC,SM607.CZC,SM608.CZC,SM609.CZC,SM610.CZC,SM611.CZC,SM612.CZC,SM701.CZC,SM702.CZC,SM703.CZC,SM704.CZC,SM705.CZC,SM706.CZC,SM707.CZC,SM708.CZC,SM709.CZC,SM710.CZC,SM711.CZC,SM712.CZC,SM801.CZC,SM802.CZC,SM803.CZC,SM804.CZC,SM805.CZC,SM806.CZC,SM807.CZC,SM808.CZC,SM809.CZC,SM810.CZC,SM811.CZC,SM812.CZC,SM901.CZC,SM902.CZC,SM903.CZC,SM904.CZC,WSet: quota exceeded.
2014-08-08,6466.0,6468.0,6482.0,,,,6492.0,,,,,,,,,,,,,,,,,,,,,,,,,,,,,,,,,,,,,,,,,,,,,,,,
2014-08-11,6462.0,6492.0,6450.0,,,,6458.0,,,,,,,,,,,,,,,,,,,,,,,,,,,,,,,,,,,,,,,,,,,,,,,,
2014-08-12,6478.0,,6414.0,,,,6418.0,,,,,,,,,,,,,,,,,,,,,,,,,,,,,,,,,,,,,,,,,,,,,,,,
2014-08-13,6428.0,6420.0,6424.0,,,,6434.0,,,,,,,,,,,,,,,,,,,,,,,,,,,,,,,,,,,,,,,,,,,,,,,,
2014-08-14,6382.0,,6396.0,,,,6404.0,,,,,,,,,,,,,,,,,,,,,,,,,,,,,,,,,,,,,,,,,,,,,,,,
2014-08-15,,,6412.0,,,,6404.0,,,,,,,,,,,,,,,,,,,,,,,,,,,,,,,,,,,,,,,,,,,,,,,,
2014-08-18,,,6404.0,,,,6418.0,,,,,,,,,,,,,,,,,,,,,,,,,,,,,,,,,,,,,,,,,,,,,,,,
2014-08-19,,,6386.0,,,,6404.0,,,,,,,,,,,,,,,,,,,,,,,,,,,,,,,,,,,,,,,,,,,,,,,,
2014-08-20,,6366.0,6386.0,,,,6392.0,,,,,,,,,,,,,,,,,,,,,,,,,,,,,,,,,,,,,,,,,,,,,,,,
2014-08-21,,,6370.0,,,,6382.0,,,,,,,,,,,,,,,,,,,,,,,,,,,,,,,,,,,,,,,,,,,,,,,,
2014-08-22,,,6392.0,,,,6392.0,,,,,,,,,,,,,,,,,,,,,,,,,,,,,,,,,,,,,,,,,,,,,,,,
2014-08-25,,,6436.0,,,,6396.0,,,,,,,,,,,,,,,,,,,,,,,,,,,,,,,,,,,,,,,,,,,,,,,,
2014-08-26,,,6442.0,,,,6366.0,,,,,,,,,,,,,,,,,,,,,,,,,,,,,,,,,,,,,,,,,,,,,,,,
2014-08-27,,,6398.0,,,,6360.0,,,,,,,,,,,,,,,,,,,,,,,,,,,,,,,,,,,,,,,,,,,,,,,,
2014-08-28,,,6378.0,,,,6344.0,,,,,,,,,,,,,,,,,,,,,,,,,,,,,,,,,,,,,,,,,,,,,,,,
2014-08-29,6322.0,,6372.0,,,,6334.0,,,,,,,,,,,,,,,,,,,,,,,,,,,,,,,,,,,,,,,,,,,,,,,,
2014-09-01,,,6378.0,,,,6344.0,,,,,,,,,,,,,,,,,,,,,,,,,,,,,,,,,,,,,,,,,,,,,,,,
2014-09-02,,,6344.0,,,,6308.0,,,,,,,,,,,,,,,,,,,,,,,,,,,,,,,,,,,,,,,,,,,,,,,,
2014-09-03,,,6340.0,,,,6282.0,,,,,,,,,,,,,,,,,,,,,,,,,,,,,,,,,,,,,,,,,,,,,,,,
2014-09-04,,,6342.0,,,,6270.0,,,,,,,,,,,,,,,,,,,,,,,,,,,,,,,,,,,,,,,,,,,,,,,,
2014-09-05,,,6330.0,,,,6294.0,,,,,,,,,,,,,,,,,,,,,,,,,,,,,,,,,,,,,,,,,,,,,,,,
2014-09-09,,,6298.0,,,,6234.0,,,,,,,,,,,,,,,,,,,,,,,,,,,,,,,,,,,,,,,,,,,,,,,,
2014-09-10,6100.0,,6300.0,,,,6256.0,,,,,,,,,,,,,,,,,,,,,,,,,,,,,,,,,,,,,,,,,,,,,,,,
2014-09-11,,,6264.0,,,,6232.0,,,,,,,,,,,,,,,,,,,,,,,,,,,,,,,,,,,,,,,,,,,,,,,,
2014-09-12,6076.0,,6288.0,,,,6238.0,,,,,,,,,,,,,,,,,,,,,,,,,,,,,,,,,,,,,,,,,,,,,,,,
2014-09-15,6100.0,,6346.0,,,,6302.0,,,,,,,,,,,,,,,,,,,,,,,,,,,,,,,,,,,,,,,,,,,,,,,,
2014-09-16,6100.0,,6300.0,,,,6320.0,,,,,,,,,,,,,,,,,,,,,,,,,,,,,,,,,,,,,,,,,,,,,,,,
2014-09-17,,,6292.0,,,,6272.0,,,,,,,,,,,,,,,,,,,,,,,,,,,,,,,,,,,,,,,,,,,,,,,,
2014-09-18,6038.0,,6252.0,,,,6222.0,,,,,,,,,,,,,,,,,,,,,,,,,,,,,,,,,,,,,,,,,,,,,,,,
2014-09-19,,,6126.0,,,,6078.0,,,,,,,,,,,,,,,,,,,,,,,,,,,,,,,,,,,,,,,,,,,,,,,,
2014-09-22,5840.0,6122.0,6030.0,,,,6000.0,,,,,,,,,,,,,,,,,,,,,,,,,,,,,,,,,,,,,,,,,,,,,,,,
2014-09-23,5588.0,6178.0,6042.0,,,,6008.0,,,,,,,,,,,,,,,,,,,,,,,,,,,,,,,,,,,,,,,,,,,,,,,,
2014-09-24,,,6100.0,,,,6058.0,,,,,,,,,,,,,,,,,,,,,,,,,,,,,,,,,,,,,,,,,,,,,,,,
2014-09-25,5872.0,,6016.0,,,,5956.0,,,,,,,,,,,,,,,,,,,,,,,,,,,,,,,,,,,,,,,,,,,,,,,,
2014-09-26,,,6048.0,6020.0,,,6000.0,,,,,,,,,,,,,,,,,,,,,,,,,,,,,,,,,,,,,,,,,,,,,,,,
2014-09-29,,,6070.0,,,,6050.0,,,,,,,,,,,,,,,,,,,,,,,,,,,,,,,,,,,,,,,,,,,,,,,,
2014-09-30,,,6088.0,,,,6024.0,,,,,,,,,,,,,,,,,,,,,,,,,,,,,,,,,,,,,,,,,,,,,,,,
2014-10-08,,,6086.0,,,,,,,,,,,,,,,,,,,,,,,,,,,,,,,,,,,,,,,,,,,,,,,,,,,,
2014-10-09,5990.0,5994.0,6170.0,,,,6122.0,,,,,,,,,,,,,,,,,,,,,,,,,,,,,,,,,,,,,,,,,,,,,,,,
2014-10-10,,,6144.0,,,,6124.0,,,,,,,,,,,,,,,,,,,,,,,,,,,,,,,,,,,,,,,,,,,,,,,,
2014-10-13,,,6244.0,,,,6166.0,,,,,,,,,,,,,,,,,,,,,,,,,,,,,,,,,,,,,,,,,,,,,,,,
2014-10-14,,6140.0,6202.0,,,,6160.0,,,,6168.0,,,,,,,,,,,,,,,,,,,,,,,,,,,,,,,,,,,,,,,,,,,,
2014-10-15,,,6176.0,,,,,,,,,,,,,,,,,,,,,,,,,,,,,,,,,,,,,,,,,,,,,,,,,,,,
2014-10-16,,,6160.0,,,,,,,,,,,,,,,,,,,,,,,,,,,,,,,,,,,,,,,,,,,,,,,,,,,,
2014-10-17,,,6216.0,,,,,,,,,,,,,,,,,,,,,,,,,,,,,,,,,,,,,,,,,,,,,,,,,,,,
2014-10-20,,,6182.0,,,,6138.0,,,,,,,,,,,,,,,,,,,,,,,,,,,,,,,,,,,,,,,,,,,,,,,,
2014-10-21,,,6194.0,,,,6134.0,,,,,,,,,,,,,,,,,,,,,,,,,,,,,,,,,,,,,,,,,,,,,,,,
2014-10-22,,,6140.0,,,,6084.0,,,,,,,,,,,,,,,,,,,,,,,,,,,,,,,,,,,,,,,,,,,,,,,,
2014-10-23,,,6196.0,,,,,,,,,,,,,,,,,,,,,,,,,,,,,,,,,,,,,,,,,,,,,,,,,,,,
2014-10-24,,,6214.0,,,,6150.0,,,,,,,,,,,,,,,,,,,,,,,,,,,,,,,,,,,,,,,,,,,,,,,,
2014-10-27,,,6196.0,,,,6128.0,,,,,,,,,,,,,,,,,,,,,,,,,,,,,,,,,,,,,,,,,,,,,,,,
2014-10-28,,,6200.0,,,,6100.0,,,,,,,,,,,,,,,,,,,,,,,,,,,,,,,,,,,,,,,,,,,,,,,,
2014-10-29,,,6206.0,,,,6148.0,,,,,,,,,,,,,,,,,,,,,,,,,,,,,,,,,,,,,,,,,,,,,,,,
2014-10-30,,,6180.0,,,,6108.0,,,,,,,,,,,,,,,,,,,,,,,,,,,,,,,,,,,,,,,,,,,,,,,,
2014-10-31,,,6150.0,,,,6090.0,,,,,,,,,,,,,,,,,,,,,,,,,,,,,,,,,,,,,,,,,,,,,,,,
2014-11-03,,,6180.0,,,,6050.0,,,,,,,,,,,,,,,,,,,,,,,,,,,,,,,,,,,,,,,,,,,,,,,,
2014-11-04,,,6196.0,,,,6112.0,,,,,,,,,,,,,,,,,,,,,,,,,,,,,,,,,,,,,,,,,,,,,,,,
2014-11-05,,,6172.0,,,,6128.0,,,,,,,,,,,,,,,,,,,,,,,,,,,,,,,,,,,,,,,,,,,,,,,,
2014-11-06,,,6204.0,,,,6128.0,,,,,,,,,,,,,,,,,,,,,,,,,,,,,,,,,,,,,,,,,,,,,,,,
2014-11-07,,,6208.0,,,,,,,,,,,,,,,,,,,,,,,,,,,,,,,,,,,,,,,,,,,,,,,,,,,,
2014-11-10,6228.0,,6188.0,,,,6122.0,,,,,,,,,,,,,,,,,,,,,,,,,,,,,,,,,,,,,,,,,,,,,,,,
2014-11-11,,,6192.0,,,,,,,,,,,,,,,,,,,,,,,,,,,,,,,,,,,,,,,,,,,,,,,,,,,,
2014-11-12,,,6208.0,,,,,,,,,,,,,,,,,,,,,,,,,,,,,,,,,,,,,,,,,,,,,,,,,,,,
2014-11-13,,,6206.0,,,,,,,,,,,,,,,,,,,,,,,,,,,,,,,,,,,,,,,,,,,,,,,,,,,,
2014-11-14,,,6206.0,,,,6110.0,,,,,,,,,,,,,,,,,,,,,,,,,,,,,,,,,,,,,,,,,,,,,,,,
2014-11-17,,,6194.0,,,,,,,,,,,,,,,,,,,,,,,,,,,,,,,,,,,,,,,,,,,,,,,,,,,,
2014-11-18,,,6188.0,,,,6088.0,,,,,,,,,,,,,,,,,,,,,,,,,,,,,,,,,,,,,,,,,,,,,,,,
2014-11-19,,,6216.0,,,,6100.0,,,,,,,,,,,,,,,,,,,,,,,,,,,,,,,,,,,,,,,,,,,,,,,,
2014-11-20,,,6200.0,,,,6110.0,,,,,,,,,,,,,,,,,,,,,,,,,,,,,,,,,,,,,,,,,,,,,,,,
2014-11-21,,,6196.0,,,,6110.0,,,,,,,,,,,,,,,,,,,,,,,,,,,,,,,,,,,,,,,,,,,,,,,,
2014-11-24,,,6184.0,,,,6128.0,,,,,,,,,,,,,,,,,,,,,,,,,,,,,,,,,,,,,,,,,,,,,,,,
2014-11-25,,,6200.0,,,,6104.0,,,,,,,,,,,,,,,,,,,,,,,,,,,,,,,,,,,,,,,,,,,,,,,,
2014-11-26,,,6208.0,,,,6116.0,,,,,,6162.0,,,,,,,,,,,,,,,,,,,,,,,,,,,,,,,,,,,,,,,,,,
2014-11-27,,,6230.0,,,,6104.0,,,,,,,,,,,,,,,,,,,,,,,,,,,,,,,,,,,,,,,,,,,,,,,,
2014-11-28,,,6192.0,,,,6084.0,,,,,,,,,,,,,,,,,,,,,,,,,,,,,,,,,,,,,,,,,,,,,,,,
2014-12-01,,,6188.0,,,,6106.0,,,,,,,,,,,,,,,,,,,,,,,,,,,,,,,,,,,,,,,,,,,,,,,,
2014-12-02,,,6192.0,,,,6100.0,,,,,,,,,,,,,,,,,,,,,,,,,,,,,,,,,,,,,,,,,,,,,,,,
2014-12-03,,,6168.0,,,,6074.0,,,,,,,,,,,,,,,,,,,,,,,,,,,,,,,,,,,,,,,,,,,,,,,,
2014-12-04,,,6180.0,,,,6088.0,,,,,,,,,,,,,,,,,,,,,,,,,,,,,,,,,,,,,,,,,,,,,,,,
2014-12-05,,,6160.0,,,,,,,,,,,,,,,,,,,,,,,,,,,,,,,,,,,,,,,,,,,,,,,,,,,,
2014-12-08,,,6146.0,,,,6074.0,,,,,,,,,,,,,,,,,,,,,,,,,,,,,,,,,,,,,,,,,,,,,,,,
2014-12-09,,,6164.0,,,,5930.0,,,,,,,,,,,,,,,,,,,,,,,,,,,,,,,,,,,,,,,,,,,,,,,,
2014-12-10,,,6168.0,,,,6016.0,,,,,,,,,,,,,,,,,,,,,,,,,,,,,,,,,,,,,,,,,,,,,,,,
2014-12-11,,,6178.0,,,,6020.0,,,,,,,,,,,,,,,,,,,,,,,,,,,,,,,,,,,,,,,,,,,,,,,,
2014-12-12,,,6146.0,,,,,,,,,,,,,,,,,,,,,,,,,,,,,,,,,,,,,,,,,,,,,,,,,,,,
2014-12-15,,,6174.0,,,,5980.0,,,,,,,,,,,,,,,,,,,,,,,,,,,,,,,,,,,,,,,,,,,,,,,,
2014-12-16,,,6146.0,,,,,,,,,,,,,,,,,,,,,,,,,,,,,,,,,,,,,,,,,,,,,,,,,,,,
2014-12-17,,,6178.0,,,,5948.0,,,,,,,,,,,,,,,,,,,,,,,,,,,,,,,,,,,,,,,,,,,,,,,,
2014-12-18,,,6126.0,,,,5902.0,,,,,,,,,,,,,,,,,,,,,,,,,,,,,,,,,,,,,,,,,,,,,,,,
2014-12-19,,,6126.0,,,,5914.0,,,,,,,,,,,,,,,,,,,,,,,,,,,,,,,,,,,,,,,,,,,,,,,,
2014-12-22,,,6122.0,,,,,,,,,,,,,,,,,,,,,,,,,,,,,,,,,,,,,,,,,,,,,,,,,,,,
2014-12-23,,,6132.0,,,,,,,,,,,,,,,,,,,,,,,,,,,,,,,,,,,,,,,,,,,,,,,,,,,,
2014-12-24,,,6130.0,,,,5920.0,,,,,,,,,,,,,,,,,,,,,,,,,,,,,,,,,,,,,,,,,,,,,,,,
2014-12-25,,,6120.0,,,,,,,,,,,,,,,,,,,,,,,,,,,,,,,,,,,,,,,,,,,,,,,,,,,,
2014-12-26,,,6120.0,,,,5916.0,,,,,,,,,,,,,,,,,,,,,,,,,,,,,,,,,,,,,,,,,,,,,,,,
2014-12-29,,,6104.0,,,,,,,,,,,,,,,,,,,,,,,,,,,,,,,,,,,,,,,,,,,,,,,,,,,,
2014-12-30,,,6154.0,,,,5926.0,,,,,,,,,,,,,,,,,,,,,,,,,,,,,,,,,,,,,,,,,,,,,,,,
2014-12-31,,,6130.0,,,,5958.0,,,,,,,,,,,,,,,,,,,,,,,,,,,,,,,,,,,,,,,,,,,,,,,,
2015-01-05,,,6050.0,,,,,,,,,,,,,,,,,,,,,,,,,,,,,,,,,,,,,,,,,,,,,,,,,,,,
2015-01-06,,,6100.0,,,,,,,,,,,,,,,,,,,,,,,,,,,,,,,,,,,,,,,,,,,,,,,,,,,,
2015-01-07,,,5980.0,,,,,,,,,,,,,,,,,,,,,,,,,,,,,,,,,,,,,,,,,,,,,,,,,,,,
2015-01-08,,,5950.0,,,,5950.0,,,,,,,,,,,,,,,,,,,,,,,,,,,,,,,,,,,,,,,,,,,,,,,,
2015-01-09,,,,,,,,,,,,,,,,,,,,,,,,,,,,,,,,,,,,,,,,,,,,,,,,,,,,,,,
2015-01-12,,,6160.0,,,,,,,,,,,,,,,,,,,,,,,,,,,,,,,,,,,,,,,,,,,,,,,,,,,,
2015-01-13,,,,,,,5948.0,,,,,,,,,,,,,,,,,,,,,,,,,,,,,,,,,,,,,,,,,,,,,,,,
2015-01-14,,,,,,,5930.0,,,,,,,,,,,,,,,,,,,,,,,,,,,,,,,,,,,,,,,,,,,,,,,,
2015-01-15,,,,,,,5938.0,,,,,,,,,,,,,,,,,,,,,,,,,,,,,,,,,,,,,,,,,,,,,,,,
2015-01-16,,,,,,,5920.0,,,,,,,,,,,,,,,,,,,,,,,,,,,,,,,,,,,,,,,,,,,,,,,,
2015-01-19,,,,,,,5826.0,,,,,,,,,,,,,,,,,,,,,,,,,,,,,,,,,,,,,,,,,,,,,,,,
2015-01-20,,,,,,,5802.0,,,,,,,,,,,,,,,,,,,,,,,,,,,,,,,,,,,,,,,,,,,,,,,,
2015-01-21,,,,,,,5774.0,,,,,,,,,,,,,,,,,,,,,,,,,,,,,,,,,,,,,,,,,,,,,,,,
2015-01-22,,,,,,,,,,,,,,,,,,,,,,,,,,,,,,,,,,,,,,,,,,,,,,,,,,,,,,,
2015-01-23,,,,,,,5754.0,,,,,,,,,,,,,,,,,,,,,,,,,,,,,,,,,,,,,,,,,,,,,,,,
2015-01-26,,,,,,,,,,,,,,,,,,,,,,,,,,,,,,,,,,,,,,,,,,,,,,,,,,,,,,,
2015-01-27,,,,,,,5644.0,,,,,,,,,,,,,,,,,,,,,,,,,,,,,,,,,,,,,,,,,,,,,,,,
2015-01-28,,,,,,,5610.0,,,,,,,,,,,,,,,,,,,,,,,,,,,,,,,,,,,,,,,,,,,,,,,,
2015-01-29,,,,,,,5592.0,,,,,,,,,,,,,,,,,,,,,,,,,,,,,,,,,,,,,,,,,,,,,,,,
2015-01-30,,,,,,,5598.0,,,,,,,,,,,,,,,,,,,,,,,,,,,,,,,,,,,,,,,,,,,,,,,,
2015-02-02,,,,,,,5726.0,,,,,,,,,,,,,,,,,,,,,,,,,,,,,,,,,,,,,,,,,,,,,,,,
2015-02-03,,,,,,,5680.0,,,,,,,,,,,,,,,,,,,,,,,,,,,,,,,,,,,,,,,,,,,,,,,,
2015-02-04,,,,,,,5632.0,,,,,,,,,,,,,,,,,,,,,,,,,,,,,,,,,,,,,,,,,,,,,,,,
2015-02-05,,,,,,,5588.0,,,,,,,,,,,,,,,,,,,,,,,,,,,,,,,,,,,,,,,,,,,,,,,,
2015-02-06,,,,,,,5622.0,,,,,,,,,,,,,,,,,,,,,,,,,,,,,,,,,,,,,,,,,,,,,,,,
2015-02-09,,,,,,,5560.0,,,,,,,,,,,,,,,,,,,,,,,,,,,,,,,,,,,,,,,,,,,,,,,,
2015-02-10,,,,,,,5614.0,,,,,,,,,,,,,,,,,,,,,,,,,,,,,,,,,,,,,,,,,,,,,,,,
2015-02-11,,,,,,,5626.0,,,,,,,,,,,,,,,,,,,,,,,,,,,,,,,,,,,,,,,,,,,,,,,,
2015-02-12,,,,,,,5650.0,,,,,,,,,,,,,,,,,,,,,,,,,,,,,,,,,,,,,,,,,,,,,,,,
2015-02-13,,,,,,,,,,,,,,,,,,,,,,,,,,,,,,,,,,,,,,,,,,,,,,,,,,,,,,,
2015-02-16,,,,,,,5648.0,,,,,,,,,,,,,,,,,,,,,,,,,,,,,,,,,,,,,,,,,,,,,,,,
2015-02-17,,,,,,,5588.0,,,,,,,,,,,,,,,,,,,,,,,,,,,,,,,,,,,,,,,,,,,,,,,,
2015-02-25,,,,,,,,,,,,,,,,,,,,,,,,,,,,,,,,,,,,,,,,,,,,,,,,,,,,,,,
2015-02-26,,,,,,,,,,,,,,,,,,,,,,,,,,,,,,,,,,,,,,,,,,,,,,,,,,,,,,,
2015-02-27,,,,,,,,,,,,,,,,,,,,,,,,,,,,,,,,,,,,,,,,,,,,,,,,,,,,,,,
2015-03-02,,,,,,,5558.0,,,,,,,,,,,,,,,,,,,,,,,,,,,,,,,,,,,,,,,,,,,,,,,,
2015-03-03,,,,,,,5652.0,,,,,,,,,,,,,,,,,,,,,,,,,,,,,,,,,,,,,,,,,,,,,,,,
2015-03-04,,,,,,,,,,,,,,,,,,,,,,,,,,,,,,,,,,,,,,,,,,,,,,,,,,,,,,,
2015-03-05,,,,,,,5602.0,,,,,,,,,,,,,,,,,,,,,,,,,,,,,,,,,,,,,,,,,,,,,,,,
2015-03-06,,,,,,,5640.0,,,,,,,,,,,,,,,,,,,,,,,,,,,,,,,,,,,,,,,,,,,,,,,,
2015-03-09,,,,,,,5648.0,,,,,,,,,,,,,,,,,,,,,,,,,,,,,,,,,,,,,,,,,,,,,,,,
2015-03-10,,,,,,,5598.0,,,,,,,,,,,,,,,,,,,,,,,,,,,,,,,,,,,,,,,,,,,,,,,,
2015-03-11,,,,,,,5580.0,,,,,,,,,,,,,,,,,,,,,,,,,,,,,,,,,,,,,,,,,,,,,,,,
2015-03-12,,,,,,,5618.0,,,,,,,,,,,,,,,,,,,,,,,,,,,,,,,,,,,,,,,,,,,,,,,,
2015-03-13,,,,,,,5582.0,,,,,,,,,,,,,,,,,,,,,,,,,,,,,,,,,,,,,,,,,,,,,,,,
2015-03-16,,,,,,,,,,,,,,,,,,,,,,,,,,,,,,,,,,,,,,,,,,,,,,,,,,,,,,,
2015-03-17,,,,,,,5610.0,,,,,,,,,,,,,,,,,,,,,,,,,,,,,,,,,,,,,,,,,,,,,,,,
2015-03-18,,,,,,,5560.0,,,,,,,,,,,,,,,,,,,,,,,,,,,,,,,,,,,,,,,,,,,,,,,,
2015-03-19,,,,,,,5600.0,,,,,,,,,,,,,,,,,,,,,,,,,,,,,,,,,,,,,,,,,,,,,,,,
2015-03-20,,,,,,,5602.0,,,,,,,,,,,,,,,,,,,,,,,,,,,,,,,,,,,,,,,,,,,,,,,,
2015-03-23,,,,,,,5580.0,,,,,,,,,,,,,,,,,,,,,,,,,,,,,,,,,,,,,,,,,,,,,,,,
2015-03-24,,,,,,,5598.0,,,,,,,,,,,,,,,,,,,,,,,,,,,,,,,,,,,,,,,,,,,,,,,,
2015-03-25,,,,,,,5596.0,,,,,,,,,,,,,,,,,,,,,,,,,,,,,,,,,,,,,,,,,,,,,,,,
2015-03-26,,,,,,,5580.0,,,,,,,,,,,,,,,,,,,,,,,,,,,,,,,,,,,,,,,,,,,,,,,,
2015-03-27,,,,,,,5494.0,,,,,,,,,,,,,,,,,,,,,,,,,,,,,,,,,,,,,,,,,,,,,,,,
2015-03-30,,,,,,,5490.0,,,,,,,,,,,,,,,,,,,,,,,,,,,,,,,,,,,,,,,,,,,,,,,,
2015-03-31,,,,,,,5450.0,,,,,,,,,,,,,,,,,,,,,,,,,,,,,,,,,,,,,,,,,,,,,,,,
2015-04-01,,,,,,,,,,,,,,,,,,,,,,,,,,,,,,,,,,,,,,,,,,,,,,,,,,,,,,,
2015-04-02,,,,,,,5342.0,,,,,,,,,,,,,,,,,,,,,,,,,,,,,,,,,,,,,,,,,,,,,,,,
2015-04-03,,,,,,,5420.0,,,,,,,,,,,,,,,,,,,,,,,,,,,,,,,,,,,,,,,,,,,,,,,,
2015-04-07,,,,,,,5398.0,,,,,,,,,,,,,,,,,,,,,,,,,,,,,,,,,,,,,,,,,,,,,,,,
2015-04-08,,,,,,,5352.0,,,,,,,,,,,,,,,,,,,,,,,,,,,,,,,,,,,,,,,,,,,,,,,,
2015-04-09,,,,,,,5380.0,,,,,,,,,,,,,,,,,,,,,,,,,,,,,,,,,,,,,,,,,,,,,,,,
2015-04-10,,,,,,,5262.0,,,,,,,,,,,,,,,,,,,,,,,,,,,,,,,,,,,,,,,,,,,,,,,,
2015-04-13,,,,,,,5436.0,,,,,,,,,,,,,,,,,,,,,,,,,,,,,,,,,,,,,,,,,,,,,,,,
2015-04-14,,,,,,,5410.0,,,,,,,,,,,,,,,,,,,,,,,,,,,,,,,,,,,,,,,,,,,,,,,,
2015-04-15,,,,,,,5420.0,,,,,,,,,,,,,,,,,,,,,,,,,,,,,,,,,,,,,,,,,,,,,,,,
2015-04-16,,,,,,,5448.0,,,,,,,,,,,,,,,,,,,,,,,,,,,,,,,,,,,,,,,,,,,,,,,,
2015-04-17,,,,,,,5226.0,,,,,,,,,,,,,,,,,,,,,,,,,,,,,,,,,,,,,,,,,,,,,,,,
2015-04-20,,,,,,,5300.0,,,,,,,,,,,,,,,,,,,,,,,,,,,,,,,,,,,,,,,,,,,,,,,,
2015-04-21,,,,,,,5356.0,,,,,,,,,,,,,,,,,,,,,,,,,,,,,,,,,,,,,,,,,,,,,,,,
2015-04-22,,,,,,,5398.0,,,,,,,,,,,,,,,,,,,,,,,,,,,,,,,,,,,,,,,,,,,,,,,,
2015-04-23,,,,,,,5380.0,,,,,,,,,,,,,,,,,,,,,,,,,,,,,,,,,,,,,,,,,,,,,,,,
2015-04-24,,,,,,,5380.0,,,,,,,,,,,,,,,,,,,,,,,,,,,,,,,,,,,,,,,,,,,,,,,,
2015-04-27,,,,,,,5566.0,,,,,,,,,,,,,,,,,,,,,,,,,,,,,,,,,,,,,,,,,,,,,,,,
2015-04-28,,,,,,,5396.0,,,,,,,,,,,,,,,,,,,,,,,,,,,,,,,,,,,,,,,,,,,,,,,,
2015-04-29,,,,,,,5368.0,,,,,,,,,,,,,,,,,,,,,,,,,,,,,,,,,,,,,,,,,,,,,,,,
2015-04-30,,,,,,,5332.0,,,,,,,,,,,,,,,,,,,,,,,,,,,,,,,,,,,,,,,,,,,,,,,,
2015-05-04,,,,,,,,,,,,,,,5918.0,,,,,,,,,,,,,,,,,,,,,,,,,,,,,,,,,,,,,,,,
2015-05-05,,,,,,,,,,,,,,,,,,,,,,,,,,,,,,,,,,,,,,,,,,,,,,,,,,,,,,,
2015-05-06,,,,,,,,,,,,,,,5900.0,,,,,,,,,,,,,,,,,,,,,,,,,,,,,,,,,,,,,,,,
2015-05-07,,,,,,,,,,,,,,,,,,,,,,,,,,,,,,,,,,,,,,,,,,,,,,,,,,,,,,,
2015-05-08,,,,,,,,,,,,,,,,,,,,,,,,,,,,,,,,,,,,,,,,,,,,,,,,,,,,,,,
2015-05-11,,,,,,,,,,,,,,,,,,,,,,,,,,,,,,,,,,,,,,,,,,,,,,,,,,,,,,,
2015-05-12,,,,,,,,,,,,,,,5966.0,,,,,,,,,,,,,,,,,,,,,,,,,,,,,,,,,,,,,,,,
2015-05-13,,,,,,,,,,,,,,,5816.0,,,,,,,,,,,,,,,,,,,,,,,,,,,,,,,,,,,,,,,,
2015-05-14,,,,,,,,,,,,,,,,,,,,,,,,,,,,,,,,,,,,,,,,,,,,,,,,,,,,,,,
2015-05-15,,,,,,,,,5204.0,5570.0,,,,,,,,,,,,,,,,,,,,,,,,,,,,,,,,,,,,,,,,,,,,,
2015-05-18,,,,,,,,,,,,,,,,,,,,,,,,,,,,,,,,,,,,,,,,,,,,,,,,,,,,,,,
2015-05-19,,,,,,,,,5510.0,,,,,,5720.0,,,,,,,,,,,,,,,,,,,,,,,,,,,,,,,,,,,,,,,,
2015-05-20,,,,,,,,,,,,,,,,,,5200.0,,,,,,,,,,,,,,,,,,,,,,,,,,,,,,,,,,,,,
2015-05-21,,,,,,,,,,,,,,,,,,,,,,,,,,,,,,,,,,,,,,,,,,,,,,,,,,,,,,,
2015-05-22,,,,,,,,,5400.0,,,,,,,,,,,,,,,,,,,,,,,,,,,,,,,,,,,,,,,,,,,,,,
2015-05-25,,,,,,,,,,,,,,,,,,,,,,,,,,,,,,,,,,,,,,,,,,,,,,,,,,,,,,,
2015-05-26,,,,,,,,,,,,,,,,,,,,,,,,,,,,,,,,,,,,,,,,,,,,,,,,,,,,,,,
2015-05-27,,,,,,,,,,,,,,,,,,,,,,,,,,,,,,,,,,,,,,,,,,,,,,,,,,,,,,,
2015-05-28,,,,,,,,,,,,,,,,,,,,,,,,,,,,,,,,,,,,,,,,,,,,,,,,,,,,,,,
2015-05-29,,,,,,,,,,,,,,,5550.0,,,,,,,,,,,,,,,,,,,,,,,,,,,,,,,,,,,,,,,,
2015-06-01,,,,,,,,,,,,,,,,,,,,,,,,,,,,,,,,,,,,,,,,,,,,,,,,,,,,,,,
2015-06-02,,,,,,,,,,,,,,,5758.0,,,,,,,,,,,,,,,,,,,,,,,,,,,,,,,,,,,,,,,,
2015-06-03,,,,,,,,,,,,,,,,,,,,,,,,,,,,,,,,,,,,,,,,,,,,,,,,,,,,,,,
2015-06-04,,,,,,,,,,,5450.0,,,,5560.0,,,,,,,,,,,,,,,,,,,,,,,,,,,,,,,,,,,,,,,,
2015-06-05,,,,,,,,,,,,,,,,,,,,,,,,,,,,,,,,,,,,,,,,,,,,,,,,,,,,,,,
2015-06-08,,,,,,,,,,,5450.0,,,,,,,,,,,,,,,,,,,,,,,,,,,,,,,,,,,,,,,,,,,,
2015-06-09,,,,,,,,,,,,,,,,,,,,,,,,,,,,,,,,,,,,,,,,,,,,,,,,,,,,,,,
2015-06-10,,,,,,,,,,,,,,,,,,,,,,,,,,,,,,,,,,,,,,,,,,,,,,,,,,,,,,,
2015-06-11,,,,,,,,,,,,,,,,,,,,,,,,,,,,,,,,,,,,,,,,,,,,,,,,,,,,,,,
2015-06-12,,,,,,,,,,,5232.0,,,,,,,,,,,,,,,,,,,,,,,,,,,,,,,,,,,,,,,,,,,,
2015-06-15,,,,,,,,,,,,,,,,,,,,,,,,,,,,,,,,,,,,,,,,,,,,,,,,,,,,,,,
2015-06-16,,,,,,,,,,,,,,,,,,,,,,,,,,,,,,,,,,,,,,,,,,,,,,,,,,,,,,,
2015-06-17,,,,,,,,,,,,,,,,,,,,,,,,,,,,,,,,,,,,,,,,,,,,,,,,,,,,,,,
2015-06-18,,,,,,,,,,,,,,,,,,,,,,,,,,,,,,,,,,,,,,,,,,,,,,,,,,,,,,,
2015-06-19,,,,,,,,,,,,,,,,,,,,,,,,,,,,,,,,,,,,,,,,,,,,,,,,,,,,,,,
2015-06-23,,,,,,,,,,,,,,,,,,,,,,,,,,,,,,,,,,,,,,,,,,,,,,,,,,,,,,,
2015-06-24,,,,,,,,,,,5162.0,,,,,,,,,,,,,,,,,,,,,,,,,,,,,,,,,,,,,,,,,,,,
2015-06-25,,,,,,,,,,,5280.0,,,,,,,,,,,,,,,,,,,,,,,,,,,,,,,,,,,,,,,,,,,,
2015-06-26,,,,,,,,,5184.0,,,,,,,,,,,,,,,,,,,,,,,,,,,,,,,,,,,,,,,,,,,,,,
2015-06-29,,,,,,,,,,,,,,,,,,,,,,,,,,,,,,,,,,,,,,,,,,,,,,,,,,,,,,,
2015-06-30,,,,,,,,,,,5102.0,,,,,,,4598.0,,,,,,,,,,,,,,,,,,,,,,,,,,,,,,,,,,,,,
2015-07-01,,,,,,,,,,,5090.0,,,,,,,4708.0,,,,,,,,,,,,,,,,,,,,,,,,,,,,,,,,,,,,,
2015-07-02,,,,,,,,,,,5400.0,,,,5500.0,,,4610.0,,,,,,,,,,,,,,,,,,,,,,,,,,,,,,,,,,,,,
2015-07-03,,,,,,,,,,,5112.0,,,,,,,4608.0,,,,,,,,,,,,,,,,,,,,,,,,,,,,,,,,,,,,,
2015-07-06,,,,,,,,,,,5316.0,5052.0,,,,,4540.0,4612.0,4484.0,,,,,,,,,,,,,,,,,,,,,,,,,,,,,,,,,,,,
2015-07-07,,,,,,,,,,,5252.0,,,,,,,,,,,,,,,,,,,,,,,,,,,,,,,,,,,,,,,,,,,,
2015-07-08,,,,,,,,,,,,,,,,,,,,,,,,,,,,,,,,,,,,,,,,,,,,,,,,,,,,,,,
2015-07-09,,,,,,,,,,,,,,,,,,,,,,,,,,,,,,,,,,,,,,,,,,,,,,,,,,,,,,,
2015-07-10,,,,,,,,,,,,,,,,,,,,,,,,,,,,,,,,,,,,,,,,,,,,,,,,,,,,,,,
2015-07-13,,,,,,,,,,,5450.0,,,,,,,,,,,,,,,,,,,,,,,,,,,,,,,,,,,,,,,,,,,,
2015-07-14,,,,,,,,,,,5440.0,,,,5676.0,,,5398.0,,,,,,,,,,,,,,,,,,,,,,,,,,,,,,,,,,,,,
2015-07-15,,,,,,,,,,,,,,,5586.0,,,,,,,,,,,,,,,,,,,,,,,,,,,,,,,,,,,,,,,,
2015-07-16,,,,,,,,,,,,,,,,,,,,,,,,,,,,,,,,,,,,,,,,,,,,,,,,,,,,,,,
2015-07-17,,,,,,,,,,,,,,,,,,,,,,,,,,,,,,,,,,,,,,,,,,,,,,,,,,,,,,,
2015-07-20,,,,,,,,,,,,,,,,,,,,,,,,,,,,,,,,,,,,,,,,,,,,,,,,,,,,,,,
2015-07-21,,,,,,,,,,,,,,,,,,,,,,,,,,,,,,,,,,,,,,,,,,,,,,,,,,,,,,,
2015-07-22,,,,,,,,,,,,,,,,,,,,,,,,,,,,,,,,,,,,,,,,,,,,,,,,,,,,,,,
2015-07-23,,,,,,,,,,,,,,,,,,,,,,,,,,,,,,,,,,,,,,,,,,,,,,,,,,,,,,,
2015-07-24,,,,,,,,,,,,,,,,,,,,,,,,,,,,,,,,,,,,,,,,,,,,,,,,,,,,,,,
2015-07-27,,,,,,,,,,,,,,,,,,,,,,,,,,,,,,,,,,,,,,,,,,,,,,,,,,,,,,,
2015-07-28,,,,,,,,,,,,,,,,,,,,,4854.0,,,,,,,,,,,,,,,,,,,,,,,,,,,,,,,,,,
2015-07-29,,,,,,,,,,,,,,,,,,,,,5046.0,,,,,,,,,,,,,,,,,,,,,,,,,,,,,,,,,,
2015-07-30,,,,,,,,,,,,,,,5420.0,,,,,,5100.0,,,,,,,,,,,,,,,,,,,,,,,,,,,,,,,,,,
2015-07-31,,,,,,,,,,,,,,,,,,,,,,,,,,,,,,,,,,,,,,,,,,,,,,,,,,,,,,,
2015-08-03,,,,,,,,,,,,,,,,,,,,,5258.0,,,,,,,,,,,,,,,,,,,,,,,,,,,,,,,,,,
2015-08-04,,,,,,,,,,,,,,,,,,,,,,,,,,,,,,,,,,,,,,,,,,,,,,,,,,,,,,,
2015-08-05,,,,,,,,,,,,,,,,,,,,,,,,,,,,,,,,,,,,,,,,,,,,,,,,,,,,,,,
2015-08-06,,,,,,,,,,,5198.0,,,,,,,,,,5202.0,,,,,,,,,,,,,,,,,,,,,,,,,,,,,,,,,,
2015-08-07,,,,,,,,,,,,,,,,,,,,,5394.0,,,,,,,,,,,,,,,,,,,,,,,,,,,,,,,,,,
2015-08-10,,,,,,,,,,,5198.0,,,,,,,,,,5194.0,,,,,,,,,,,,,,,,,,,,,,,,,,,,,,,,,,
2015-08-11,,,,,,,,,,,,,,,,,,,,,,,,,,,,,,,,,,,,,,,,,,,,,,,,,,,,,,,
2015-08-12,,,,,,,,,,,,,,,,,,,,,5280.0,,,,,,,,,,,,,,,,,,,,,,,,,,,,,,,,,,
2015-08-13,,,,,,,,,,,5196.0,,,,,,,,,,,,,,,,,,,,,,,,,,,,,,,,,,,,,,,,,,,,
2015-08-14,,,,,,,,,,,,,,,5402.0,,,,,,,,,,,,,,,,,,,,,,,,,,,,,,,,,,,,,,,,
2015-08-17,,,,,,,,,,,5406.0,,,,5414.0,,,,,,,,,,,,,,,,,,,,,,,,,,,,,,,,,,,,,,,,
2015-08-18,,,,,,,,,,,5188.0,,,,,,,,,,,,,,,,,,,,,,,,,,,,,,,,,,,,,,,,,,,,
2015-08-19,,,,,,,,,,,,,,,,,,,,,5124.0,,,,,,,,,,,,,,,,,,,,,,,,,,,,,,,,,,
2015-08-20,,,,,,,,,,,,,,,,,,,,,,,,,,,,,,,,,,,,,,,,,,,,,,,,,,,,,,,
2015-08-21,,,,,,,,,,,,,,,5184.0,,,,,,,,,,,,,,,,,,,,,,,,,,,,,,,,,,,,,,,,
2015-08-24,,,,,,,,,,,,,,,5164.0,,,,,,,,,,,,,,,,,,,,,,,,,,,,,,,,,,,,,,,,
2015-08-25,,,,,,,,,,,,,,,5182.0,,,,,,,,,,,,,,,,,,,,,,,,,,,,,,,,,,,,,,,,
2015-08-26,,,,,,,,,,,,,,,5360.0,,,,,,,,,,,,,,,,,,,,,,,,,,,,,,,,,,,,,,,,
2015-08-27,,,,,,,,,,,,,,,5298.0,,,,,,,,,,,,,,,,,,,,,,,,,,,,,,,,,,,,,,,,
2015-08-28,,,,,,,,,,,,,,,,,,,,,,,,,,,,,,,,,,,,,,,,,,,,,,,,,,,,,,,
2015-08-31,,,,,,,,,,,,,,,5146.0,,,,,,,,,,,,,,,,,,,,,,,,,,,,,,,,,,,,,,,,
2015-09-01,,,,,,,,,,,,,,,5350.0,,,,,,,,,,,,,,,,,,,,,,,,,,,,,,,,,,,,,,,,
2015-09-02,,,,,,,,,,,,,,,5008.0,,,,,,,,,,,,,,,,,,,,,,,,,,,,,,,,,,,,,,,,
2015-09-07,,,,,,,,,,,,,,,5050.0,,,,,,,,,,,,,,,,,,,,,,,,,,,,,,,,,,,,,,,,
2015-09-08,,,,,,,,,,,,,,,,,,,,,,,,,,,,,,,,,,,,,,,,,,,,,,,,,,,,,,,
2015-09-09,,,,,,,,,,,,,,,5142.0,,,,,,,,,,,,,,,,,,,,,,,,,,,,,,,,,,,,,,,,
2015-09-10,,,,,,,,,,,,,,,,,,,,,,,,,,,,,,,,,,,,,,,,,,,,,,,,,,,,,,,
2015-09-11,,,,,,,,,,,,,,,,,,,,,,,,,,,,,,,,,,,,,,,,,,,,,,,,,,,,,,,
2015-09-14,,,,,,,,,,,,,,,,,,,,,,,,,,,,,,,,,,,,,,,,,,,,,,,,,,,,,,,
2015-09-15,,,,,,,,,,,,,,,,,,,,,,,,,,,,,,,,,,,,,,,,,,,,,,,,,,,,,,,
2015-09-16,,,,,,,,,,,,,,,5044.0,,,,,,,,,,,,,,,,,,,,,,,,,,,,,,,,,,,,,,,,
2015-09-17,,,,,,,,,,,,,,,5046.0,,,,,,,,,,,,,,,,,,,,,,,,,,,,,,,,,,,,,,,,
2015-09-18,,,,,,,,,,,,,,,,,,,,,,,,,,,,,,,,,,,,,,,,,,,,,,,,,,,,,,,
2015-09-21,,,,,,,,,,,,,,,,,,,,,,,,,,,,,,,,,,,,,,,,,,,,,,,,,,,,,,,
2015-09-22,,,,,,,,,,,,,,,,,,,,,,,,,,,,,,,,,,,,,,,,,,,,,,,,,,,,,,,
2015-09-23,,,,,,,,,,,,,,,,,,,,,,,,,,,,,,,,,,,,,,,,,,,,,,,,,,,,,,,
2015-09-24,,,,,,,,,,,,,,,,,,,,,,,,,,,,,,,,,,,,,,,,,,,,,,,,,,,,,,,
2015-09-25,,,,,,,,,,,,,,,5146.0,,,,,,,,,,,,,,,,,,,,,,,,,,,,,,,,,,,,,,,,
2015-09-28,,,,,,,,,,,,,,,4944.0,,,,,,,,,,,,,,,,,,,,,,,,,,,,,,,,,,,,,,,,
2015-09-29,,,,,,,,,,,,,,,,,,,,,,,,,,,,,,,,,,,,,,,,,,,,,,,,,,,,,,,
2015-09-30,,,,,,,,,,,,,,,4900.0,,,,,,,,,,,,,,,,,,,,,,,,,,,,,,,,,,,,,,,,
2015-10-08,,,,,,,,,,,,,,,4680.0,,,,,,,,,,,,,,,,,,,,,,,,,,,,,,,,,,,,,,,,
2015-10-09,,,,,,,,,,,,,,,4560.0,,,,,,,,,,,,,,,,,,,,,,,,,,,,,,,,,,,,,,,,
2015-10-12,,,,,,,,,,,,,,,4532.0,,,,,,,,,,,,,,,,,,,,,,,,,,,,,,,,,,,,,,,,
2015-10-13,,,,,,,,,,,,,,,4400.0,,,,,,,,,,,,,,,,,,,,,,,,,,,,,,,,,,,,,,,,
2015-10-14,,,,,,,,,,,,,,,4376.0,,,,,,,,,,,,,,,,,,,,,,,,,,,,,,,,,,,,,,,,
2015-10-15,,,,,,,,,,,,,,,4304.0,,,,,,,,,,,,,,,,,,,,,,,,,,,,,,,,,,,,,,,,
2015-10-16,,,,,,,,,,,,,,,4306.0,,,,,,,,,,,,,,,,,,,,,,,,,,,,,,,,,,,,,,,,
2015-10-19,,,,,,,,,,,,,,,4252.0,,,,,,,,,,,,,,,,,,,,,,,,,,,,,,,,,,,,,,,,
2015-10-20,,,,,,,,,,,,,,,4144.0,,,,,,,,,,,,,,,,,,,,,,,,,,,,,,,,,,,,,,,,
2015-10-21,,,,,,,,,,,,,,,4034.0,,,,,,,,,,,,,,,,,,,,,,,,,,,,,,,,,,,,,,,,
2015-10-22,,,,,,,,,,,,,,,4038.0,,,,,,,,,,,,,,,,,,,,,,,,,,,,,,,,,,,,,,,,
2015-10-23,,,,,,,,,,,,,,,4068.0,,,,,,,,,,,,,,,,,,,,,,,,,,,,,,,,,,,,,,,,
2015-10-26,,,,,,,,,,,,,,,3996.0,,,,,,,,,,,,,,,,,,,,,,,,,,,,,,,,,,,,,,,,
2015-10-27,,,,,,,,,,,,,,,3890.0,,,,,,,,,,,,,,,,,,,,,,,,,,,,,,,,,,,,,,,,
2015-10-28,,,,,,,,,,,,,,,3798.0,,,,,,,,,,,,,,,,,,,,,,,,,,,,,,,,,,,,,,,,
2015-10-29,,,,,,,,,,,,,,,3660.0,,,,,,,,,,,,,,,,,,,,,,,,,,,,,,,,,,,,,,,,
2015-10-30,,,,,,,,,,,,,,,3762.0,,,,,,,,,,,,,,,,,,,,,,,,,,,,,,,,,,,,,,,,
2015-11-02,,,,,,,,,,,,,,,3830.0,,,,,,,,,,,,,,,,,,,,,,,,,,,,,,,,,,,,,,,,
2015-11-03,,,,,,,,,,,,,,,4080.0,,,,,,,,,,,,,,,,,,,,,,,,,,,,,,,,,,,,,,,,
2015-11-04,,,,,,,,,,,,,,,4048.0,,,,,,,,,,,,,,,,,,,,,,,,,,,,,,,,,,,,,,,,
2015-11-05,,,,,,,,,,,,,,,4028.0,,,,,,,,,,,,,,,,,,,,,,,,,,,,,,,,,,,,,,,,
2015-11-06,,,,,,,,,,,,,,,4000.0,,,,,,,,3400.0,,,,,,,,,,,,,,,,,,,,,,,,,,,,,,,,
2015-11-09,,,,,,,,,,,,,,,4028.0,,,,,,,,,,,,,,,,,,,,,,,,,,,,,,,,,,,,,,,,
2015-11-10,,,,,,,,,,,,,,,4028.0,,,,,,,,,,,,,,,,,,,,,,,,,,,,,,,,,,,,,,,,
2015-11-11,,,,,,,,,,,,,,,3862.0,,,,,,,,3352.0,,,,,,,,,,,,,,,,,,,,,,,,,,,,,,,,
2015-11-12,,,,,,,,,,,,,,,3720.0,,,,3396.0,,,,3390.0,,,,,,,,,,,,,,,,,,,,,,,,,,,,,,,,
2015-11-13,,,,,,,,,,,,,,,3750.0,,,,3518.0,,,,3470.0,,,,,,,,,,,,,,,,,,,,,,,,,,,,,,,,
2015-11-16,,,,,,,,,,,,,,,3840.0,,,,3800.0,,,,3614.0,,,,,,,,,,,,,,,,,,,,,,,,,,,,,,,,
2015-11-17,,,,,,,,,,,,,,,3818.0,,,,3680.0,,,,3552.0,,,,,,,,,,,,,,,,,,,,,,,,,,,,,,,,
2015-11-18,,,,,,,,,,,,,,,3814.0,,,,,,,,3658.0,,,,,,,,,,,,,,,,,,,,,,,,,,,,,,,,
2015-11-19,,,,,,,,,,,,,,,3728.0,,,,,,,,3660.0,,,,,,,,,,,,,,,,,,,,,,,,,,,,,,,,
2015-11-20,,,,,,,,,,,,,,,3800.0,,,,3666.0,,,,,,,,,,,,,,,,,,,,,,,,,,,,,,,,,,,,
2015-11-23,,,,,,,,,,,,,,,3750.0,,,,,,,,,3482.0,,,,,,,,,,,,,,,,,,,,,,,,,,,,,,,
2015-11-24,,,,,,,,,,,,,,,3778.0,,,,3676.0,,,,,,,,,,,,,,,,,,,,,,,,,,,,,,,,,,,,
2015-11-25,,,,,,,,,,,,,,,3796.0,,,,3586.0,,,,,,,,,,,,,,,,,,,,,,,,,,,,,,,,,,,,
2015-11-26,,,,,,,,,,,,,,,3770.0,,,,3600.0,,,,3786.0,,,,,,,,,,,,,,,,,,,,,,,,,,,,,,,,
2015-11-27,,,,,,,,,,,,,,,3752.0,,,,3676.0,,,,3648.0,,,,,,,,,,,,,,,,,,,,,,,,,,,,,,,,
2015-11-30,,,,,,,,,,,,,,,3746.0,,,,3824.0,,,,3504.0,,,,,,,,,,,,,,,,,,,,,,,,,,,,,,,,
2015-12-01,,,,,,,,,,,,,,,3760.0,,,,3944.0,,,,,,,,,,,,,,,,,,,,,,,,,,,,,,,,,,,,
2015-12-02,,,,,,,,,,,,,,,3718.0,,,,3870.0,,,,,,,,,,,,,,,,,,,,,,,,,,,,,,,,,,,,
2015-12-03,,,,,,,,,,,,,,,3656.0,,,,3692.0,,,,,,,,,,,,,,,,,,,,,,,,,,,,,,,,,,,,
2015-12-04,,,,,,,,,,,,,,,3686.0,,,,,,,,3462.0,,,,,,,,,,,,,,,,,,,,,,,,,,,,,,,,
2015-12-07,,,,,,,,,,,,,,,3712.0,,,,,,,,,,,,,,,,,,,,,,,,,,,,,,,,,,,,,,,,
2015-12-08,,,,,,,,,,,,,,,3684.0,,,,3758.0,,,,3342.0,,,,,,,,,,,,,,,,,,,,,,,,,,,,,,,,
2015-12-09,,,,,,,,,,,,,,,3666.0,,,,3602.0,,,,,,,,,,,,,,,,,,,,,,,,,,,,,,,,,,,,
2015-12-10,,,,,,,,,,,,,,,3660.0,,,,3588.0,,,,,,,,,,,,,,,,,,,,,,,,,,,,,,,,,,,,
2015-12-11,,,,,,,,,,,,,,,3688.0,,,,3546.0,,,,,,,,,,,,,,,,,,,,,,,,,,,,,,,,,,,,
2015-12-14,,,,,,,,,,,,,,,3696.0,,3202.0,,3694.0,,,,3630.0,,,,,,,,,,,,,,,,,,,,,,,,,,,,,,,,
2015-12-15,,,,,,,,,,,,,,,3760.0,,,,3690.0,,,,3510.0,,,,,,,,,,,,,,,,,,,,,,,,,,,,,,,,
2015-12-16,,,,,,,,,,,,,,,3720.0,,3698.0,,3700.0,,,,,,,,,,,,,,,,,,,,,,,,,,,,,,,,,,,,
2015-12-17,,,,,,,,,,,,,,,3728.0,,,,3670.0,,,,,,,,,,,,,,,,,,,,,,,,,,,,,,,,,,,,
2015-12-18,,,,,,,,,,,,,,,3730.0,,,,3700.0,,,,,,,,,,,,,,,,,,,,,,,,,,,,,,,,,,,,
2015-12-21,,,,,,,,,,,,,,,3912.0,,,,3808.0,,,,3718.0,,,,,,,,,,,,,,,,,,,,,,,,,,,,,,,,
2015-12-22,,,,,,,,,,,,,,,3984.0,,,,3854.0,,,,,,,,,,,,,,,,,,,,,,,,,,,,,,,,,,,,
2015-12-23,,,,,,,,,,,,,,,3978.0,,,,3892.0,,,,,,,,,,,,,,,,,,,,,,,,,,,,,,,,,,,,
2015-12-24,,,,,,,,,,,,,,,3982.0,,,,3798.0,,,,,,,,,,,,,,,,,,,,,,,,,,,,,,,,,,,,
2015-12-25,,,,,,,,,,,,,,,3918.0,,,,3868.0,,,,,,,,,,,,,,,,,,,,,,,,,,,,,,,,,,,,
2015-12-28,,,,,,,,,,,,,,,3910.0,,,,3810.0,,,,,,,,,,,,,,,,,,,,,,,,,,,,,,,,,,,,
2015-12-29,,,,,,,,,,,,,,,3950.0,,,,3780.0,,,,,,,,,,,,,,,,,,,,,,,,,,,,,,,,,,,,
2015-12-30,,,,,,,,,,,,,,,4078.0,,,,3840.0,,,,,,,,,,,,,,,,,,,,,,,,,,,,,,,,,,,,
2015-12-31,,,,,,,,,,,,,,,4158.0,,,,3814.0,,,,,,,,,,,,,,,,,,,,,,,,,,,,,,,,,,,,
2016-01-04,,,,,,,,,,,,,,,4118.0,,,,3836.0,,,,,,,,,,,,,,,,,,,,,,,,,,,,,,,,,,,,
2016-01-05,,,,,,,,,,,,,,,,,,,3800.0,,,,,,,,,,,,,,,,,,,,,,,,,,,,,,,,,,,,
2016-01-06,,,,,,,,,,,,,,,,,,,3830.0,,,,,,,,,,,,,,,,,,,,,,,,,,,,,,,,,,,,
2016-01-07,,,,,,,,,,,,,,,,,,,3800.0,,,,,,,,,,,,,,,,,,,,,,,,,,,,,,,,,,,,
2016-01-08,,,,,,,,,,,,,,,,,,,3970.0,,,,3622.0,,,,,,,,,,,,,,,,,,,,,,,,,,,,,,,,
2016-01-11,,,,,,,,,,,,,,,,,,,4090.0,,,,,,,,,,,,,,,,,,,,,,,,,,,,,,,,,,,,
2016-01-12,,,,,,,,,,,,,,,,,,,4102.0,,,,,,,,,,,,,,,,,,,,,,,,,,,,,,,,,,,,
2016-01-13,,,,,,,,,,,,,,,,,,,4122.0,,,,,,,,,,,,,,,,,,,,,,,,,,,,,,,,,,,,
2016-01-14,,,,,,,,,,,,,,,,,,,4278.0,,,,,,,,,,,,,,,,,,,,,,,,,,,,,,,,,,,,
2016-01-15,,,,,,,,,,,,,,,,,,,4246.0,,,,4038.0,,,,,,,,,,,,,,,,,,,,,,,,,,,,,,,,
2016-01-18,,,,,,,,,,,,,,,,,,,4250.0,,,,,,,,,,,,,,,,,,,,,,,,,,,,,,,,,,,,
2016-01-19,,,,,,,,,,,,,,,,,,,4262.0,,,,,,,,,,,,,,,,,,,,,,,,,,,,,,,,,,,,
2016-01-20,,,,,,,,,,,,,,,,,,,4220.0,,,,,,,,,,,,,,,,,,,,,,,,,,,,,,,,,,,,
2016-01-21,,,,,,,,,,,,,,,,,,,4264.0,,,,,,,,,,,,,,,,,,,,,,,,,,,,,,,,,,,,
2016-01-22,,,,,,,,,,,,,,,,,,,4302.0,,,,4146.0,,,,,,,,,,,,,,,,,,,,,,,,,,,,,,,,
2016-01-25,,,,,,,,,,,,,,,,,,,4286.0,,,,,,,,,,,,,,,,,,,,,,,,,,,,,,,,,,,,
2016-01-26,,,,,,,,,,,,,,,,,,,4320.0,,,,,,,,,,,,,,,,,,,,,,,,,,,,,,,,,,,,
2016-01-27,,,,,,,,,,,,,,,,,,,4320.0,,,,4152.0,,,,,,,,,,,,,,,,,,,,,,,,,,,,,,,,
2016-01-28,,,,,,,,,,,,,,,,,,,4276.0,,,,,,,,3768.0,,,,,,,,,,,,,,,,,,,,,,,,,,,,
2016-01-29,,,,,,,,,,,,,,,,,,,4342.0,,,,,,,,,,,,,,,,,,,,,,,,,,,,,,,,,,,,
2016-02-01,,,,,,,,,,,,,,,,,,,4342.0,,,,,,,,,,,,,,,,,,,,,,,,,,,,,,,,,,,,
2016-02-02,,,,,,,,,,,,,,,,,,,4330.0,,,,,,,,,,,,,,,,,,,,,,,,,,,,,,,,,,,,
2016-02-03,,,,,,,,,,,,,,,,,,,4350.0,,,,,,,,,,,,,,,,,,,,,,,,,,,,,,,,,,,,
2016-02-04,,,,,,,,,,,,,,,,,,,4382.0,,,,,,,,,,,,,,,,,,,,,,,,,,,,,,,,,,,,
2016-02-05,,,,,,,,,,,,,,,,,,,4444.0,,,,,,,,,,,,,,,,,,,,,,,,,,,,,,,,,,,,
2016-02-15,,,,,,,,,,,,,,,,,,,4448.0,,,,,,,,,,,,,,,,,,,,,,,,,,,,,,,,,,,,
2016-02-16,,,,,,,,,,,,,,,,,,,4442.0,,,,,,,,,,,,,,,,,,,,,,,,,,,,,,,,,,,,
2016-02-17,,,,,,,,,,,,,,,,,,,4422.0,,,,,,,,,,,,,,,,,,,,,,,,,,,,,,,,,,,,
2016-02-18,,,,,,,,,,,,,,,,,,,4418.0,,,,,,,,,,,,,,,,,,,,,,,,,,,,,,,,,,,,
2016-02-19,,,,,,,,,,,,,,,,,,,4512.0,,,,,,,,,,,,,,,,,,,,,,,,,,,,,,,,,,,,
2016-02-22,,,,,,,,,,,,,,,,,,,4620.0,,,,,,,,,,,,,,,,,,,,,,,,,,,,,,,,,,,,
2016-02-23,,,,,,,,,,,,,,,,,,,4550.0,,,,,,,,,,,,,,,,,,,,,,,,,,,,,,,,,,,,
2016-02-24,,,,,,,,,,,,,,,,,,,4578.0,,,,,,,,,,,,,,,,,,,,,,,,,,,,,,,,,,,,
2016-02-25,,,,,,,,,,,,,,,,,,,4552.0,,,,,,,,,,,,,,,,,,,,,,,,,,,,,,,,,,,,
2016-02-26,,,,,,,,,,,,,,,,,,,4586.0,,,,,,,,,,,,,,,,,,,,,,,,,,,,,,,,,,,,
2016-02-29,,,,,,,,,,,,,,,,,,,4668.0,,,,,,,,,,,,,,,,,,,,,,,,,,,,,,,,,,,,
2016-03-01,,,,,,,,,,,,,,,,,,,4832.0,,,,,,,,,,,,,,,,,,,,,,,,,,,,,,,,,,,,
2016-03-02,,,,,,,,,,,,,,,,,,,4974.0,,,,,,,,,,,,,,,,,,,,,,,,,,,,,,,,,,,,
2016-03-03,,,,,,,,,,,,,,,,,,,5068.0,,,,4844.0,,,,,,,,,,,,,,,,,,,,,,,,,,,,,,,,
2016-03-04,,,,,,,,,,,,,,,,,,,5118.0,,,,4950.0,,,,,,,,,,,,,,,,,,,,,,,,,,,,,,,,
2016-03-07,,,,,,,,,,,,,,,,,,,5300.0,,,,5182.0,,,,,,,,,,,,,,,,,,,,,,,,,,,,,,,,
2016-03-08,,,,,,,,,,,,,,,,,,,5550.0,,,,5390.0,,,,,,,,,,,,,,,,,,,,,,,,,,,,,,,,
2016-03-09,,,,,,,,,,,,,,,,,,,5320.0,,,,5278.0,,,,,,,,,,,,,,,,,,,,,,,,,,,,,,,,
2016-03-10,,,,,,,,,,,,,,,,,,,5180.0,,,,5172.0,,,,,,,,,,,,,,,,,,,,,,,,,,,,,,,,
2016-03-11,,,,,,,,,,,,,,,,,,,5240.0,,,,5134.0,,,,4718.0,,,,,,,,,,,,,,,,,,,,,,,,,,,,
2016-03-14,,,,,,,,,,,,,,,,,,,5220.0,,,,5200.0,,,,,,,,,,,,,,,,,,,,,,,,,,,,,,,,
2016-03-15,,,,,,,,,,,,,,,,,,,5304.0,,,,5152.0,,,,,,,,,,,,,,,,,,,,,,,,,,,,,,,,
2016-03-16,,,,,,,,,,,,,,,,,,,5454.0,,,,5220.0,,,,,,,,,,,,,,,,,,,,,,,,,,,,,,,,
2016-03-17,,,,,,,,,,,,,,,,,,,5544.0,,,,5350.0,,,,4920.0,,,,,,,,,,,,,,,,,,,,,,,,,,,,
2016-03-18,,,,,,,,,,,,,,,,,,,5578.0,,,,5332.0,,,,4884.0,,,,,,,,,,,,,,,,,,,,,,,,,,,,
2016-03-21,,,,,,,,,,,,,,,,,,,5370.0,,,,5216.0,,,,,,,,,,,,,,,,,,,,,,,,,,,,,,,,
2016-03-22,,,,,,,,,,,,,,,,,,,5464.0,,,,5298.0,,,,,,,,,,,,,,,,,,,,,,,,,,,,,,,,
2016-03-23,,,,,,,,,,,,,,,,,,,5380.0,,,,,,,,,,,,,,,,,,,,,,,,,,,,,,,,,,,,
2016-03-24,,,,,,,,,,,,,,,,,,,5422.0,,,,5198.0,,,,,,,,,,,,,,,,,,,,,,,,,,,,,,,,
2016-03-25,,,,,,,,,,,,,,,,,,,5476.0,,,,5208.0,,,,,,,,,,,,,,,,,,,,,,,,,,,,,,,,
2016-03-28,,,,,,,,,,,,,,,,,,,5296.0,,,,5162.0,,,,,,,,,,,,,,,,,,,,,,,,,,,,,,,,
2016-03-29,,,,,,,,,,,,,,,,,,,5330.0,,,,5132.0,,,,,,,,,,,,,,,,,,,,,,,,,,,,,,,,
2016-03-30,,,,,,,,,,,,,,,,,,,5334.0,,,,5160.0,,,,,,,,,,,,,,,,,,,,,,,,,,,,,,,,
2016-03-31,,,,,,,,,,,,,,,,,,,5300.0,,,,5116.0,,,,,,,,,,,,,,,,,,,,,,,,,,,,,,,,
2016-04-01,,,,,,,,,,,,,,,,,,,5404.0,,,,5220.0,,,,,,,,,,,,,,,,,,,,,,,,,,,,,,,,
2016-04-05,,,,,,,,,,,,,,,,,,,5352.0,,,,5170.0,,,,,,,,,,,,,,,,,,,,,,,,,,,,,,,,
2016-04-06,,,,,,,,,,,,,,,,,,,5354.0,,,,,,,,,,,,,,,,,,,,,,,,,,,,,,,,,,,,
2016-04-07,,,,,,,,,,,,,,,,,,,5336.0,,,,5168.0,,,,,,,,,,,,,,,,,,,,,,,,,,,,,,,,
2016-04-08,,,,,,,,,,,,,,,,,,,5300.0,,,,,,,,,,,,,,,,,,,,,,,,,,,,,,,,,,,,
2016-04-11,,,,,,,,,,,,,,,,,,,5338.0,,,,5170.0,,,,,,,,,,,,,,,,,,,,,,,,,,,,,,,,
2016-04-12,,,,,,,,,,,,,,,,,,,5356.0,,,,5178.0,,,,,,,,,,,,,,,,,,,,,,,,,,,,,,,,
2016-04-13,,,,,,,,,,,,,,,,,,,5454.0,,,,5218.0,,,,5242.0,,,,,,,,,,,,,,,,,,,,,,,,,,,,
2016-04-14,,,,,,,,,,,,,,,,,,,5492.0,,,,5188.0,,,,,,,,,,,,,,,,,,,,,,,,,,,,,,,,
2016-04-15,,,,,,,,,,,,,,,,,,,5316.0,,,,5100.0,,,,,,,,,,,,,,,,,,,,,,,,,,,,,,,,
2016-04-18,,,,,,,,,,,,,,,,,,,5360.0,,,,5122.0,,,,,,,,,,,,,,,,,,,,,,,,,,,,,,,,
2016-04-19,,,,,,,,,,,,,,,,,,,5330.0,,,,5120.0,,,,,,,,,,,,,,,,,,,,,,,,,,,,,,,,
2016-04-20,,,,,,,,,,,,,,,,,,,5450.0,,,,5198.0,,,,,,,,,,,,,,,,,,,,,,,,,,,,,,,,
2016-04-21,,,,,,,,,,,,,,,,,,,5530.0,,,,5296.0,,,,,,,,,,,,,,,,,,,,,,,,,,,,,,,,
2016-04-22,,,,,,,,,,,,,,,,,,,5450.0,,,,5208.0,,,,,,,,,,,,,,,,,,,,,,,,,,,,,,,,
2016-04-25,,,,,,,,,,,,,,,,,,,5558.0,,,,5184.0,,,,,,,,,,,,,,,,,,,,,,,,,,,,,,,,
2016-04-26,,,,,,,,,,,,,,,,,,,5598.0,,,,5162.0,,,,5196.0,,,,,,,,,,,,,,,,,,,,,,,,,,,,
2016-04-27,,,,,,,,,,,,,,,,,,,5566.0,,,,5116.0,,,,,,,,,,,,,,,,,,,,,,,,,,,,,,,,
2016-04-28,,,,,,,,,,,,,,,,,,,5524.0,,,,5082.0,,,,,,,,,,,,,,,,,,,,,,,,,,,,,,,,
2016-04-29,,,,,,,,,,,,,,,,,,,5526.0,,,,5078.0,,,,5076.0,,,,,,,,,,,,,,,,,,,,,,,,,,,,
2016-05-03,,,,,,,,,,,,,,,,,,,5444.0,,,,5040.0,,,,,,,,,,,,,,,,,,,,,,,,,,,,,,,,
2016-05-04,,,,,,,,,,,,,,,,,,,,,,,4952.0,,,,5024.0,,,,,,,,,,,,,,,,,,,,,,,,,,,,
2016-05-05,,,,,,,,,,,,,,,,,,,,,,,4924.0,,,,5000.0,,,,,,,,,,,,,,,,,,,,,,,,,,,,
2016-05-06,,,,,,,,,,,,,,,,,,,,,,,4778.0,,,,,,,,,,,,,,,,,,,,,,,,,,,,,,,,
2016-05-09,,,,,,,,,,,,,,,,,,,5662.0,,,,4590.0,,,,,,,,,,,,,,,,,,,,,,,,,,,,,,,,
2016-05-10,,,,,,,,,,,,,,,,,,,,,,,4632.0,,,,4552.0,,,,,,,,,,,,,,,,,,,,,,,,,,,,
2016-05-11,,,,,,,,,,,,,,,,,,,5600.0,,,,4658.0,,,,4552.0,,,,,,,,,,,,,,,,,,,,,,,,,,,,
2016-05-12,,,,,,,,,,,,,,,,,,,,,,,4606.0,,,,,,,,,,,,,,,,,,,,,,,,,,,,,,,,
2016-05-13,,,,,,,,,,,,,,,,,,,,,,,4658.0,,,,4686.0,,,,,,,,,,,,,,,,,,,,,,,,,,,,
2016-05-16,,,,,,,,,,,,,,,,,,,,,,,4678.0,,,,,,,,,,,,,,,,,,,,,,,,,,,,,,,,
2016-05-17,,,,,,,,,,,,,,,,,,,,,,,4662.0,,,,,,,,,,,,,,,,,,,,,,,,,,,,,,,,
2016-05-18,,,,,,,,,,,,,,,,,,,,,,,4566.0,,,,,,,,,,,,,,,,,,,,,,,,,,,,,,,,
2016-05-19,,,,,,,,,,,,,,,,,,,,,,,4580.0,,,,,,,,,,,,,,,,,,,,,,,,,,,,,,,,
2016-05-20,,,,,,,,,,,,,,,,,,,,,,,4532.0,,,,,,,,,,,,,,,,,,,,,,,,,,,,,,,,
2016-05-23,,,,,,,,,,,,,,,,,,,,,,,4516.0,,,,,,,,,,,,,,,,,,,,,,,,,,,,,,,,
2016-05-24,,,,,,,,,,,,,,,,,,,,,,,4544.0,,,,,,,,,,,,,,,,,,,,,,,,,,,,,,,,
2016-05-25,,,,,,,,,,,,,,,,,,,,,,,4550.0,,,,,,,,,,,,,,,,,,,,,,,,,,,,,,,,
2016-05-26,,,,,,,,,,,,,,,,,,,,,,,4576.0,,,,,,,,,,,,,,,,,,,,,,,,,,,,,,,,
2016-05-27,,,,,,,,,,,,,,,,,,,,,,,4552.0,,,,,,,,,,,,,,,,,,,,,,,,,,,,,,,,
2016-05-30,,,,,,,,,,,,,,,,,,,,,,,4580.0,,,,,,,,,,,,,,,,,,,,,,,,,,,,,,,,
2016-05-31,,,,,,,,,,,,,,,,,,,,,,,4572.0,,,,,,,,,,,,,,,,,,,,,,,,,,,,,,,,
2016-06-01,,,,,,,,,,,,,,,,,,,,,,,,,,,,,,,,,,,,,,,,,,,,,,,,,,,,,,,
2016-06-02,,,,,,,,,,,,,,,,,,,,,,,4764.0,,,,4886.0,,,,,,,,,,,,,,,,,,,,,,,,,,,,
2016-06-03,,,,,,,,,,,,,,,,,,,,,,,4736.0,,,,,,,,,,,,,,,,,,,,,,,,,,,,,,,,
2016-06-06,,,,,,,,,,,,,,,,,,,,,,,4698.0,,,,,,,,,,,,,,,,,,,,,,,,,,,,,,,,
2016-06-07,,,,,,,,,,,,,,,,,,,,,,,4644.0,,,,,,,,,,,,,,,,,,,,,,,,,,,,,,,,
2016-06-08,,,,,,,,,,,,,,,,,,,,,,,4608.0,,,,,,,,,,,,,,,,,,,,,,,,,,,,,,,,
2016-06-13,,,,,,,,,,,,,,,,,,,,,,,4634.0,,,,,,,,,,,,,,,,,,,,,,,,,,,,,,,,
2016-06-14,,,,,,,,,,,,,,,,,,,,,,,4610.0,,,,,,,,,,,,,,,,,,,,,,,,,,,,,,,,
2016-06-15,,,,,,,,,,,,,,,,,,,,,,,4628.0,,,,,,,,,,,,,,,,,,,,,,,,,,,,,,,,
2016-06-16,,,,,,,,,,,,,,,,,,,,,,,4648.0,,,,,,,,,,,,,,,,,,,,,,,,,,,,,,,,
2016-06-17,,,,,,,,,,,,,,,,,,,,,,,4620.0,,,,,,,,,,,,,,,,,,,,,,,,,,,,,,,,
2016-06-20,,,,,,,,,,,,,,,,,,,,,,,4642.0,,,,,,,,,,,,,,,,,,,,,,,,,,,,,,,,
2016-06-21,,,,,,,,,,,,,,,,,,,,,,,4678.0,,,,,,,,,,,,,,,,,,,,,,,,,,,,,,,,
2016-06-22,,,,,,,,,,,,,,,,,,,,,,,4622.0,,,,,,,,,,,,,,,,,,,,,,,,,,,,,,,,
2016-06-23,,,,,,,,,,,,,,,,,,,,,,,4644.0,,,,,,,,,,,,,,,,,,,,,,,,,,,,,,,,
2016-06-24,,,,,,,,,,,,,,,,,,,,,,,4650.0,,,,,,,,,,,,,,,,,,,,,,,,,,,,,,,,
2016-06-27,,,,,,,,,,,,,,,,,,,,,,,4700.0,,,,,,,,,,,,,,,,,,,,,,,,,,,,,,,,
2016-06-28,,,,,,,,,,,,,,,,,,,,,,,4758.0,,,,,,,,,,,,,,,,,,,,,,,,,,,,,,,,
2016-06-29,,,,,,,,,,,,,,,,,,,,,,,4700.0,,,,,,,,,,,,,,,,,,,,,,,,,,,,,,,,
2016-06-30,,,,,,,,,,,,,,,,,,,,,,,4674.0,,,,,,,,,,,,,,,,,,,,,,,,,,,,,,,,
2016-07-01,,,,,,,,,,,,,,,,,,,,,,,4726.0,,,,,,,,,,,,,,,,,,,,,,,,,,,,,,,,
2016-07-04,,,,,,,,,,,,,,,,,,,,,,,4850.0,,,,,,,,,,,,,,,,,,,,,,,,,,,,,,,,
2016-07-05,,,,,,,,,,,,,,,,,,,,,,,4658.0,,,,,,,,,,,,,,,,,,,,,,,,,,,,,,,,
2016-07-06,,,,,,,,,,,,,,,,,,,,,,,4654.0,,,,,,,,,,,,,,,,,,,,,,,,,,,,,,,,
2016-07-07,,,,,,,,,,,,,,,,,,,,,,,4620.0,,,,,,,,,,,,,,,,,,,,,,,,,,,,,,,,
2016-07-08,,,,,,,,,,,,,,,,,,,,,,,4636.0,,,,,,,,,,,,,,,,,,,,,,,,,,,,,,,,
2016-07-11,,,,,,,,,,,,,,,,,,,,,,,4760.0,,,,,,,,,,,,,,,,,,,,,,,,,,,,,,,,
2016-07-12,,,,,,,,,,,,,,,,,,,,,,,4778.0,,,,5100.0,,,,,,,,,,,,,,,,,,,,,,,,,,,,
2016-07-13,,,,,,,,,,,,,,,,,,,,,,,4750.0,,,,4918.0,,,,,,,,,,,,,,,,,,,,,,,,,,,,
2016-07-14,,,,,,,,,,,,,,,,,,,,,,,4776.0,,,,,,,,,,,,,,,,,,,,,,,,,,,,,,,,
2016-07-15,,,,,,,,,,,,,,,,,,,,,,,4802.0,,,,,,,,,,,,,,,,,,,,,,,,,,,,,,,,
2016-07-18,,,,,,,,,,,,,,,,,,,,,,,4840.0,,,,,,,,,,,,,,,,,,,,,,,,,,,,,,,,
2016-07-19,,,,,,,,,,,,,,,,,,,,,,,5042.0,,,,,,,,,,,,,,,,,,,,,,,,,,,,,,,,
2016-07-20,,,,,,,,,,,,,,,,,,,,,,,5194.0,,,,5058.0,,,,,,,,,,,,,,,,,,,,,,,,,,,,
2016-07-21,,,,,,,,,,,,,,,,,,,,,,,5550.0,,,,,,,,,,,,,,,,,,,,,,,,,,,,,,,,
2016-07-22,,,,,,,,,,,,,,,,,,,,,,,5650.0,,,,5164.0,,,,,,,,,,,,,,,,,,,,,,,,,,,,
2016-07-25,,,,,,,,,,,,,,,,,,,,,,,5834.0,,,,5350.0,,,,,,,,,,,,,,,,,,,,,,,,,,,,
2016-07-26,,,,,,,,,,,,,,,,,,,,,,,5936.0,,,5288.0,5512.0,,,,,,,,,,,,,,,,,,,,,,,,,,,,
2016-07-27,,,,,,,,,,,,,,,,,,,,,,,5964.0,,,,5720.0,,,,,,,,,,,,,,,,,,,,,,,,,,,,
2016-07-28,,,,,,,,,,,,,,,,,,,,,,,6034.0,,,,5758.0,,,,,,,,,,,,,,,,,,,,,,,,,,,,
2016-07-29,,,,,,,,,,,,,,,,,,,,,,,5900.0,,,,5736.0,5970.0,,,5668.0,,,,,,,,,,,,,,,,,,,,,,,,
2016-08-01,,,,,,,,,,,,,,,,,,,,,,,5946.0,,,,5690.0,,,,,,,,,,,,,,,,,,,,,,,,,,,,
2016-08-02,,,,,,,,,,,,,,,,,,,,,,,6110.0,,,,5862.0,,,,,,,,,,,,,,,,,,,,,,,,,,,,
2016-08-03,,,,,,,,,,,,,,,,,,,,,,,6330.0,,,,5852.0,,,,,,,,,,,,,,,,,,,,,,,,,,,,
2016-08-04,,,,,,,,,,,,,,,,,,,,,,,6236.0,,,5574.0,5774.0,,,,,,,,,,,,,,,,,,,,,,,,,,,,
2016-08-05,,,,,,,,,,,,,,,,,,,,,,,6420.0,,,,5840.0,,,,,,,,,,,,,,,,,,,,,,,,,,,,
2016-08-08,,,,,,,,,,,,,,,,,,,,,,,6370.0,,,5220.0,5890.0,,,,,,,,,,,,,,,,,,,,,,,,,,,,
2016-08-09,,,,,,,,,,,,,,,,,,,,,,,6310.0,,,,5782.0,,,,,,,,,,,,,,,,,,,,,,,,,,,,
2016-08-10,,,,,,,,,,,,,,,,,,,,,,,6320.0,,,,5818.0,,,,,,,,,,,,,,,,,,,,,,,,,,,,
2016-08-11,,,,,,,,,,,,,,,,,,,,,,,6306.0,,,,5792.0,,,,,,,,,,,,,,,,,,,,,,,,,,,,
2016-08-12,,,,,,,,,,,,,,,,,,,,,,,6304.0,,,,5778.0,,,,,,,,,,,,,,,,,,,,,,,,,,,,
2016-08-15,,,,,,,,,,,,,,,,,,,,,,,6070.0,,,,5786.0,,,,,,,,,,,,,,,,,,,,,,,,,,,,
2016-08-16,,,,,,,,,,,,,,,,,,,,,,,6176.0,,,,5866.0,,,,,,,,,,,,,,,,,,,,,,,,,,,,
2016-08-17,,,,,,,,,,,,,,,,,,,,,,,6180.0,,,,5760.0,,,,,,,,,,,,,,,,,,,,,,,,,,,,
2016-08-18,,,,,,,,,,,,,,,,,,,,,,,6168.0,,,,5732.0,,,,,,,,,,,,,,,,,,,,,,,,,,,,
2016-08-19,,,,,,,,,,,,,,,,,,,,,,,6176.0,,,,5592.0,,,,,,,,,,,,,,,,,,,,,,,,,,,,
2016-08-22,,,,,,,,,,,,,,,,,,,,,,,6144.0,,,,5510.0,,,,,,,,,,,,,,,,,,,,,,,,,,,,
2016-08-23,,,,,,,,,,,,,,,,,,,,,,,6174.0,,,5510.0,5550.0,,,,,,,,,,,,,,,,,,,,,,,,,,,,
2016-08-24,,,,,,,,,,,,,,,,,,,,,,,6200.0,,,5382.0,5512.0,,,,,,,,,,,,,,,,,,,,,,,,,,,,
2016-08-25,,,,,,,,,,,,,,,,,,,,,,,6360.0,,,5320.0,5484.0,,,,,,,,,,,,,,,,,,,,,,,,,,,,
2016-08-26,,,,,,,,,,,,,,,,,,,,,,,6484.0,,,,5512.0,,,,,,,,,,,,,,,,,,,,,,,,,,,,
2016-08-29,,,,,,,,,,,,,,,,,,,,,,,6290.0,,,,5480.0,,,,,,,,,,,,,,,,,,,,,,,,,,,,
2016-08-30,,,,,,,,,,,,,,,,,,,,,,,5982.0,,,,5422.0,,,,,,,,,,,,,,,,,,,,,,,,,,,,
2016-08-31,,,,,,,,,,,,,,,,,,,,,,,5954.0,,,5254.0,5560.0,,,,,,,,,,,,,,,,,,,,,,,,,,,,
2016-09-01,,,,,,,,,,,,,,,,,,,,,,,5960.0,,,,5614.0,,,,,,,,,,,,,,,,,,,,,,,,,,,,
2016-09-02,,,,,,,,,,,,,,,,,,,,,,,,,,,5624.0,,,,,,,,,,,,,,,,,,,,,,,,,,,,
2016-09-05,,,,,,,,,,,,,,,,,,,,,,,,,,5518.0,5710.0,,,,,,,5106.0,,,,,,,,,,,,,,,,,,,,,
2016-09-06,,,,,,,,,,,,,,,,,,,,,,,5900.0,,,,5682.0,,,,,,,,,,,,,,,,,,,,,,,,,,,,
2016-09-07,,,,,,,,,,,,,,,,,,,,,,,,,,,5606.0,,,,,,,,,,,,,,,,,,,,,,,,,,,,
2016-09-08,,,,,,,,,,,,,,,,,,,,,,,,,,,5838.0,,,,,,,5288.0,,,,,,,,,,,,,,,,,,,,,
2016-09-09,,,,,,,,,,,,,,,,,,,,,,,,,,5560.0,5868.0,,,,,,,,,,,,,,,,,,,,,,,,,,,,
2016-09-12,,,,,,,,,,,,,,,,,,,,,,,,,,,5772.0,,,,,,,,,,,,,,,,,,,,,,,,,,,,
2016-09-13,,,,,,,,,,,,,,,,,,,,,,,,,,5750.0,5938.0,,,,,,,,,,,,,,,,,,,,,,,,,,,,
2016-09-14,,,,,,,,,,,,,,,,,,,,,,,,,,,5904.0,,,,,,,,,,,,,,,,,,,,,,,,,,,,
2016-09-19,,,,,,,,,,,,,,,,,,,,,,,,,,5890.0,5900.0,,,,,,,,,,,,,,,,,,,,,,,,,,,,
2016-09-20,,,,,,,,,,,,,,,,,,,,,,,,,,6138.0,6274.0,,,,,,,,,,,,,,,,,,,,,,,,,,,,
2016-09-21,,,,,,,,,,,,,,,,,,,,,,,,,,,6380.0,,,,,,,,6222.0,,,,,,,,,,,,,,,,,,,,
2016-09-22,,,,,,,,,,,,,,,,,,,,,,,,,,,6416.0,,,,6244.0,,,,6398.0,,,,,,,,,,,,,,,,,,,,
2016-09-23,,,,,,,,,,,,,,,,,,,,,,,,,,,6506.0,,,,6218.0,,,,6284.0,,,,,,,,,,,,,,,,,,,,
2016-09-26,,,,,,,,,,,,,,,,,,,,,,,,,,,6826.0,,,,6378.0,,,,6414.0,,,,,,,,,,,,,,,,,,,,
2016-09-27,,,,,,,,,,,,,,,,,,,,,,,,,,,6760.0,,,,6436.0,,,,6240.0,,,,,,,,,,,,,,,,,,,,
2016-09-28,,,,,,,,,,,,,,,,,,,,,,,,,,,6926.0,,,,,,,,,,,,,,,,,,,,,,,,,,,,
2016-09-29,,,,,,,,,,,,,,,,,,,,,,,,,,,6856.0,,,,6394.0,,,,,,,,,,,,,,,,,,,,,,,,
2016-09-30,,,,,,,,,,,,,,,,,,,,,,,,,,,6876.0,,,,,,,,,,,,,,,,,,,,,,,,,,,,
2016-10-10,,,,,,,,,,,,,,,,,,,,,,,,,,,6886.0,,,,,,,,,,,,,,,,,,,,,,,,,,,,
2016-10-11,,,,,,,,,,,,,,,,,,,,,,,,,,6900.0,7102.0,,,,6650.0,,,,,,,,,,,,,,,,,,,,,,,,
2016-10-12,,,,,,,,,,,,,,,,,,,,,,,,,,7100.0,7078.0,,,,6698.0,,,,,,,,,,,,,,,,,,,,,,,,
2016-10-13,,,,,,,,,,,,,,,,,,,,,,,,,,,7110.0,,,,6742.0,,,,,,,,,,,,,,,,,,,,,,,,
2016-10-14,,,,,,,,,,,,,,,,,,,,,,,,,,,7132.0,,,,6926.0,,,,6744.0,,,,,,,,,,,,,,,,,,,,
2016-10-17,,,,,,,,,,,,,,,,,,,,,,,,,,7520.0,7544.0,,,,7140.0,,,,,,,,,,,,,,,,,,,,,,,,
2016-10-18,,,,,,,,,,,,,,,,,,,,,,,,,,,7574.0,,,,7096.0,,,,,,,,,,,,,,,,,,,,,,,,
2016-10-19,,,,,,,,,,,,,,,,,,,,,,,,,,,7614.0,,,,7208.0,,,,,,,,,,,,,,,,,,,,,,,,
2016-10-20,,,,,,,,,,,,,,,,,,,,,,,,,,,7628.0,,,,7104.0,,,,,,,,,,,,,,,,,,,,,,,,
2016-10-21,,,,,,,,,,,,,,,,,,,,,,,,,,,7442.0,,,,7022.0,,,,6878.0,,,,,,,,,,,,,,,,,,,,
2016-10-24,,,,,,,,,,,,,,,,,,,,,,,,,,7782.0,7640.0,,,,7196.0,,,,,,,,,,,,,,,,,,,,,,,,
2016-10-25,,,,,,,,,,,,,,,,,,,,,,,,,,7850.0,7978.0,,,,7542.0,,,,,,,,,,,,,,,,,,,,,,,,
2016-10-26,,,,,,,,,,,,,,,,,,,,,,,,,,,7916.0,,,,7430.0,,,,,,,,,,,,,,,,,,,,,,,,
2016-10-27,,,,,,,,,,,,,,,,,,,,,,,,,,7818.0,7704.0,,,,7248.0,,,,7212.0,,,,,,,,,,,,,,,,,,,,
2016-10-28,,,,,,,,,,,,,,,,,,,,,,,,,,,7840.0,,,,7294.0,,,,,,,,,,,,,,,,,,,,,,,,
2016-10-31,,,,,,,,,,,,,,,,,,,,,,,,,,,7872.0,,,,7272.0,,,,7420.0,,,,,,,,,,,,,,,,,,,,
2016-11-01,,,,,,,,,,,,,,,,,,,,,,,,,,,7818.0,,,,7258.0,,,,,,,,,,,,,,,,,,,,,,,,
2016-11-02,,,,,,,,,,,,,,,,,,,,,,,,,,,7934.0,,,,7300.0,,,,7332.0,,,,,,,,,,,,,,,,,,,,
2016-11-03,,,,,,,,,,,,,,,,,,,,,,,,,,,7984.0,,,,7454.0,,,,,,,,,,,,,,,,,,,,,,,,
2016-11-04,,,,,,,,,,,,,,,,,,,,,,,,,,7502.0,7952.0,,,,7476.0,,,,,,,,,,,,,,,,,,,,,,,,
2016-11-07,,,,,,,,,,,,,,,,,,,,,,,,,,7050.0,8094.0,,,,7498.0,,,8064.0,7676.0,,,,,,,,,,,,,,,,,,,,
2016-11-08,,,,,,,,,,,,,,,,,,,,,,,,,,7544.0,8104.0,,,,7534.0,,,,,,,,,,,,,,,,,,,,,,,,
2016-11-09,,,,,,,,,,,,,,,,,,,,,,,,,,8072.0,8274.0,,,,7546.0,,,,,,,,,,,,,,,,,,,,,,,,
2016-11-10,,,,,,,,,,,,,,,,,,,,,,,,,,,8296.0,,,,7616.0,,,,,,,,,,,,,,,,,,,,,,,,
2016-11-11,,,,,,,,,,,,,,,,,,,,,,,,,,,8432.0,,,,7682.0,,,,7646.0,,,,,,,,,,,,,,,,,,,,
2016-11-14,,,,,,,,,,,,,,,,,,,,,,,,,,,8508.0,,,,7760.0,,,,7638.0,,,,,,,,,,,,,,,,,,,,
2016-11-15,,,,,,,,,,,,,,,,,,,,,,,,,,,8318.0,,,,7540.0,,,,7866.0,,,,,,,,,,,,,,,,,,,,
2016-11-16,,,,,,,,,,,,,,,,,,,,,,,,,,,8452.0,,,,7720.0,,,,,,,,,,,,,,,,,,,,,,,,
2016-11-17,,,,,,,,,,,,,,,,,,,,,,,,,,,8372.0,,,,7644.0,,,,,,,,,,,,,,,,,,,,,,,,
2016-11-18,,,,,,,,,,,,,,,,,,,,,,,,,,,8236.0,,,,7552.0,,,,,,,,,,,,,,,,,,,,,,,,
2016-11-21,,,,,,,,,,,,,,,,,,,,,,,,,,,8260.0,,,,7440.0,,,,,,,,,,,,,,,,,,,,,,,,
2016-11-22,,,,,,,,,,,,,,,,,,,,,,,,,,,8498.0,,,,7562.0,,,,,,,,,,,,,,,,,,,,,,,,
2016-11-23,,,,,,,,,,,,,,,,,,,,,,,,,,,8544.0,,,,7768.0,,,,,,,,,,,,,,,,,,,,,,,,
2016-11-24,,,,,,,,,,,,,,,,,,,,,,,,,,,8622.0,,,,8060.0,,,,,,,,,,,,,,,,,,,,,,,,
2016-11-25,,,,,,,,,,,,,,,,,,,,,,,,,,,8660.0,,,,8116.0,,,,7880.0,,,,,,,,,,,,,,,,,,,,
2016-11-28,,,,,,,,,,,,,,,,,,,,,,,,,,,8666.0,,,,8452.0,,,,,,,,,,,,,,,,,,,,,,,,
2016-11-29,,,,,,,,,,,,,,,,,,,,,,,,,,,8634.0,,,,8348.0,,,,,,,,,,,,,,,,,,,,,,,,
2016-11-30,,,,,,,,,,,,,,,,,,,,,,,,,,,8548.0,,,,8288.0,,,,,,,,,,,,,,,,,,,,,,,,
2016-12-01,,,,,,,,,,,,,,,,,,,,,,,,,,,8648.0,,,,8406.0,,,,8314.0,,,,,,,,,,,,,,,,,,,,
2016-12-02,,,,,,,,,,,,,,,,,,,,,,,,,,,8566.0,,,,8304.0,,,,8300.0,,,,,,,,,,,,,,,,,,,,
2016-12-05,,,,,,,,,,,,,,,,,,,,,,,,,,,8610.0,,,,8324.0,,,,,,,,,,,,,,,,,,,,,,,,
2016-12-06,,,,,,,,,,,,,,,,,,,,,,,,,,,8616.0,,,,8278.0,,,,,,,,,,,,,,,,,,,,,,,,
2016-12-07,,,,,,,,,,,,,,,,,,,,,,,,,,,8576.0,,,,8126.0,,,,8112.0,,,,,,,,,,,,,,,,,,,,
2016-12-08,,,,,,,,,,,,,,,,,,,,,,,,,,,8454.0,,,,7750.0,,,,7738.0,,,,,,,,,,,,,,,,,,,,
2016-12-09,,,,,,,,,,,,,,,,,,,,,,,,,,,8476.0,,,,7752.0,,,,7726.0,,,,,,,,,,,,,,,,,,,,
2016-12-12,,,,,,,,,,,,,,,,,,,,,,,,,,,8374.0,,,,7506.0,,,,7502.0,,,,,,,,,,,,,,,,,,,,
2016-12-13,,,,,,,,,,,,,,,,,,,,,,,,,,,8370.0,,,,7602.0,,,,7594.0,,,,,,,,,,,,,,,,,,,,
2016-12-14,,,,,,,,,,,,,,,,,,,,,,,,,,,8348.0,,,,7524.0,,,,7578.0,,,,,,,,,,,,,,,,,,,,
2016-12-15,,,,,,,,,,,,,,,,,,,,,,,,,,,8430.0,,,,7538.0,,,,,,,,,,,,,,,,,,,,,,,,
2016-12-16,,,,,,,,,,,,,,,,,,,,,,,,,,,8388.0,,,,7538.0,,,,,,,,,,,,,,,,,,,,,,,,
2016-12-19,,,,,,,,,,,,,,,,,,,,,,,,,,,8420.0,,,,7610.0,,,,,,,,,,,,,,,,,,,,,,,,
2016-12-20,,,,,,,,,,,,,,,,,,,,,,,,,,,8410.0,,,,7546.0,,,,7468.0,,,,,,,,,,,,,,,,,,,,
2016-12-21,,,,,,,,,,,,,,,,,,,,,,,,,,,8414.0,,,,7544.0,,,,7502.0,,,,,,,,,,,,,,,,,,,,
2016-12-22,,,,,,,,,,,,,,,,,,,,,,,,,,,8408.0,,,,7454.0,,,,7400.0,,,,,,,,,,,,,,,,,,,,
2016-12-23,,,,,,,,,,,,,,,,,,,,,,,,,,,8388.0,,,,7486.0,,,,7450.0,,,,,,,,,,,,,,,,,,,,
2016-12-26,,,,,,,,,,,,,,,,,,,,,,,,,,,8328.0,,,,7044.0,,,,7002.0,,,,,,,,,,,,,,,,,,,,
2016-12-27,,,,,,,,,,,,,,,,,,,,,,,,,,,8388.0,,,,7184.0,,,,7014.0,,,,,,,,,,,,,,,,,,,,
2016-12-28,,,,,,,,,,,,,,,,,,,,,,,,,,,8398.0,,,,7168.0,,,,7066.0,,,,,,,,,,,,,,,,,,,,
2016-12-29,,,,,,,,,,,,,,,,,,,,,,,,,,,8348.0,,,,6976.0,,,,6878.0,,,,,,,,,,,,,,,,,,,,
2016-12-30,,,,,,,,,,,,,,,,,,,,,,,,,,,8768.0,,,,6912.0,,,,6780.0,,,,,,,,,,,,,,,,,,,,
2017-01-03,,,,,,,,,,,,,,,,,,,,,,,,,,,8400.0,,,,6518.0,,,,6476.0,,,,,,,,,,,,,,,,,,,,
2017-01-04,,,,,,,,,,,,,,,,,,,,,,,,,,,,,,,6492.0,,,,6406.0,,,,,,,,,,,,,,,,,,,,
2017-01-05,,,,,,,,,,,,,,,,,,,,,,,,,,,,,,,6456.0,,,,6402.0,,,,,,,,,,,,,,,,,,,,
2017-01-06,,,,,,,,,,,,,,,,,,,,,,,,,,,,,,,6360.0,,,,6286.0,,,,,,,,,,,,,,,,,,,,
2017-01-09,,,,,,,,,,,,,,,,,,,,,,,,,,,,,,,6322.0,,,,6230.0,,,,,,,,,,,,,,,,,,,,
2017-01-10,,,,,,,,,,,,,,,,,,,,,,,,,,,,,,7500.0,6360.0,,,,6244.0,,,,,,,,,,,,,,,,,,,,
2017-01-11,,,,,,,,,,,,,,,,,,,,,,,,,,,,,,,6444.0,,,,6314.0,,,,,,,,,,,,,,,,,,,,
2017-01-12,,,,,,,,,,,,,,,,,,,,,,,,,,,,,,,6702.0,,,,6436.0,,,,,,,,,,,,,,,,,,,,
2017-01-13,,,,,,,,,,,,,,,,,,,,,,,,,,,,,,,6614.0,,,,6418.0,,,,,,,,,,,,,,,,,,,,
2017-01-16,,,,,,,,,,,,,,,,,,,,,,,,,,,,,,,6800.0,,,,6554.0,,,,,,,,,,,,,,,,,,,,
2017-01-17,,,,,,,,,,,,,,,,,,,,,,,,,,,,,,,6568.0,,,,6356.0,,,,6488.0,,,,,,,,,,,,,,,,
2017-01-18,,,,,,,,,,,,,,,,,,,,,,,,,,,,,,,6660.0,,,,6456.0,,,,6418.0,,,,,,,,,,,,,,,,
2017-01-19,,,,,,,,,,,,,,,,,,,,,,,,,,,,,,,6584.0,,,,6412.0,,,,6410.0,,,,,,,,,,,,,,,,
2017-01-20,,,,,,,,,,,,,,,,,,,,,,,,,,,,,,,6546.0,,,,6350.0,,,,6352.0,,,,,,,,,,,,,,,,
2017-01-23,,,,,,,,,,,,,,,,,,,,,,,,,,,,,,,6454.0,,,,6276.0,,,,6350.0,,,,,,,,,,,,,,,,
2017-01-24,,,,,,,,,,,,,,,,,,,,,,,,,,,,,,7200.0,6520.0,,,,6310.0,,,,6308.0,,,,,,,,,,,,,,,,
2017-01-25,,,,,,,,,,,,,,,,,,,,,,,,,,,,,,,6470.0,,,,6302.0,,,,6240.0,,,,,,,,,,,,,,,,
2017-01-26,,,,,,,,,,,,,,,,,,,,,,,,,,,,,,,6398.0,,,,6262.0,,,,6230.0,,,,,,,,,,,,,,,,
2017-02-03,,,,,,,,,,,,,,,,,,,,,,,,,,,,,,,6320.0,,,,6254.0,,,,,,,,,,,,,,,,,,,,
2017-02-06,,,,,,,,,,,,,,,,,,,,,,,,,,,,,,,6380.0,,,,6310.0,,,,6308.0,,,,,,,,,,,,,,,,
2017-02-07,,,,,,,,,,,,,,,,,,,,,,,,,,,,,,,6420.0,,,,6288.0,,,,,,,,,,,,,,,,,,,,
2017-02-08,,,,,,,,,,,,,,,,,,,,,,,,,,,,,,,6494.0,,,,6392.0,,,,6400.0,,,,,,,,,,,,,,,,
2017-02-09,,,,,,,,,,,,,,,,,,,,,,,,,,,,,,,6468.0,,,,6356.0,,,,6350.0,,,,,,,,,,,,,,,,
2017-02-10,,,,,,,,,,,,,,,,,,,,,,,,,,,,,,,6500.0,,,,6392.0,,,,6398.0,,,,,,,,,,,,,,,,
2017-02-13,,,,,,,,,,,,,,,,,,,,,,,,,,,,,,,6620.0,,,,6658.0,,,,6648.0,,,,,,,,,,,,,,,,
2017-02-14,,,,,,,,,,,,,,,,,,,,,,,,,,,,,,,6434.0,,,,6548.0,,,,6560.0,,,,,,,,,,,,,,,,
2017-02-15,,,,,,,,,,,,,,,,,,,,,,,,,,,,,,,6100.0,,,,6200.0,,,,6176.0,,,,,,,,,,,,,,,,
2017-02-16,,,,,,,,,,,,,,,,,,,,,,,,,,,,,,,6012.0,,,,6170.0,,,,6258.0,,,,,,,,,,,,,,,,
2017-02-17,,,,,,,,,,,,,,,,,,,,,,,,,,,,,,,6020.0,,,,6144.0,,,,6170.0,,,,,,,,,,,,,,,,
2017-02-20,,,,,,,,,,,,,,,,,,,,,,,,,,,,,,,6076.0,,,,6182.0,,,,,,,,,,,,,,,,,,,,
2017-02-21,,,,,,,,,,,,,,,,,,,,,,,,,,,,,,,5984.0,,,,6150.0,,,,6170.0,,,,,,,,,,,,,,,,
2017-02-22,,,,,,,,,,,,,,,,,,,,,,,,,,,,,,,5920.0,,,,6100.0,,,,6164.0,,,,,,,,,,,,,,,,
2017-02-23,,,,,,,,,,,,,,,,,,,,,,,,,,,,,,,5880.0,,,,6038.0,,,,6160.0,,,,,,,,,,,,,,,,
2017-02-24,,,,,,,,,,,,,,,,,,,,,,,,,,,,,,,5822.0,,,,6032.0,,,,6156.0,,,,,,,,,,,,,,,,
2017-02-27,,,,,,,,,,,,,,,,,,,,,,,,,,,,,,,5838.0,,,,6114.0,,,,6194.0,,,,,,,,,,,,,,,,
2017-02-28,,,,,,,,,,,,,,,,,,,,,,,,,,,,,,,5836.0,,,,6146.0,,,,6166.0,,,,,,,,,,,,,,,,
2017-03-01,,,,,,,,,,,,,,,,,,,,,,,,,,,,,,,5790.0,,,,6042.0,,,,6112.0,,,,,,,,,,,,,,,,
2017-03-02,,,,,,,,,,,,,,,,,,,,,,,,,,,,,,,5836.0,,,,6078.0,,,,6168.0,,,,,,,,,,,,,,,,
2017-03-03,,,,,,,,,,,,,,,,,,,,,,,,,,,,,,,5904.0,,,,6068.0,,,,6178.0,,,,,,,,,,,,,,,,
2017-03-06,,,,,,,,,,,,,,,,,,,,,,,,,,,,,,,6050.0,,,,6218.0,,,,6278.0,,,,,,,,,,,,,,,,
2017-03-07,,,,,,,,,,,,,,,,,,,,,,,,,,,,,,,6082.0,,,,6240.0,,,,6348.0,,,,,,,,,,,,,,,,
2017-03-08,,,,,,,,,,,,,,,,,,,,,,,,,,,,,,,6058.0,,,,6188.0,,,,6314.0,,,,,,,,,,,,,,,,
2017-03-09,,,,,,,,,,,,,,,,,,,,,,,,,,,,,,,6328.0,,,,6418.0,,,,6414.0,,,,,,,,,,,,,,,,
2017-03-10,,,,,,,,,,,,,,,,,,,,,,,,,,,,,,,6334.0,,,,6300.0,,,,6366.0,,,,,,,,,,,,,,,,
2017-03-13,,,,,,,,,,,,,,,,,,,,,,,,,,,,,,,6410.0,,,,6300.0,,,,6340.0,,,,,,,,,,,,,,,,
2017-03-14,,,,,,,,,,,,,,,,,,,,,,,,,,,,,,,6658.0,,,,6428.0,,,,6386.0,,,,,,,,,,,,,,,,
2017-03-15,,,,,,,,,,,,,,,,,,,,,,,,,,,,,,,7020.0,,,,6648.0,,,,6508.0,,,,,,,,,,,,,,,,
2017-03-16,,,,,,,,,,,,,,,,,,,,,,,,,,,,,,,6940.0,,,,6590.0,,,,6490.0,,,,,,,,,,,,,,,,
2017-03-17,,,,,,,,,,,,,,,,,,,,,,,,,,,,,,,7218.0,,,,6682.0,,,,6626.0,,,,,,,,,,,,,,,,
2017-03-20,,,,,,,,,,,,,,,,,,,,,,,,,,,,,,,7264.0,,,,6964.0,,,,6902.0,,,,,,,,,,,,,,,,
2017-03-21,,,,,,,,,,,,,,,,,,,,,,,,,,,,,,,6886.0,,,,6530.0,,,,6504.0,,,,,,,,,,,,,,,,
2017-03-22,,,,,,,,,,,,,,,,,,,,,,,,,,,,,,,6816.0,,,,6390.0,,,,6380.0,,,,,,,,,,,,,,,,
2017-03-23,,,,,,,,,,,,,,,,,,,,,,,,,,,,,,,6752.0,,,,6362.0,,,6710.0,6364.0,,,,,,,,,,,,,,,,
2017-03-24,,,,,,,,,,,,,,,,,,,,,,,,,,,,,,,6794.0,,,,6350.0,,,,6364.0,,,,,,,,,,,,,,,,
2017-03-27,,,,,,,,,,,,,,,,,,,,,,,,,,,,,,,6946.0,,,,6256.0,,,,6202.0,,,,,,,,,,,,,,,,
2017-03-28,,,,,,,,,,,,,,,,,,,,,,,,,,,,,,,7198.0,6644.0,,,6446.0,,,,6346.0,,,,,,,,,,,,,,,,
2017-03-29,,,,,,,,,,,,,,,,,,,,,,,,,,,,,,,7198.0,,,,6610.0,,,,6446.0,,,,,,,,,,,,,,,,
2017-03-30,,,,,,,,,,,,,,,,,,,,,,,,,,,,,,,7086.0,,,,6564.0,,,,6440.0,,,,,,,,,,,,,,,,
2017-03-31,,,,,,,,,,,,,,,,,,,,,,,,,,,,,,,6940.0,,,,6384.0,,,,6244.0,,,,,,,,,,,,,,,,
2017-04-05,,,,,,,,,,,,,,,,,,,,,,,,,,,,,,,7058.0,,,,6736.0,7272.0,,,6514.0,,,,,,,,,,,,,,,,
2017-04-06,,,,,,,,,,,,,,,,,,,,,,,,,,,,,,,7014.0,,,,6692.0,,,,6480.0,,,,,,,,,,,,,,,,
2017-04-07,,,,,,,,,,,,,,,,,,,,,,,,,,,,,,,6676.0,,,,6454.0,,,,6320.0,,,,,,,,,,,,,,,,
2017-04-10,,,,,,,,,,,,,,,,,,,,,,,,,,,,,,,6392.0,6496.0,,,6230.0,,,,6170.0,,,,,,,,,,,,,,,,
2017-04-11,,,,,,,,,,,,,,,,,,,,,,,,,,,,,,,6316.0,,,,6178.0,,,,6142.0,,,,,,,,,,,,,,,,
2017-04-12,,,,,,,,,,,,,,,,,,,,,,,,,,,,,,,6006.0,,,,5866.0,,,6216.0,5822.0,,,,,,,,,,,,,,,,
2017-04-13,,,,,,,,,,,,,,,,,,,,,,,,,,,,,,,6120.0,,,,6010.0,6760.0,,,5910.0,,,,,,,,,,,,,,,,
2017-04-14,,,,,,,,,,,,,,,,,,,,,,,,,,,,,,,5808.0,,,,5820.0,6666.0,,,5730.0,,,,,,,,,,,,,,,,
2017-04-17,,,,,,,,,,,,,,,,,,,,,,,,,,,,,,,5738.0,,,,5768.0,6200.0,,,5706.0,,,,,,,,,,,,,,,,
2017-04-18,,,,,,,,,,,,,,,,,,,,,,,,,,,,,,,5870.0,,,,5580.0,5738.0,,,5542.0,,,,,,,,,,,,,,,,
2017-04-19,,,,,,,,,,,,,,,,,,,,,,,,,,,,,,,5960.0,,,,5710.0,5600.0,,,5674.0,,,,,,,,,,,,,,,,
2017-04-20,,,,,,,,,,,,,,,,,,,,,,,,,,,,,,,6006.0,,,,5802.0,5488.0,,,5742.0,,,,,,,,,,,,,,,,
2017-04-21,,,,,,,,,,,,,,,,,,,,,,,,,,,,,,,6070.0,,,,5932.0,5818.0,,,5856.0,,,,,,,,,,,,,,,,
2017-04-24,,,,,,,,,,,,,,,,,,,,,,,,,,,,,,,6154.0,,,,5858.0,,,,5782.0,,,,,,,,,,,,,,,,
2017-04-25,,,,,,,,,,,,,,,,,,,,,,,,,,,,,,,6190.0,,,,6058.0,,,6100.0,5900.0,,,,,,,,,,,,,,,,
2017-04-26,,,,,,,,,,,,,,,,,,,,,,,,,,,,,,,6424.0,,,6610.0,6268.0,6086.0,,,6074.0,,,,,,,,,,,,,,,,
2017-04-27,,,,,,,,,,,,,,,,,,,,,,,,,,,,,,,6438.0,,,,6428.0,,,,6220.0,,,,,,,,,,,,,,,,
2017-04-28,,,,,,,,,,,,,,,,,,,,,,,,,,,,,,,6348.0,,,,6376.0,,,,6182.0,,,,,,,,,,,,,,,,
2017-05-02,,,,,,,,,,,,,,,,,,,,,,,,,,,,,,,6340.0,,,,6280.0,,,,6140.0,,,,,,,,,,,,,,,,
2017-05-03,,,,,,,,,,,,,,,,,,,,,,,,,,,,,,,6388.0,,,,6424.0,5744.0,,,6236.0,,,,,,,,,,,,,,,,
2017-05-04,,,,,,,,,,,,,,,,,,,,,,,,,,,,,,,6420.0,,,,6202.0,,,,6068.0,,,,,,,,,,,,,,,,
2017-05-05,,,,,,,,,,,,,,,,,,,,,,,,,,,,,,,6420.0,,,6312.0,6308.0,6170.0,,,6150.0,,,,,,,,,,,,,,,,
2017-05-08,,,,,,,,,,,,,,,,,,,,,,,,,,,,,,,6400.0,,,,6426.0,6066.0,,,6192.0,,,,,,,,,,,,,,,,
2017-05-09,,,,,,,,,,,,,,,,,,,,,,,,,,,,,,,6450.0,,,,6356.0,,,,6140.0,,,,,,,,,,,,,,,,
2017-05-10,,,,,,,,,,,,,,,,,,,,,,,,,,,,,,,6410.0,,,,6368.0,,,,6098.0,,,,,,,,,,,,,,,,
2017-05-11,,,,,,,,,,,,,,,,,,,,,,,,,,,,,,,6518.0,,6900.0,,6338.0,,,,6100.0,6116.0,,,,,,,,,,,,,,,
2017-05-12,,,,,,,,,,,,,,,,,,,,,,,,,,,,,,,6538.0,,,6382.0,6354.0,6306.0,,,6108.0,,,,,,,,,,,,,,,,
2017-05-15,,,,,,,,,,,,,,,,,,,,,,,,,,,,,,,6500.0,,,6350.0,6428.0,,,,6184.0,,,,,,,,,,,,,,,,
2017-05-16,,,,,,,,,,,,,,,,,,,,,,,,,,,,,,,,,,,6392.0,,,,6172.0,,,,,,,,,,,,,,,,
2017-05-17,,,,,,,,,,,,,,,,,,,,,,,,,,,,,,,,,,6016.0,6714.0,6328.0,,,6446.0,,,,6354.0,,,,,,,,,,,,
2017-05-18,,,,,,,,,,,,,,,,,,,,,,,,,,,,,,,,,,,6684.0,,,,6420.0,,,,6250.0,,,,,,,,,,,,
2017-05-19,,,,,,,,,,,,,,,,,,,,,,,,,,,,,,,,,,,6810.0,6620.0,,,6476.0,,,,6352.0,,,,,,,,,,,,
2017-05-22,,,,,,,,,,,,,,,,,,,,,,,,,,,,,,,,,,,6786.0,,,,6490.0,,,,6374.0,,,,,,,,,,,,
2017-05-23,,,,,,,,,,,,,,,,,,,,,,,,,,,,,,,,,,,6870.0,,,,6552.0,,,,6340.0,,,,,,,,,,,,
2017-05-24,,,,,,,,,,,,,,,,,,,,,,,,,,,,,,,,,,,6810.0,6824.0,,,6466.0,6300.0,,,6276.0,,,,,,,,,,,,
2017-05-25,,,,,,,,,,,,,,,,,,,,,,,,,,,,,,,,,,,6762.0,,,,6482.0,,,,6324.0,,,,,,,,,,,,
2017-05-26,,,,,,,,,,,,,,,,,,,,,,,,,,,,,,,,,,,6774.0,,,,6470.0,,,,6234.0,,,,,,,,,,,,
2017-05-31,,,,,,,,,,,,,,,,,,,,,,,,,,,,,,,,,,,6568.0,,,,6250.0,,,,6020.0,,,,,,,,,,,,
2017-06-01,,,,,,,,,,,,,,,,,,,,,,,,,,,,,,,,,,6534.0,6486.0,6362.0,,,6246.0,,,,6118.0,,,,,,,,,,,,
2017-06-02,,,,,,,,,,,,,,,,,,,,,,,,,,,,,,,,,,,6474.0,,,,6262.0,,,,6268.0,,,,,,,,,,,,
2017-06-05,,,,,,,,,,,,,,,,,,,,,,,,,,,,,,,,,,,6470.0,,,,6254.0,,,,6174.0,,,,,,,,,,,,
2017-06-06,,,,,,,,,,,,,,,,,,,,,,,,,,,,,,,,,,,6460.0,,,6268.0,6240.0,,,,6180.0,,,,,,,,,,,,
2017-06-07,,,,,,,,,,,,,,,,,,,,,,,,,,,,,,,,,,,6526.0,6586.0,,,6318.0,,,,6218.0,,,,,,,,,,,,
2017-06-08,,,,,,,,,,,,,,,,,,,,,,,,,,,,,,,,,,,6500.0,,,,6324.0,,,,6218.0,,,,,,,,,,,,
2017-06-09,,,,,,,,,,,,,,,,,,,,,,,,,,,,,,,,,,,6274.0,,,,6178.0,,,,6198.0,,,,,,,,,,,,
2017-06-12,,,,,,,,,,,,,,,,,,,,,,,,,,,,,,,,,,,6226.0,,,,6122.0,,,,6080.0,,,,,,,,,,,,
2017-06-13,,,,,,,,,,,,,,,,,,,,,,,,,,,,,,,,,,,6164.0,6000.0,,,6058.0,,,,6052.0,,,,,,,,,,,,
2017-06-14,,,,,,,,,,,,,,,,,,,,,,,,,,,,,,,,,,,6254.0,6298.0,,,6128.0,,,,6046.0,,,,,,,,,,,,
2017-06-15,,,,,,,,,,,,,,,,,,,,,,,,,,,,,,,,,,,6238.0,,,,6122.0,,,,6046.0,,,,,,,,,,,,
2017-06-16,,,,,,,,,,,,,,,,,,,,,,,,,,,,,,,,,,,6274.0,,,,6092.0,,,,6038.0,,,,,,,,,,,,
2017-06-19,,,,,,,,,,,,,,,,,,,,,,,,,,,,,,,,,,,6210.0,,,,6086.0,,6012.0,,6030.0,,,,,,,,,,,,
2017-06-20,,,,,,,,,,,,,,,,,,,,,,,,,,,,,,,,,,,6080.0,,,,5968.0,,,,5950.0,,,,,,,,,,,,
2017-06-21,,,,,,,,,,,,,,,,,,,,,,,,,,,,,,,,,,,6076.0,,,,5972.0,,,,5928.0,,,,,,,,,,,,
2017-06-22,,,,,,,,,,,,,,,,,,,,,,,,,,,,,,,,,,,6108.0,,,,5974.0,,,,5936.0,,,,,,,,,,,,
2017-06-23,,,,,,,,,,,,,,,,,,,,,,,,,,,,,,,,,,,6130.0,,,,5974.0,,,,5970.0,,,,,,,,,,,,
2017-06-26,,,,,,,,,,,,,,,,,,,,,,,,,,,,,,,,,,,6098.0,,,,5978.0,,,,5948.0,,,,,,,,,,,,
2017-06-27,,,,,,,,,,,,,,,,,,,,,,,,,,,,,,,,,,,6292.0,,,,6098.0,,,,6036.0,,,,,,,,,,,,
2017-06-28,,,,,,,,,,,,,,,,,,,,,,,,,,,,,,,,,,,6242.0,,,,6080.0,,,,6046.0,,,,,,,,,,,,
2017-06-29,,,,,,,,,,,,,,,,,,,,,,,,,,,,,,,,,,,6266.0,,,,6128.0,,,,6074.0,,,,,,,,,,,,
2017-06-30,,,,,,,,,,,,,,,,,,,,,,,,,,,,,,,,,,,6358.0,,,,6214.0,,,,6132.0,,,,,,,,,,,,
2017-07-03,,,,,,,,,,,,,,,,,,,,,,,,,,,,,,,,,,,6506.0,,,,6330.0,,,,6202.0,,,,,,,,,,,,
2017-07-04,,,,,,,,,,,,,,,,,,,,,,,,,,,,,,,,,,,6384.0,,,,6246.0,,,,6126.0,,,,,,,,,,,,
2017-07-05,,,,,,,,,,,,,,,,,,,,,,,,,,,,,,,,,,,6478.0,,,,6328.0,,,,6196.0,,,,,,,,,,,,
2017-07-06,,,,,,,,,,,,,,,,,,,,,,,,,,,,,,,,,,,6472.0,,,,6308.0,,,6106.0,6176.0,,,,,,,,,,,,
2017-07-07,,,,,,,,,,,,,,,,,,,,,,,,,,,,,,,,,,,6564.0,,,,6370.0,,,,6242.0,,,,,,,,,,,,
2017-07-10,,,,,,,,,,,,,,,,,,,,,,,,,,,,,,,,,,,6544.0,,,,6356.0,,,6202.0,6230.0,,,,,,,,,,,,
2017-07-11,,,,,,,,,,,,,,,,,,,,,,,,,,,,,,,,,,,6596.0,,,,6398.0,,,,6276.0,,,,,,,,,,,,
2017-07-12,,,,,,,,,,,,,,,,,,,,,,,,,,,,,,,,,,,6526.0,,,,6360.0,,,,6240.0,,,,,,,,,,,,
2017-07-13,,,,,,,,,,,,,,,,,,,,,,,,,,,,,,,,,,,6576.0,,,,6406.0,,,,6252.0,,,,,,,,,,,,
2017-07-14,,,,,,,,,,,,,,,,,,,,,,,,,,,,,,,,,,,6590.0,,,,6408.0,,,,6288.0,,,,,,,,,,,,
2017-07-17,,,,,,,,,,,,,,,,,,,,,,,,,,,,,,,,,,,6972.0,,,,6660.0,,,,6552.0,,,,,,,,,,,,
2017-07-18,,,,,,,,,,,,,,,,,,,,,,,,,,,,,,,,,,,7044.0,,,,6700.0,,,,6470.0,,,,,,,,,,,,
2017-07-19,,,,,,,,,,,,,,,,,,,,,,,,,,,,,,,,,,,7106.0,,,,6758.0,,,,6560.0,,,,,,,,,,,,
2017-07-20,,,,,,,,,,,,,,,,,,,,,,,,,,,,,,,,,,,6872.0,,,,6602.0,,,6664.0,6456.0,,,,,,,,,,,,
2017-07-21,,,,,,,,,,,,,,,,,,,,,,,,,,,,,,,,,,,6908.0,,,6708.0,6648.0,,,,6496.0,,,,,,,,,,,,
2017-07-24,,,,,,,,,,,,,,,,,,,,,,,,,,,,,,,,,,,7126.0,,,6890.0,6762.0,,,,6580.0,,,,,,,,,,,,
2017-07-25,,,,,,,,,,,,,,,,,,,,,,,,,,,,,,,,,,,7138.0,,,6900.0,6818.0,,,,6652.0,,,,,,,,,,,,
2017-07-26,,,,,,,,,,,,,,,,,,,,,,,,,,,,,,,,,,,7142.0,,,,6756.0,,,,6614.0,,,,,,,,,,,,
2017-07-27,,,,,,,,,,,,,,,,,,,,,,,,,,,,,,,,,,,7164.0,,,,6810.0,,,,6642.0,,,,,,,,,,,,
2017-07-28,,,,,,,,,,,,,,,,,,,,,,,,,,,,,,,,,,,7112.0,,,,6798.0,,,,6670.0,,,,,,,,,,,,
2017-07-31,,,,,,,,,,,,,,,,,,,,,,,,,,,,,,,,,,,7152.0,,,,6878.0,,,,6732.0,,,,,,,,,,,,
2017-08-01,,,,,,,,,,,,,,,,,,,,,,,,,,,,,,,,,,,7096.0,,,,6862.0,,,,6746.0,,,,,,,,,,,,
2017-08-02,,,,,,,,,,,,,,,,,,,,,,,,,,,,,,,,,,,7090.0,,,,6886.0,,,,6762.0,,,,,,,,,,,,
2017-08-03,,,,,,,,,,,,,,,,,,,,,,,,,,,,,,,,,,,7054.0,,,,6808.0,,,,6760.0,,,,,,,,,,,,
2017-08-04,,,,,,,,,,,,,,,,,,,,,,,,,,,,,,,,,,,7078.0,,,,6838.0,,,,6778.0,,,,,,,,,,,,
2017-08-07,,,,,,,,,,,,,,,,,,,,,,,,,,,,,,,,,,,7098.0,,,,6858.0,,,,6800.0,,6816.0,,,,,,,,,,
2017-08-08,,,,,,,,,,,,,,,,,,,,,,,,,,,,,,,,,,,7088.0,,,,6862.0,,7644.0,,6808.0,7308.0,6638.0,,,,,,,,,,
2017-08-09,,,,,,,,,,,,,,,,,,,,,,,,,,,,,,,,,,,7192.0,,,,6996.0,,,,6918.0,7488.0,,,,,,,,,,,
2017-08-10,,,,,,,,,,,,,,,,,,,,,,,,,,,,,,,,,,,7260.0,,,,7202.0,,,,7084.0,,,,,,,,,,,,
2017-08-11,,,,,,,,,,,,,,,,,,,,,,,,,,,,,,,,,,,6952.0,,,,6884.0,,,,6882.0,,,,,,,,,,,,
2017-08-14,,,,,,,,,,,,,,,,,,,,,,,,,,,,,,,,,,,6990.0,,,,6856.0,,,,6842.0,,,,,,,,,,,,
2017-08-15,,,,,,,,,,,,,,,,,,,,,,,,,,,,,,,,,,,7138.0,,,,7090.0,,,,6894.0,,,,,,,,,,,,
2017-08-16,,,,,,,,,,,,,,,,,,,,,,,,,,,,,,,,,,,7292.0,,,,7236.0,,,,7104.0,,,,,,,,,,,,
2017-08-17,,,,,,,,,,,,,,,,,,,,,,,,,,,,,,,,,,,7360.0,,,,7354.0,,,,7222.0,7710.0,,,,,,,,,,,
2017-08-18,,,,,,,,,,,,,,,,,,,,,,,,,,,,,,,,,,,7378.0,,,,7380.0,,,,7230.0,,,,,,,,,,,,
2017-08-21,,,,,,,,,,,,,,,,,,,,,,,,,,,,,,,,,,,7362.0,,,,7468.0,,,,7328.0,7310.0,,,,,,,,,,,
2017-08-22,,,,,,,,,,,,,,,,,,,,,,,,,,,,,,,,,,,7302.0,,,7484.0,7478.0,,,,7342.0,,,,,,,,,,,,
2017-08-23,,,,,,,,,,,,,,,,,,,,,,,,,,,,,,,,,,,7214.0,,,,7224.0,,,,7174.0,,,,,,,,,,,,
2017-08-24,,,,,,,,,,,,,,,,,,,,,,,,,,,,,,,,,,,7318.0,,,,7312.0,,,,7200.0,,,,,,,,,,,,
2017-08-25,,,,,,,,,,,,,,,,,,,,,,,,,,,,,,,,,,,7314.0,,,,7362.0,,,,7260.0,7500.0,,,,,,,,,,,
2017-08-28,,,,,,,,,,,,,,,,,,,,,,,,,,,,,,,,,,,7338.0,,,,7488.0,,,,7360.0,,,,,,,,,,,,
2017-08-29,,,,,,,,,,,,,,,,,,,,,,,,,,,,,,,,,,,7202.0,,,,7302.0,,,,7182.0,,,,,,,,,,,,
2017-08-30,,,,,,,,,,,,,,,,,,,,,,,,,,,,,,,,,,,7274.0,,,,7394.0,,,,7238.0,,,,,,,,,,,,
2017-08-31,,,,,,,,,,,,,,,,,,,,,,,,,,,,,,,,,,,7284.0,,,,7302.0,,,,7184.0,,,,,,,,,,,,
2017-09-01,,,,,,,,,,,,,,,,,,,,,,,,,,,,,,,,,,,7302.0,,,,7318.0,,,,7200.0,,,,,,,,,,,,
2017-09-04,,,,,,,,,,,,,,,,,,,,,,,,,,,,,,,,,,,7214.0,,,,7194.0,,,,7096.0,,,,,,,,,,,,
2017-09-05,,,,,,,,,,,,,,,,,,,,,,,,,,,,,,,,,,,7200.0,,,,7184.0,,,,7100.0,,,,,,,,,,,,
2017-09-06,,,,,,,,,,,,,,,,,,,,,,,,,,,,,,,,,,,7200.0,,,,7160.0,,,,7084.0,,,,,,,,,,,,
2017-09-07,,,,,,,,,,,,,,,,,,,,,,,,,,,,,,,,,,,7270.0,,,,7206.0,,,,7116.0,,,,,,,,,,,,
2017-09-08,,,,,,,,,,,,,,,,,,,,,,,,,,,,,,,,,,,7200.0,,,6994.0,7236.0,,,,7130.0,7102.0,,,,,,,,,,,
2017-09-11,,,,,,,,,,,,,,,,,,,,,,,,,,,,,,,,,,,7380.0,,,,7304.0,,,,7180.0,,,,,,,,,,,,
2017-09-12,,,,,,,,,,,,,,,,,,,,,,,,,,,,,,,,,,,7356.0,,,,7442.0,,,,7340.0,,,,,,,,,,,,
2017-09-13,,,,,,,,,,,,,,,,,,,,,,,,,,,,,,,,,,,7562.0,,,,7410.0,,,,7292.0,,,,,,,,,,,,
2017-09-14,,,,,,,,,,,,,,,,,,,,,,,,,,,,,,,,,,,7408.0,,,,7264.0,,,,7146.0,,,,,,,,,,,,
2017-09-15,,,,,,,,,,,,,,,,,,,,,,,,,,,,,,,,,,,,,,,7290.0,,,,7170.0,,,,6932.0,,,,,,,,
2017-09-18,,,,,,,,,,,,,,,,,,,,,,,,,,,,,,,,,,,,,,,7506.0,,,,7320.0,,,,7190.0,,,,,,,,
2017-09-19,,,,,,,,,,,,,,,,,,,,,,,,,,,,,,,,,,,,,,,7464.0,,,,7180.0,,,7340.0,,,,,,,,,
2017-09-20,,,,,,,,,,,,,,,,,,,,,,,,,,,,,,,,,,,,,,,7394.0,,,,7108.0,,,,7046.0,,,,,,,,
2017-09-21,,,,,,,,,,,,,,,,,,,,,,,,,,,,,,,,,,,,,,6776.0,6998.0,,,7036.0,6736.0,6634.0,,,6622.0,,,,,,,,
2017-09-22,,,,,,,,,,,,,,,,,,,,,,,,,,,,,,,,,,,,,,6502.0,6676.0,,,,6500.0,,,,6496.0,,,,,,,,
2017-09-25,,,,,,,,,,,,,,,,,,,,,,,,,,,,,,,,,,,,,,6204.0,6596.0,,,,6458.0,,,,6434.0,,,,,,,,
2017-09-26,,,,,,,,,,,,,,,,,,,,,,,,,,,,,,,,,,,,,,6100.0,6662.0,,,,6540.0,,,,6512.0,,,,,,,,
2017-09-27,,,,,,,,,,,,,,,,,,,,,,,,,,,,,,,,,,,,,,,6678.0,,,,6552.0,,,,6538.0,,,,,,,,
2017-09-28,,,,,,,,,,,,,,,,,,,,,,,,,,,,,,,,,,,,,,,6614.0,,,,6502.0,,,,6416.0,,,,,,,,
2017-09-29,,,,,,,,,,,,,,,,,,,,,,,,,,,,,,,,,,,,,,,6640.0,,,,6542.0,,,,,,,,,,,,
2017-10-09,,,,,,,,,,,,,,,,,,,,,,,,,,,,,,,,,,,,,,6500.0,6496.0,,,,6386.0,,,,,,,,,,,,
2017-10-10,,,,,,,,,,,,,,,,,,,,,,,,,,,,,,,,,,,,,,,6500.0,,,,6384.0,,,,6278.0,,,,,,,,
2017-10-11,,,,,,,,,,,,,,,,,,,,,,,,,,,,,,,,,,,,,,,6498.0,,,,6378.0,,,,6426.0,,,,,,,,
2017-10-12,,,,,,,,,,,,,,,,,,,,,,,,,,,,,,,,,,,,,,,6512.0,,,,6410.0,,,,,,,,,,,,
2017-10-13,,,,,,,,,,,,,,,,,,,,,,,,,,,,,,,,,,,,,,6608.0,6600.0,,,,6498.0,6500.0,,,6456.0,,,,,,,,
2017-10-16,,,,,,,,,,,,,,,,,,,,,,,,,,,,,,,,,,,,,,,6578.0,,,,6470.0,,,,6544.0,,,,,,,,
2017-10-17,,,,,,,,,,,,,,,,,,,,,,,,,,,,,,,,,,,,,,,6578.0,,,,6450.0,,,,6536.0,,,,,,,,
2017-10-18,,,,,,,,,,,,,,,,,,,,,,,,,,,,,,,,,,,,,,,6610.0,,,,6496.0,,,,6500.0,,,,,,,,
2017-10-19,,,,,,,,,,,,,,,,,,,,,,,,,,,,,,,,,,,,,,,6544.0,,,,6400.0,,,,6456.0,,,,,,,,
2017-10-20,,,,,,,,,,,,,,,,,,,,,,,,,,,,,,,,,,,,,,,6706.0,,,,6450.0,,,,6438.0,,,,,,,,
2017-10-23,,,,,,,,,,,,,,,,,,,,,,,,,,,,,,,,,,,,,,,6638.0,,,,6598.0,,,,6570.0,,,,,,,,
2017-10-24,,,,,,,,,,,,,,,,,,,,,,,,,,,,,,,,,,,,,,,6642.0,,,,6604.0,,,,6534.0,,,,,,,,
2017-10-25,,,,,,,,,,,,,,,,,,,,,,,,,,,,,,,,,,,,,,,6642.0,,,,6598.0,,,,6520.0,,,,,,,,
2017-10-26,,,,,,,,,,,,,,,,,,,,,,,,,,,,,,,,,,,,,,,6650.0,6652.0,,,6628.0,,5658.0,,6630.0,,,,,,,,
2017-10-27,,,,,,,,,,,,,,,,,,,,,,,,,,,,,,,,,,,,,,6314.0,6440.0,,,6882.0,6446.0,,6056.0,,6452.0,,,,,,,,
2017-10-30,,,,,,,,,,,,,,,,,,,,,,,,,,,,,,,,,,,,,7100.0,6002.0,6368.0,6652.0,,,6428.0,,,,6402.0,,,,,,,,
2017-10-31,,,,,,,,,,,,,,,,,,,,,,,,,,,,,,,,,,,,,,6266.0,6306.0,,,,6434.0,,6100.0,,6358.0,,,,,,,,
2017-11-01,,,,,,,,,,,,,,,,,,,,,,,,,,,,,,,,,,,,,,,6322.0,,,,6448.0,,,,6462.0,,,,,,,,
2017-11-02,,,,,,,,,,,,,,,,,,,,,,,,,,,,,,,,,,,,,,,6348.0,,,,6476.0,,,,6442.0,,,,,,,,
2017-11-03,,,,,,,,,,,,,,,,,,,,,,,,,,,,,,,,,,,,,,,6374.0,,,,6480.0,,,,6474.0,,,,,,,,
2017-11-06,,,,,,,,,,,,,,,,,,,,,,,,,,,,,,,,,,,,,,,6600.0,,,,6718.0,,,,6680.0,,,,,,,,
2017-11-07,,,,,,,,,,,,,,,,,,,,,,,,,,,,,,,,,,,,,,,6528.0,,,,6656.0,,,,6654.0,,,,,,,,
2017-11-08,,,,,,,,,,,,,,,,,,,,,,,,,,,,,,,,,,,,,,,6534.0,,,,6676.0,,,,6712.0,,,,,,,,
2017-11-09,,,,,,,,,,,,,,,,,,,,,,,,,,,,,,,,,,,,,,,6436.0,,,,6528.0,,,,6564.0,,,,,,,,
2017-11-10,,,,,,,,,,,,,,,,,,,,,,,,,,,,,,,,,,,,,,,6480.0,,,,6610.0,,,,6666.0,,,,,,,,
2017-11-13,,,,,,,,,,,,,,,,,,,,,,,,,,,,,,,,,,,,,,,6480.0,,,,6618.0,,,,6668.0,,,,,,,,
2017-11-14,,,,,,,,,,,,,,,,,,,,,,,,,,,,,,,,,,,,,,6336.0,6540.0,6794.0,,,6670.0,,,,6680.0,,,,,,,,
2017-11-15,,,,,,,,,,,,,,,,,,,,,,,,,,,,,,,,,,,,,,,6636.0,,,,6732.0,,,,6780.0,,,,,,,,
2017-11-16,,,,,,,,,,,,,,,,,,,,,,,,,,,,,,,,,,,,,,,6726.0,6788.0,,,6784.0,,,,6806.0,,,,,,,,
2017-11-17,,,,,,,,,,,,,,,,,,,,,,,,,,,,,,,,,,,,,,6716.0,6816.0,,,,6864.0,7000.0,,,6914.0,,7080.0,,,,,,
2017-11-20,,,,,,,,,,,,,,,,,,,,,,,,,,,,,,,,,,,,,,,6896.0,,,,6902.0,,,,6950.0,,,,,,,,
2017-11-21,,,,,,,,,,,,,,,,,,,,,,,,,,,,,,,,,,,,,,,6856.0,,,,6872.0,,,,6930.0,,,,,,,,
2017-11-22,,,,,,,,,,,,,,,,,,,,,,,,,,,,,,,,,,,,,,,6788.0,,,,6864.0,,,,6878.0,,,,,,,,
2017-11-23,,,,,,,,,,,,,,,,,,,,,,,,,,,,,,,,,,,,,,,6898.0,,,,6888.0,,,,6924.0,,,,,,,,
2017-11-24,,,,,,,,,,,,,,,,,,,,,,,,,,,,,,,,,,,,,,,6890.0,,,,6900.0,,,,6924.0,6666.0,,,,,,,
2017-11-27,,,,,,,,,,,,,,,,,,,,,,,,,,,,,,,,,,,,,,,7052.0,,,,6958.0,,,,6982.0,,,,,,,,
2017-11-28,,,,,,,,,,,,,,,,,,,,,,,,,,,,,,,,,,,,,,,7144.0,,,,6996.0,,,,6958.0,,,,,,,,
2017-11-29,,,,,,,,,,,,,,,,,,,,,,,,,,,,,,,,,,,,,,,7296.0,,,,6986.0,,,,6958.0,,,,,,,,
2017-11-30,,,,,,,,,,,,,,,,,,,,,,,,,,,,,,,,,,,,,,,7284.0,,,,6934.0,,,,6912.0,,,,,,,,
2017-12-01,,,,,,,,,,,,,,,,,,,,,,,,,,,,,,,,,,,,,,,7310.0,,,,6952.0,,,,6924.0,,,,,,,,
2017-12-04,,,,,,,,,,,,,,,,,,,,,,,,,,,,,,,,,,,,,,,7718.0,,,,7362.0,,,,7310.0,,,,,,,,
2017-12-05,,,,,,,,,,,,,,,,,,,,,,,,,,,,,,,,,,,,,,,7748.0,,,,7214.0,,,,7178.0,,,,,,,,
2017-12-06,,,,,,,,,,,,,,,,,,,,,,,,,,,,,,,,,,,,,,,8408.0,,,,7266.0,,,,7146.0,,6660.0,,,,,,
2017-12-07,,,,,,,,,,,,,,,,,,,,,,,,,,,,,,,,,,,,,,,8030.0,,,,7122.0,,,,6936.0,,6790.0,,,,,,
2017-12-08,,,,,,,,,,,,,,,,,,,,,,,,,,,,,,,,,,,,,,,8590.0,,,,7608.0,,,,7330.0,,7056.0,,,,,,
2017-12-11,,,,,,,,,,,,,,,,,,,,,,,,,,,,,,,,,,,,,,,8866.0,,,,7636.0,,,,7342.0,,,,,,,,
2017-12-12,,,,,,,,,,,,,,,,,,,,,,,,,,,,,,,,,,,,,,,8866.0,,,,7694.0,,,,7360.0,,6952.0,,,,,,
2017-12-13,,,,,,,,,,,,,,,,,,,,,,,,,,,,,,,,,,,,,,,8874.0,,,,7708.0,,,,7464.0,,6958.0,,,,,,
2017-12-14,,,,,,,,,,,,,,,,,,,,,,,,,,,,,,,,,,,,,,,8600.0,,,,7428.0,,,,7260.0,,,,,,,,
2017-12-15,,,,,,,,,,,,,,,,,,,,,,,,,,,,,,,,,,,,,,,8300.0,,,,7280.0,,,,7198.0,,6818.0,,,,,,
2017-12-18,,,,,,,,,,,,,,,,,,,,,,,,,,,,,,,,,,,,,,,8408.0,,,,7406.0,,,,7278.0,,,,,,,,
2017-12-19,,,,,,,,,,,,,,,,,,,,,,,,,,,,,,,,,,,,,,,8476.0,,,,7452.0,,,,7302.0,,,,,,,,
2017-12-20,,,,,,,,,,,,,,,,,,,,,,,,,,,,,,,,,,,,,,,8356.0,,,,7492.0,,,,7302.0,,,,,,,,
2017-12-21,,,,,,,,,,,,,,,,,,,,,,,,,,,,,,,,,,,,,,,8702.0,,,,7718.0,,,,7548.0,,,,,,,,
2017-12-22,,,,,,,,,,,,,,,,,,,,,,,,,,,,,,,,,,,,,,,8504.0,,,,7688.0,,,,7520.0,,,,,,,,
2017-12-25,,,,,,,,,,,,,,,,,,,,,,,,,,,,,,,,,,,,,,,8368.0,,,,7252.0,,,,7150.0,,,,,,,,
2017-12-26,,,,,,,,,,,,,,,,,,,,,,,,,,,,,,,,,,,,,,,8392.0,,,,7270.0,,,,7126.0,,,,,,,,
2017-12-27,,,,,,,,,,,,,,,,,,,,,,,,,,,,,,,,,,,,,,,8410.0,,,,7348.0,,,,7154.0,,,,,,,,
2017-12-28,,,,,,,,,,,,,,,,,,,,,,,,,,,,,,,,,,,,,,,8460.0,,,,7184.0,,,,7026.0,7074.0,6900.0,,,,,,
2017-12-29,,,,,,,,,,,,,,,,,,,,,,,,,,,,,,,,,,,,,,,8526.0,,,,7236.0,,,,7104.0,7108.0,,,,,,,
2018-01-02,,,,,,,,,,,,,,,,,,,,,,,,,,,,,,,,,,,,,,,8400.0,,,,7256.0,,,,7110.0,,,,,,,,
2018-01-03,,,,,,,,,,,,,,,,,,,,,,,,,,,,,,,,,,,,,,,8350.0,,,,7120.0,,,,6982.0,,,,,,,,
2018-01-04,,,,,,,,,,,,,,,,,,,,,,,,,,,,,,,,,,,,,,,8300.0,,,,7156.0,,,,7008.0,,,,,,,,
2018-01-05,,,,,,,,,,,,,,,,,,,,,,,,,,,,,,,,,,,,,,,8358.0,,,,7080.0,,,,6922.0,,6818.0,,,,,,
2018-01-08,,,,,,,,,,,,,,,,,,,,,,,,,,,,,,,,,,,,,,,8200.0,,,,7154.0,,,,6964.0,,,6750.0,,,,,
2018-01-09,,,,,,,,,,,,,,,,,,,,,,,,,,,,,,,,,,,,,,,8000.0,,,,7240.0,,,,7062.0,,,,,,,,
2018-01-10,,,,,,,,,,,,,,,,,,,,,,,,,,,,,,,,,,,,,,,8148.0,,,,7246.0,,,,7042.0,,,,,,,,
2018-01-11,,,,,,,,,,,,,,,,,,,,,,,,,,,,,,,,,,,,,,,8150.0,,,,7178.0,,,,6982.0,,,6900.0,,,,,
2018-01-12,,,,,,,,,,,,,,,,,,,,,,,,,,,,,,,,,,,,,,,8628.0,,,,7372.0,,,,7136.0,,,,,,,,
2018-01-15,,,,,,,,,,,,,,,,,,,,,,,,,,,,,,,,,,,,,,,8548.0,,,,7400.0,,,,7134.0,,,,,,,,
2018-01-16,,,,,,,,,,,,,,,,,,,,,,,,,,,,,,,,,,,,,,,,,,,7430.0,,,,7206.0,,,,7164.0,,,,
2018-01-17,,,,,,,,,,,,,,,,,,,,,,,,,,,,,,,,,,,,,,,,,,,7448.0,,,,7216.0,,,,7106.0,,,,
2018-01-18,,,,,,,,,,,,,,,,,,,,,,,,,,,,,,,,,,,,,,,,,,,7622.0,,,,7332.0,,,,7182.0,,,,
2018-01-19,,,,,,,,,,,,,,,,,,,,,,,,,,,,,,,,,,,,,,,,,,,7768.0,,,,7434.0,,,,7210.0,,,,
2018-01-22,,,,,,,,,,,,,,,,,,,,,,,,,,,,,,,,,,,,,,,,,,,7666.0,,,,7352.0,,,,7218.0,,,,
2018-01-23,,,,,,,,,,,,,,,,,,,,,,,,,,,,,,,,,,,,,,,,,,,7706.0,,,,7366.0,,,,7200.0,,,,
2018-01-24,,,,,,,,,,,,,,,,,,,,,,,,,,,,,,,,,,,,,,,,,,,7680.0,,,,7350.0,,,,7200.0,,,,
2018-01-25,,,,,,,,,,,,,,,,,,,,,,,,,,,,,,,,,,,,,,,,,,,7684.0,,,,7378.0,,,,7260.0,,,,
2018-01-26,,,,,,,,,,,,,,,,,,,,,,,,,,,,,,,,,,,,,,,,,,,7548.0,,,,7234.0,,,,7122.0,,,,
2018-01-29,,,,,,,,,,,,,,,,,,,,,,,,,,,,,,,,,,,,,,,,,,,7668.0,,,,7344.0,,,,7200.0,,,,
2018-01-30,,,,,,,,,,,,,,,,,,,,,,,,,,,,,,,,,,,,,,,,,,,7624.0,,,,7320.0,,,,7120.0,,,,
2018-01-31,,,,,,,,,,,,,,,,,,,,,,,,,,,,,,,,,,,,,,,,,,,7622.0,,,,7296.0,,,,7142.0,,,,
2018-02-01,,,,,,,,,,,,,,,,,,,,,,,,,,,,,,,,,,,,,,,,,,,7626.0,,,,7304.0,,,,7160.0,,,,
2018-02-02,,,,,,,,,,,,,,,,,,,,,,,,,,,,,,,,,,,,,,,,,,,7610.0,,,,7298.0,,,,7178.0,,,,
2018-02-05,,,,,,,,,,,,,,,,,,,,,,,,,,,,,,,,,,,,,,,,,,,7782.0,,,,7464.0,,,,7316.0,,,,
2018-02-06,,,,,,,,,,,,,,,,,,,,,,,,,,,,,,,,,,,,,,,,,,,7742.0,,,,7424.0,,,,7178.0,,,,
2018-02-07,,,,,,,,,,,,,,,,,,,,,,,,,,,,,,,,,,,,,,,,,,,7778.0,,,,7480.0,,,,7298.0,,,,
2018-02-08,,,,,,,,,,,,,,,,,,,,,,,,,,,,,,,,,,,,,,,,,,,7686.0,,,,7422.0,,,,7246.0,,,,
2018-02-09,,,,,,,,,,,,,,,,,,,,,,,,,,,,,,,,,,,,,,,,,,,7698.0,,7500.0,,7398.0,,,,7234.0,,,,
2018-02-12,,,,,,,,,,,,,,,,,,,,,,,,,,,,,,,,,,,,,,,,,,,7776.0,,,,7454.0,,,,7324.0,,,,
2018-02-13,,,,,,,,,,,,,,,,,,,,,,,,,,,,,,,,,,,,,,,,,,,7816.0,,,,7506.0,,,,7312.0,,,,
2018-02-14,,,,,,,,,,,,,,,,,,,,,,,,,,,,,,,,,,,,,,,,,,,7920.0,,,,7588.0,,,,7422.0,,,,
2018-02-22,,,,,,,,,,,,,,,,,,,,,,,,,,,,,,,,,,,,,,,,,,,7926.0,,,,7602.0,,,,,,,,
2018-02-23,,,,,,,,,,,,,,,,,,,,,,,,,,,,,,,,,,,,,,,,,,,8006.0,,,,7664.0,,,,7500.0,,,,
2018-02-26,,,,,,,,,,,,,,,,,,,,,,,,,,,,,,,,,,,,,,,,,,,7986.0,,,,7672.0,,,,7614.0,,,,
2018-02-27,,,,,,,,,,,,,,,,,,,,,,,,,,,,,,,,,,,,,,,,,,,8048.0,,,,7724.0,7036.0,,,7560.0,,,,
2018-02-28,,,,,,,,,,,,,,,,,,,,,,,,,,,,,,,,,,,,,,,,,,,8152.0,,,,7780.0,7460.0,,,7620.0,,,,
2018-03-01,,,,,,,,,,,,,,,,,,,,,,,,,,,,,,,,,,,,,,,,,,,8190.0,,,,7826.0,7826.0,,,7658.0,,,,
2018-03-02,,,,,,,,,,,,,,,,,,,,,,,,,,,,,,,,,,,,,,,,,,,8106.0,,,,7798.0,,,,7658.0,,,,
2018-03-05,,,,,,,,,,,,,,,,,,,,,,,,,,,,,,,,,,,,,,,,,,,7974.0,,,,7666.0,7462.0,,,7580.0,,,,
2018-03-06,,,,,,,,,,,,,,,,,,,,,,,,,,,,,,,,,,,,,,,,,,,8090.0,,,,7744.0,7818.0,,,7648.0,,,,
2018-03-07,,,,,,,,,,,,,,,,,,,,,,,,,,,,,,,,,,,,,,,,,,,7850.0,,,,7620.0,7466.0,,,7582.0,,,,
2018-03-08,,,,,,,,,,,,,,,,,,,,,,,,,,,,,,,,,,,,,,,,,,,7812.0,,,,7574.0,7312.0,,,7520.0,,,,
2018-03-09,,,,,,,,,,,,,,,,,,,,,,,,,,,,,,,,,,,,,,,,,,,7670.0,,,,7480.0,7414.0,,,7450.0,,,,
2018-03-12,,,,,,,,,,,,,,,,,,,,,,,,,,,,,,,,,,,,,,,,,,,7748.0,,,,7558.0,,,,7480.0,,,,
2018-03-13,,,,,,,,,,,,,,,,,,,,,,,,,,,,,,,,,,,,,,,,,,,7766.0,,,,7536.0,,,,7398.0,,,,
2018-03-14,,,,,,,,,,,,,,,,,,,,,,,,,,,,,,,,,,,,,,,,,,,7742.0,,,,7544.0,,,,7434.0,,,,
2018-03-15,,,,,,,,,,,,,,,,,,,,,,,,,,,,,,,,,,,,,,,,,,,7634.0,,,,7456.0,,,,7354.0,,,,
2018-03-16,,,,,,,,,,,,,,,,,,,,,,,,,,,,,,,,,,,,,,,,,,,7674.0,,,,7490.0,,,,7352.0,,,,
2018-03-19,,,,,,,,,,,,,,,,,,,,,,,,,,,,,,,,,,,,,,,,,,,7636.0,,,,7428.0,,,,7340.0,,,,
2018-03-20,,,,,,,,,,,,,,,,,,,,,,,,,,,,,,,,,,,,,,,,,,,7578.0,,,,7252.0,,,,7152.0,,,,
2018-03-21,,,,,,,,,,,,,,,,,,,,,,,,,,,,,,,,,,,,,,,,,,,7514.0,,7108.0,,7176.0,,,,7078.0,,,,
2018-03-22,,,,,,,,,,,,,,,,,,,,,,,,,,,,,,,,,,,,,,,,,,,7534.0,,,,7210.0,,,,7110.0,,,,
2018-03-23,,,,,,,,,,,,,,,,,,,,,,,,,,,,,,,,,,,,,,,,,,,7376.0,,,,7030.0,6860.0,,,6888.0,,,,
2018-03-26,,,,,,,,,,,,,,,,,,,,,,,,,,,,,,,,,,,,,,,,,,,7360.0,,,,6986.0,,,,6820.0,,,,
2018-03-27,,,,,,,,,,,,,,,,,,,,,,,,,,,,,,,,,,,,,,,,,,,7394.0,,,,7000.0,,,,6844.0,,,,
2018-03-28,,,,,,,,,,,,,,,,,,,,,,,,,,,,,,,,,,,,,,,,,,,7414.0,,,,6960.0,,,,6812.0,,,,
2018-03-29,,,,,,,,,,,,,,,,,,,,,,,,,,,,,,,,,,,,,,,,,,,7394.0,,,,6930.0,,,,6820.0,,,,
2018-03-30,,,,,,,,,,,,,,,,,,,,,,,,,,,,,,,,,,,,,,,,,,,7582.0,,,,7160.0,,,,6976.0,,,,
2018-04-02,,,,,,,,,,,,,,,,,,,,,,,,,,,,,,,,,,,,,,,,,,,7542.0,,,,7124.0,,,,6952.0,,,,
2018-04-03,,,,,,,,,,,,,,,,,,,,,,,,,,,,,,,,,,,,,,,,,,,7512.0,,,,7078.0,7360.0,,,6910.0,,,,
2018-04-04,,,,,,,,,,,,,,,,,,,,,,,,,,,,,,,,,,,,,,,,,,,7482.0,,,,7058.0,6926.0,,,6886.0,,,,
2018-04-09,,,,,,,,,,,,,,,,,,,,,,,,,,,,,,,,,,,,,,,,,,,7540.0,,,,7012.0,7298.0,,,6874.0,,,,
2018-04-10,,,,,,,,,,,,,,,,,,,,,,,,,,,,,,,,,,,,,,,,,,,7610.0,,,,7140.0,,,,6988.0,,,,
2018-04-11,,,,,,,,,,,,,,,,,,,,,,,,,,,,,,,,,,,,,,,,,,,7466.0,,,,7088.0,,,,6948.0,,,,
2018-04-12,,,,,,,,,,,,,,,,,,,,,,,,,,,,,,,,,,,,,,,,,,,7466.0,,,,7108.0,,,,6964.0,,,,
2018-04-13,,,,,,,,,,,,,,,,,,,,,,,,,,,,,,,,,,,,,,,,,,,7838.0,,,,7108.0,,,,7112.0,,,,
2018-04-16,,,,,,,,,,,,,,,,,,,,,,,,,,,,,,,,,,,,,,,,,,,7706.0,,,,7218.0,,,,7006.0,,,,
2018-04-17,,,,,,,,,,,,,,,,,,,,,,,,,,,,,,,,,,,,,,,,,,,7874.0,,,,7238.0,,,,6956.0,,,,
2018-04-18,,,,,,,,,,,,,,,,,,,,,,,,,,,,,,,,,,,,,,,,,,,7880.0,,,,7330.0,,,,7020.0,,,,
2018-04-19,,,,,,,,,,,,,,,,,,,,,,,,,,,,,,,,,,,,,,,,,,,7846.0,,,,7386.0,,,,7072.0,,,,
2018-04-20,,,,,,,,,,,,,,,,,,,,,,,,,,,,,,,,,,,,,,,,,,,7676.0,,,,7348.0,,,,7030.0,,,,
2018-04-23,,,,,,,,,,,,,,,,,,,,,,,,,,,,,,,,,,,,,,,,,,,7724.0,,,,7448.0,,,,7136.0,,,,
