,TF1312.CFE,TF1403.CFE,TF1406.CFE,TF1409.CFE,TF1412.CFE,TF1503.CFE,TF1506.CFE,TF1509.CFE,TF1512.CFE,TF1603.CFE,TF1606.CFE,TF1609.CFE,TF1612.CFE,TF1703.CFE,TF1706.CFE,TF1709.CFE,TF1712.CFE,TF1803.CFE,TF1806.CFE,TF1809.CFE,TF1812.CFE
2013-09-06,94.17,94.288,94.344,,,,,,,,,,,,,,,,,,
2013-09-09,93.906,94.0,94.07,,,,,,,,,,,,,,,,,,
2013-09-10,93.842,93.93,94.008,,,,,,,,,,,,,,,,,,
2013-09-11,93.598,93.688,93.766,,,,,,,,,,,,,,,,,,
2013-09-12,93.728,93.842,93.926,,,,,,,,,,,,,,,,,,
2013-09-13,93.764,93.892,93.972,,,,,,,,,,,,,,,,,,
2013-09-16,93.854,93.966,94.052,,,,,,,,,,,,,,,,,,
2013-09-17,94.234,94.044,94.396,,,,,,,,,,,,,,,,,,
2013-09-18,94.206,94.31,94.364,,,,,,,,,,,,,,,,,,
2013-09-23,94.35,94.438,94.45,,,,,,,,,,,,,,,,,,
2013-09-24,94.34,94.43,94.482,,,,,,,,,,,,,,,,,,
2013-09-25,94.42,94.49,94.52,,,,,,,,,,,,,,,,,,
2013-09-26,94.572,94.636,94.668,,,,,,,,,,,,,,,,,,
2013-09-27,94.346,94.404,94.406,,,,,,,,,,,,,,,,,,
2013-09-30,94.462,94.484,94.496,,,,,,,,,,,,,,,,,,
2013-10-08,94.412,94.462,94.456,,,,,,,,,,,,,,,,,,
2013-10-09,94.362,94.38,94.396,,,,,,,,,,,,,,,,,,
2013-10-10,94.35,94.37,94.398,,,,,,,,,,,,,,,,,,
2013-10-11,94.29,94.328,94.318,,,,,,,,,,,,,,,,,,
2013-10-14,94.118,94.158,94.188,,,,,,,,,,,,,,,,,,
2013-10-15,93.948,94.044,94.058,,,,,,,,,,,,,,,,,,
2013-10-16,94.012,94.112,94.198,,,,,,,,,,,,,,,,,,
2013-10-17,93.926,94.04,94.13,,,,,,,,,,,,,,,,,,
2013-10-18,93.886,94.016,94.092,,,,,,,,,,,,,,,,,,
2013-10-21,93.858,93.984,94.104,,,,,,,,,,,,,,,,,,
2013-10-22,93.772,93.91,94.024,,,,,,,,,,,,,,,,,,
2013-10-23,93.812,93.94,94.036,,,,,,,,,,,,,,,,,,
2013-10-24,93.6,93.778,93.872,,,,,,,,,,,,,,,,,,
2013-10-25,93.688,93.85,93.962,,,,,,,,,,,,,,,,,,
2013-10-28,93.67,93.85,94.006,,,,,,,,,,,,,,,,,,
2013-10-29,93.504,93.744,93.942,,,,,,,,,,,,,,,,,,
2013-10-30,93.54,93.754,93.946,,,,,,,,,,,,,,,,,,
2013-10-31,93.74,93.956,94.002,,,,,,,,,,,,,,,,,,
2013-11-01,93.836,94.026,94.11,,,,,,,,,,,,,,,,,,
2013-11-04,93.632,93.828,94.006,,,,,,,,,,,,,,,,,,
2013-11-05,93.474,93.756,93.894,,,,,,,,,,,,,,,,,,
2013-11-06,93.362,93.68,93.93,,,,,,,,,,,,,,,,,,
2013-11-07,92.828,93.284,93.61,,,,,,,,,,,,,,,,,,
2013-11-08,92.292,92.84,93.36,,,,,,,,,,,,,,,,,,
2013-11-11,91.73,92.262,92.814,,,,,,,,,,,,,,,,,,
2013-11-12,92.096,92.542,92.82,,,,,,,,,,,,,,,,,,
2013-11-13,91.82,92.3,92.618,,,,,,,,,,,,,,,,,,
2013-11-14,91.63,92.16,92.556,,,,,,,,,,,,,,,,,,
2013-11-15,91.318,91.802,92.32,,,,,,,,,,,,,,,,,,
2013-11-18,91.342,91.712,92.108,,,,,,,,,,,,,,,,,,
2013-11-19,90.94,91.3,91.956,,,,,,,,,,,,,,,,,,
2013-11-20,91.092,91.66,92.186,,,,,,,,,,,,,,,,,,
2013-11-21,91.396,91.98,92.37,,,,,,,,,,,,,,,,,,
2013-11-22,91.604,92.1,92.554,,,,,,,,,,,,,,,,,,
2013-11-25,91.308,91.754,92.256,,,,,,,,,,,,,,,,,,
2013-11-26,91.374,91.82,92.246,,,,,,,,,,,,,,,,,,
2013-11-27,91.766,92.27,92.596,,,,,,,,,,,,,,,,,,
2013-11-28,91.888,92.548,92.84,,,,,,,,,,,,,,,,,,
2013-11-29,91.782,92.558,92.906,,,,,,,,,,,,,,,,,,
2013-12-02,91.282,92.072,92.52,,,,,,,,,,,,,,,,,,
2013-12-03,91.722,92.286,92.74,,,,,,,,,,,,,,,,,,
2013-12-04,91.622,92.1,92.606,,,,,,,,,,,,,,,,,,
2013-12-05,91.368,91.824,92.31,,,,,,,,,,,,,,,,,,
2013-12-06,91.4,91.918,92.37,,,,,,,,,,,,,,,,,,
2013-12-09,91.378,91.688,92.13,,,,,,,,,,,,,,,,,,
2013-12-10,90.996,91.308,91.856,,,,,,,,,,,,,,,,,,
2013-12-11,90.8,91.46,91.932,,,,,,,,,,,,,,,,,,
2013-12-12,90.9,91.782,92.188,,,,,,,,,,,,,,,,,,
2013-12-13,90.31,91.914,92.288,,,,,,,,,,,,,,,,,,
2013-12-16,,91.452,91.962,92.254,,,,,,,,,,,,,,,,,
2013-12-17,,91.59,92.0,92.448,,,,,,,,,,,,,,,,,
2013-12-18,,91.436,91.91,92.24,,,,,,,,,,,,,,,,,
2013-12-19,,91.374,91.868,92.086,,,,,,,,,,,,,,,,,
2013-12-20,,91.386,91.906,92.11,,,,,,,,,,,,,,,,,
2013-12-23,,91.702,92.22,92.506,,,,,,,,,,,,,,,,,
2013-12-24,,91.65,92.152,92.554,,,,,,,,,,,,,,,,,
2013-12-25,,91.792,92.238,92.554,,,,,,,,,,,,,,,,,
2013-12-26,,91.67,92.19,92.546,,,,,,,,,,,,,,,,,
2013-12-27,,91.56,92.052,92.454,,,,,,,,,,,,,,,,,
2013-12-30,,91.798,92.28,92.55,,,,,,,,,,,,,,,,,
2013-12-31,,91.802,92.32,92.5,,,,,,,,,,,,,,,,,
2014-01-02,,91.35,91.906,92.222,,,,,,,,,,,,,,,,,
2014-01-03,,91.306,91.866,92.206,,,,,,,,,,,,,,,,,
2014-01-06,,91.22,91.804,92.194,,,,,,,,,,,,,,,,,
2014-01-07,,91.44,91.994,92.3,,,,,,,,,,,,,,,,,
2014-01-08,,91.696,92.202,92.496,,,,,,,,,,,,,,,,,
2014-01-09,,91.502,92.082,92.406,,,,,,,,,,,,,,,,,
2014-01-10,,91.542,92.06,92.406,,,,,,,,,,,,,,,,,
2014-01-13,,91.466,92.058,,,,,,,,,,,,,,,,,,
2014-01-14,,91.482,92.074,92.406,,,,,,,,,,,,,,,,,
2014-01-15,,91.816,92.382,92.56,,,,,,,,,,,,,,,,,
2014-01-16,,91.64,92.238,92.506,,,,,,,,,,,,,,,,,
2014-01-17,,91.63,92.16,92.456,,,,,,,,,,,,,,,,,
2014-01-20,,91.782,92.32,92.54,,,,,,,,,,,,,,,,,
2014-01-21,,92.09,92.562,92.746,,,,,,,,,,,,,,,,,
2014-01-22,,92.222,92.694,92.802,,,,,,,,,,,,,,,,,
2014-01-23,,92.076,92.59,92.756,,,,,,,,,,,,,,,,,
2014-01-24,,92.198,92.67,92.796,,,,,,,,,,,,,,,,,
2014-01-27,,92.512,92.9,92.996,,,,,,,,,,,,,,,,,
2014-01-28,,92.334,92.682,92.956,,,,,,,,,,,,,,,,,
2014-01-29,,92.402,92.806,93.04,,,,,,,,,,,,,,,,,
2014-01-30,,92.254,92.66,92.856,,,,,,,,,,,,,,,,,
2014-02-07,,92.514,92.826,93.046,,,,,,,,,,,,,,,,,
2014-02-10,,92.33,92.734,93.0,,,,,,,,,,,,,,,,,
2014-02-11,,92.526,92.978,93.146,,,,,,,,,,,,,,,,,
2014-02-12,,92.448,92.86,93.146,,,,,,,,,,,,,,,,,
2014-02-13,,92.584,92.976,93.196,,,,,,,,,,,,,,,,,
2014-02-14,,92.536,92.98,93.206,,,,,,,,,,,,,,,,,
2014-02-17,,92.264,92.794,93.046,,,,,,,,,,,,,,,,,
2014-02-18,,91.918,92.5,92.806,,,,,,,,,,,,,,,,,
2014-02-19,,91.832,92.406,92.706,,,,,,,,,,,,,,,,,
2014-02-20,,91.892,92.51,92.818,,,,,,,,,,,,,,,,,
2014-02-21,,91.95,92.492,92.838,,,,,,,,,,,,,,,,,
2014-02-24,,92.08,92.692,93.022,,,,,,,,,,,,,,,,,
2014-02-25,,92.45,93.08,93.416,,,,,,,,,,,,,,,,,
2014-02-26,,92.266,92.886,93.28,,,,,,,,,,,,,,,,,
2014-02-27,,92.61,93.182,93.548,,,,,,,,,,,,,,,,,
2014-02-28,,92.59,93.238,93.55,,,,,,,,,,,,,,,,,
2014-03-03,,92.478,92.958,93.354,,,,,,,,,,,,,,,,,
2014-03-04,,92.0,92.61,93.07,,,,,,,,,,,,,,,,,
2014-03-05,,91.948,92.506,92.964,,,,,,,,,,,,,,,,,
2014-03-06,,92.134,92.692,93.146,,,,,,,,,,,,,,,,,
2014-03-07,,92.078,92.58,93.04,,,,,,,,,,,,,,,,,
2014-03-10,,92.2,92.724,93.166,,,,,,,,,,,,,,,,,
2014-03-11,,92.206,92.688,93.15,,,,,,,,,,,,,,,,,
2014-03-12,,92.288,92.738,93.19,,,,,,,,,,,,,,,,,
2014-03-13,,92.38,92.898,93.334,,,,,,,,,,,,,,,,,
2014-03-14,,92.98,92.972,93.396,,,,,,,,,,,,,,,,,
2014-03-17,,,92.83,93.248,93.418,,,,,,,,,,,,,,,,
2014-03-18,,,92.6,93.056,93.146,,,,,,,,,,,,,,,,
2014-03-19,,,92.62,93.05,93.21,,,,,,,,,,,,,,,,
2014-03-20,,,92.628,93.046,93.21,,,,,,,,,,,,,,,,
2014-03-21,,,92.654,93.106,93.25,,,,,,,,,,,,,,,,
2014-03-24,,,92.616,93.056,93.172,,,,,,,,,,,,,,,,
2014-03-25,,,92.648,93.058,93.2,,,,,,,,,,,,,,,,
2014-03-26,,,92.566,93.018,93.19,,,,,,,,,,,,,,,,
2014-03-27,,,92.536,92.966,93.106,,,,,,,,,,,,,,,,
2014-03-28,,,92.53,93.016,93.164,,,,,,,,,,,,,,,,
2014-03-31,,,92.546,92.99,93.158,,,,,,,,,,,,,,,,
2014-04-01,,,92.408,92.87,93.1,,,,,,,,,,,,,,,,
2014-04-02,,,92.164,92.656,92.988,,,,,,,,,,,,,,,,
2014-04-03,,,91.978,92.54,92.882,,,,,,,,,,,,,,,,
2014-04-04,,,92.02,92.468,92.85,,,,,,,,,,,,,,,,
2014-04-08,,,92.03,92.496,92.85,,,,,,,,,,,,,,,,
2014-04-09,,,92.1,92.56,92.85,,,,,,,,,,,,,,,,
2014-04-10,,,92.258,92.69,92.88,,,,,,,,,,,,,,,,
2014-04-11,,,92.384,92.806,93.08,,,,,,,,,,,,,,,,
2014-04-14,,,92.566,92.95,93.196,,,,,,,,,,,,,,,,
2014-04-15,,,92.52,92.894,93.182,,,,,,,,,,,,,,,,
2014-04-16,,,92.47,92.932,93.22,,,,,,,,,,,,,,,,
2014-04-17,,,92.646,93.05,93.25,,,,,,,,,,,,,,,,
2014-04-18,,,92.746,93.156,93.32,,,,,,,,,,,,,,,,
2014-04-21,,,92.698,93.102,93.28,,,,,,,,,,,,,,,,
2014-04-22,,,92.518,92.924,93.214,,,,,,,,,,,,,,,,
2014-04-23,,,92.566,92.95,93.156,,,,,,,,,,,,,,,,
2014-04-24,,,92.512,92.95,93.156,,,,,,,,,,,,,,,,
2014-04-25,,,92.552,92.94,93.156,,,,,,,,,,,,,,,,
2014-04-28,,,92.558,92.93,93.156,,,,,,,,,,,,,,,,
2014-04-29,,,92.716,93.084,93.234,,,,,,,,,,,,,,,,
2014-04-30,,,92.824,93.16,93.32,,,,,,,,,,,,,,,,
2014-05-05,,,92.81,93.178,93.37,,,,,,,,,,,,,,,,
2014-05-06,,,92.964,93.244,93.484,,,,,,,,,,,,,,,,
2014-05-07,,,92.992,93.352,93.534,,,,,,,,,,,,,,,,
2014-05-08,,,93.05,93.42,93.638,,,,,,,,,,,,,,,,
2014-05-09,,,93.326,93.69,93.876,,,,,,,,,,,,,,,,
2014-05-12,,,93.282,93.7,93.878,,,,,,,,,,,,,,,,
2014-05-13,,,93.15,93.506,93.7,,,,,,,,,,,,,,,,
2014-05-14,,,93.014,93.476,93.738,,,,,,,,,,,,,,,,
2014-05-15,,,92.9,93.434,93.674,,,,,,,,,,,,,,,,
2014-05-16,,,92.948,93.518,93.76,,,,,,,,,,,,,,,,
2014-05-19,,,92.952,93.478,93.788,,,,,,,,,,,,,,,,
2014-05-20,,,92.972,93.57,93.844,,,,,,,,,,,,,,,,
2014-05-21,,,93.062,93.664,93.928,,,,,,,,,,,,,,,,
2014-05-22,,,93.1,93.642,93.988,,,,,,,,,,,,,,,,
2014-05-23,,,93.1,93.642,94.002,,,,,,,,,,,,,,,,
2014-05-26,,,93.12,93.664,94.0,,,,,,,,,,,,,,,,
2014-05-27,,,93.26,93.89,94.24,,,,,,,,,,,,,,,,
2014-05-28,,,93.694,94.268,94.608,,,,,,,,,,,,,,,,
2014-05-29,,,93.788,94.234,94.6,,,,,,,,,,,,,,,,
2014-05-30,,,94.168,94.614,94.97,,,,,,,,,,,,,,,,
2014-06-03,,,94.198,94.652,95.01,,,,,,,,,,,,,,,,
2014-06-04,,,94.636,94.972,95.292,,,,,,,,,,,,,,,,
2014-06-05,,,94.078,94.38,94.786,,,,,,,,,,,,,,,,
2014-06-06,,,94.0,94.404,94.776,,,,,,,,,,,,,,,,
2014-06-09,,,94.08,94.516,94.882,,,,,,,,,,,,,,,,
2014-06-10,,,94.118,94.416,94.906,,,,,,,,,,,,,,,,
2014-06-11,,,94.066,94.492,94.906,,,,,,,,,,,,,,,,
2014-06-12,,,94.1,94.38,94.856,,,,,,,,,,,,,,,,
2014-06-13,,,94.724,94.43,94.888,,,,,,,,,,,,,,,,
2014-06-16,,,,94.69,95.058,95.208,,,,,,,,,,,,,,,
2014-06-17,,,,94.52,94.898,95.3,,,,,,,,,,,,,,,
2014-06-18,,,,94.52,94.882,95.116,,,,,,,,,,,,,,,
2014-06-19,,,,94.5,94.916,95.116,,,,,,,,,,,,,,,
2014-06-20,,,,94.544,94.98,95.116,,,,,,,,,,,,,,,
2014-06-23,,,,94.524,94.96,94.99,,,,,,,,,,,,,,,
2014-06-24,,,,94.518,94.958,94.99,,,,,,,,,,,,,,,
2014-06-25,,,,94.468,94.874,94.99,,,,,,,,,,,,,,,
2014-06-26,,,,94.49,94.898,94.99,,,,,,,,,,,,,,,
2014-06-27,,,,94.506,94.922,94.99,,,,,,,,,,,,,,,
2014-06-30,,,,94.428,94.836,94.99,,,,,,,,,,,,,,,
2014-07-01,,,,93.98,94.384,94.99,,,,,,,,,,,,,,,
2014-07-02,,,,93.816,94.26,94.544,,,,,,,,,,,,,,,
2014-07-03,,,,93.562,94.006,94.3,,,,,,,,,,,,,,,
2014-07-04,,,,93.766,94.128,94.306,,,,,,,,,,,,,,,
2014-07-07,,,,93.67,94.076,94.306,,,,,,,,,,,,,,,
2014-07-08,,,,93.692,94.136,94.402,,,,,,,,,,,,,,,
2014-07-09,,,,93.65,94.08,94.32,,,,,,,,,,,,,,,
2014-07-10,,,,93.706,94.082,94.32,,,,,,,,,,,,,,,
2014-07-11,,,,93.786,94.152,94.32,,,,,,,,,,,,,,,
2014-07-14,,,,93.596,94.0,94.32,,,,,,,,,,,,,,,
2014-07-15,,,,93.402,93.82,94.102,,,,,,,,,,,,,,,
2014-07-16,,,,93.18,93.592,93.912,,,,,,,,,,,,,,,
2014-07-17,,,,92.904,93.338,93.7,,,,,,,,,,,,,,,
2014-07-18,,,,93.0,93.416,93.648,,,,,,,,,,,,,,,
2014-07-21,,,,93.058,93.486,93.8,,,,,,,,,,,,,,,
2014-07-22,,,,93.036,93.474,93.832,,,,,,,,,,,,,,,
2014-07-23,,,,92.94,93.362,93.742,,,,,,,,,,,,,,,
2014-07-24,,,,92.984,93.38,93.774,,,,,,,,,,,,,,,
2014-07-25,,,,93.27,93.67,93.886,,,,,,,,,,,,,,,
2014-07-28,,,,93.072,93.516,93.87,,,,,,,,,,,,,,,
2014-07-29,,,,93.04,93.472,93.87,,,,,,,,,,,,,,,
2014-07-30,,,,93.032,93.446,93.86,,,,,,,,,,,,,,,
2014-07-31,,,,93.158,93.586,93.962,,,,,,,,,,,,,,,
2014-08-01,,,,93.312,93.728,94.142,,,,,,,,,,,,,,,
2014-08-04,,,,93.266,93.68,93.998,,,,,,,,,,,,,,,
2014-08-05,,,,93.2,93.608,94.01,,,,,,,,,,,,,,,
2014-08-06,,,,93.06,93.5,93.89,,,,,,,,,,,,,,,
2014-08-07,,,,93.036,93.508,93.846,,,,,,,,,,,,,,,
2014-08-08,,,,92.99,93.48,93.846,,,,,,,,,,,,,,,
2014-08-11,,,,92.97,93.496,93.912,,,,,,,,,,,,,,,
2014-08-12,,,,92.696,93.272,93.764,,,,,,,,,,,,,,,
2014-08-13,,,,93.008,93.612,94.046,,,,,,,,,,,,,,,
2014-08-14,,,,93.17,93.74,94.094,,,,,,,,,,,,,,,
2014-08-15,,,,93.33,93.836,94.258,,,,,,,,,,,,,,,
2014-08-18,,,,93.2,93.696,94.13,,,,,,,,,,,,,,,
2014-08-19,,,,93.064,93.452,93.85,,,,,,,,,,,,,,,
2014-08-20,,,,93.168,93.52,93.912,,,,,,,,,,,,,,,
2014-08-21,,,,93.172,93.572,93.912,,,,,,,,,,,,,,,
2014-08-22,,,,93.238,93.66,94.01,,,,,,,,,,,,,,,
2014-08-25,,,,93.168,93.606,93.99,,,,,,,,,,,,,,,
2014-08-26,,,,93.342,93.76,94.188,,,,,,,,,,,,,,,
2014-08-27,,,,93.464,93.87,94.25,,,,,,,,,,,,,,,
2014-08-28,,,,93.4,93.778,94.196,,,,,,,,,,,,,,,
2014-08-29,,,,93.386,93.7,94.13,,,,,,,,,,,,,,,
2014-09-01,,,,93.332,93.74,94.16,,,,,,,,,,,,,,,
2014-09-02,,,,93.244,93.61,94.1,,,,,,,,,,,,,,,
2014-09-03,,,,93.046,93.458,93.862,,,,,,,,,,,,,,,
2014-09-04,,,,92.968,93.36,93.818,,,,,,,,,,,,,,,
2014-09-05,,,,92.9,93.38,93.77,,,,,,,,,,,,,,,
2014-09-09,,,,92.928,93.49,93.848,,,,,,,,,,,,,,,
2014-09-10,,,,92.81,93.37,93.808,,,,,,,,,,,,,,,
2014-09-11,,,,93.114,93.406,93.85,,,,,,,,,,,,,,,
2014-09-12,,,,93.066,93.448,93.82,,,,,,,,,,,,,,,
2014-09-15,,,,,93.58,93.992,94.39,,,,,,,,,,,,,,
2014-09-16,,,,,93.58,93.978,94.342,,,,,,,,,,,,,,
2014-09-17,,,,,93.694,94.13,94.418,,,,,,,,,,,,,,
2014-09-18,,,,,94.306,94.702,94.966,,,,,,,,,,,,,,
2014-09-19,,,,,94.702,95.102,95.4,,,,,,,,,,,,,,
2014-09-22,,,,,94.714,95.11,95.37,,,,,,,,,,,,,,
2014-09-23,,,,,94.426,94.922,95.1,,,,,,,,,,,,,,
2014-09-24,,,,,94.406,94.78,95.05,,,,,,,,,,,,,,
2014-09-25,,,,,94.594,94.956,95.218,,,,,,,,,,,,,,
2014-09-26,,,,,94.448,94.834,95.084,,,,,,,,,,,,,,
2014-09-29,,,,,94.698,95.04,95.284,,,,,,,,,,,,,,
2014-09-30,,,,,94.752,95.158,95.338,,,,,,,,,,,,,,
2014-10-08,,,,,94.544,94.968,95.25,,,,,,,,,,,,,,
2014-10-09,,,,,94.5,94.922,95.15,,,,,,,,,,,,,,
2014-10-10,,,,,94.488,94.9,95.126,,,,,,,,,,,,,,
2014-10-13,,,,,94.65,95.02,95.24,,,,,,,,,,,,,,
2014-10-14,,,,,95.222,95.608,95.858,,,,,,,,,,,,,,
2014-10-15,,,,,95.29,95.702,95.892,,,,,,,,,,,,,,
2014-10-16,,,,,95.438,95.862,96.072,,,,,,,,,,,,,,
2014-10-17,,,,,95.656,96.06,96.22,,,,,,,,,,,,,,
2014-10-20,,,,,95.996,96.5,96.682,,,,,,,,,,,,,,
2014-10-21,,,,,95.7,96.228,96.458,,,,,,,,,,,,,,
2014-10-22,,,,,95.444,95.93,96.186,,,,,,,,,,,,,,
2014-10-23,,,,,95.492,95.968,96.27,,,,,,,,,,,,,,
2014-10-24,,,,,95.632,96.09,96.402,,,,,,,,,,,,,,
2014-10-27,,,,,95.53,96.0,96.25,,,,,,,,,,,,,,
2014-10-28,,,,,95.828,96.288,96.47,,,,,,,,,,,,,,
2014-10-29,,,,,95.76,96.258,96.52,,,,,,,,,,,,,,
2014-10-30,,,,,95.432,95.94,96.2,,,,,,,,,,,,,,
2014-10-31,,,,,95.534,96.06,96.332,,,,,,,,,,,,,,
2014-11-03,,,,,95.91,96.476,96.738,,,,,,,,,,,,,,
2014-11-04,,,,,96.334,96.908,97.304,,,,,,,,,,,,,,
2014-11-05,,,,,96.6,97.172,97.51,,,,,,,,,,,,,,
2014-11-06,,,,,96.508,97.06,97.45,,,,,,,,,,,,,,
2014-11-07,,,,,96.98,97.524,97.884,,,,,,,,,,,,,,
2014-11-10,,,,,97.114,97.656,98.054,,,,,,,,,,,,,,
2014-11-11,,,,,96.798,97.344,97.732,,,,,,,,,,,,,,
2014-11-12,,,,,96.654,97.2,97.56,,,,,,,,,,,,,,
2014-11-13,,,,,96.48,97.008,97.42,,,,,,,,,,,,,,
2014-11-14,,,,,96.23,96.71,97.09,,,,,,,,,,,,,,
2014-11-17,,,,,95.806,96.4,96.846,,,,,,,,,,,,,,
2014-11-18,,,,,96.404,97.036,97.438,,,,,,,,,,,,,,
2014-11-19,,,,,96.222,96.788,97.212,,,,,,,,,,,,,,
2014-11-20,,,,,96.026,96.55,96.95,,,,,,,,,,,,,,
2014-11-21,,,,,96.274,96.83,97.224,,,,,,,,,,,,,,
2014-11-24,,,,,96.98,97.596,97.938,,,,,,,,,,,,,,
2014-11-25,,,,,96.672,97.29,97.668,,,,,,,,,,,,,,
2014-11-26,,,,,97.138,97.754,98.088,,,,,,,,,,,,,,
2014-11-27,,,,,97.02,97.606,97.962,,,,,,,,,,,,,,
2014-11-28,,,,,96.9,97.59,98.008,,,,,,,,,,,,,,
2014-12-01,,,,,97.05,97.562,97.984,,,,,,,,,,,,,,
2014-12-02,,,,,96.76,97.318,97.746,,,,,,,,,,,,,,
2014-12-03,,,,,95.888,96.64,97.078,,,,,,,,,,,,,,
2014-12-04,,,,,95.366,96.008,96.572,,,,,,,,,,,,,,
2014-12-05,,,,,95.1,95.628,96.088,,,,,,,,,,,,,,
2014-12-08,,,,,94.684,95.546,96.0,,,,,,,,,,,,,,
2014-12-09,,,,,95.088,95.7,96.144,,,,,,,,,,,,,,
2014-12-10,,,,,95.05,95.91,96.42,,,,,,,,,,,,,,
2014-12-11,,,,,94.6,95.518,95.988,,,,,,,,,,,,,,
2014-12-12,,,,,95.12,95.65,96.146,,,,,,,,,,,,,,
2014-12-15,,,,,,95.756,96.24,96.6,,,,,,,,,,,,,
2014-12-16,,,,,,96.006,96.516,96.678,,,,,,,,,,,,,
2014-12-17,,,,,,96.396,96.876,97.32,,,,,,,,,,,,,
2014-12-18,,,,,,96.438,96.924,97.186,,,,,,,,,,,,,
2014-12-19,,,,,,96.522,97.016,97.21,,,,,,,,,,,,,
2014-12-22,,,,,,96.406,96.892,97.36,,,,,,,,,,,,,
2014-12-23,,,,,,96.726,97.252,97.64,,,,,,,,,,,,,
2014-12-24,,,,,,96.876,97.404,97.746,,,,,,,,,,,,,
2014-12-25,,,,,,96.68,97.228,97.556,,,,,,,,,,,,,
2014-12-26,,,,,,96.878,97.39,97.7,,,,,,,,,,,,,
2014-12-29,,,,,,96.838,97.368,97.68,,,,,,,,,,,,,
2014-12-30,,,,,,96.472,97.054,97.388,,,,,,,,,,,,,
2014-12-31,,,,,,96.772,97.362,97.63,,,,,,,,,,,,,
2015-01-05,,,,,,96.718,97.268,97.56,,,,,,,,,,,,,
2015-01-06,,,,,,96.536,97.114,97.482,,,,,,,,,,,,,
2015-01-07,,,,,,96.588,97.11,97.498,,,,,,,,,,,,,
2015-01-08,,,,,,96.68,97.2,97.572,,,,,,,,,,,,,
2015-01-09,,,,,,96.684,97.21,97.622,,,,,,,,,,,,,
2015-01-12,,,,,,96.7,97.2,97.62,,,,,,,,,,,,,
2015-01-13,,,,,,97.084,97.568,97.92,,,,,,,,,,,,,
2015-01-14,,,,,,97.178,97.678,98.038,,,,,,,,,,,,,
2015-01-15,,,,,,97.11,97.58,97.958,,,,,,,,,,,,,
2015-01-16,,,,,,97.45,97.952,98.36,,,,,,,,,,,,,
2015-01-19,,,,,,97.342,97.798,98.126,,,,,,,,,,,,,
2015-01-20,,,,,,97.51,97.974,98.306,,,,,,,,,,,,,
2015-01-21,,,,,,97.448,97.95,98.29,,,,,,,,,,,,,
2015-01-22,,,,,,97.688,98.164,98.516,,,,,,,,,,,,,
2015-01-23,,,,,,97.608,98.082,98.482,,,,,,,,,,,,,
2015-01-26,,,,,,97.8,98.262,98.606,,,,,,,,,,,,,
2015-01-27,,,,,,97.564,98.034,98.4,,,,,,,,,,,,,
2015-01-28,,,,,,97.598,98.04,98.388,,,,,,,,,,,,,
2015-01-29,,,,,,97.246,97.762,98.168,,,,,,,,,,,,,
2015-01-30,,,,,,97.298,97.806,98.176,,,,,,,,,,,,,
2015-02-02,,,,,,97.692,98.216,98.552,,,,,,,,,,,,,
2015-02-03,,,,,,97.716,98.252,98.682,,,,,,,,,,,,,
2015-02-04,,,,,,97.63,98.196,98.672,,,,,,,,,,,,,
2015-02-05,,,,,,97.556,98.132,98.632,,,,,,,,,,,,,
2015-02-06,,,,,,97.692,98.284,98.74,,,,,,,,,,,,,
2015-02-09,,,,,,97.754,98.33,98.8,,,,,,,,,,,,,
2015-02-10,,,,,,97.924,98.514,98.95,,,,,,,,,,,,,
2015-02-11,,,,,,98.326,98.96,99.384,,,,,,,,,,,,,
2015-02-12,,,,,,98.446,99.134,99.558,,,,,,,,,,,,,
2015-02-13,,,,,,98.432,99.17,99.668,,,,,,,,,,,,,
2015-02-16,,,,,,98.552,99.19,99.672,,,,,,,,,,,,,
2015-02-17,,,,,,98.786,99.39,99.978,,,,,,,,,,,,,
2015-02-25,,,,,,98.8,99.392,99.964,,,,,,,,,,,,,
2015-02-26,,,,,,98.62,99.15,99.766,,,,,,,,,,,,,
2015-02-27,,,,,,98.394,99.12,99.66,,,,,,,,,,,,,
2015-03-02,,,,,,97.984,98.808,99.296,,,,,,,,,,,,,
2015-03-03,,,,,,97.818,98.68,99.2,,,,,,,,,,,,,
2015-03-04,,,,,,97.832,98.75,99.26,,,,,,,,,,,,,
2015-03-05,,,,,,97.476,98.392,98.898,,,,,,,,,,,,,
2015-03-06,,,,,,97.83,98.47,99.004,,,,,,,,,,,,,
2015-03-09,,,,,,97.596,98.54,98.802,,,,,,,,,,,,,
2015-03-10,,,,,,97.842,98.318,98.836,,,,,,,,,,,,,
2015-03-11,,,,,,98.718,98.568,99.048,,,,,,,,,,,,,
2015-03-12,,,,,,97.554,98.802,99.28,,,,,,,,,,,,,
2015-03-13,,,,,,97.538,98.27,98.744,,,,,,,,,,,,,
2015-03-16,,,,,,,98.106,98.568,98.992,,,,,,,,,,,,
2015-03-17,,,,,,,98.32,98.735,99.245,,,,,,,,,,,,
2015-03-18,,,,,,,97.825,98.205,98.785,,,,,,,,,,,,
2015-03-19,,,,,,,98.035,98.395,98.9,,,,,,,,,,,,
2015-03-20,,,,,,,98.17,98.52,99.075,,,,,,,,,,,,
2015-03-23,,,,,,,97.99,98.35,98.91,,,,,,,,,,,,
2015-03-24,,,,,,,97.94,98.305,98.915,,,,,,,,,,,,
2015-03-25,,,,,,,97.935,98.28,98.865,,,,,,,,,,,,
2015-03-26,,,,,,,97.405,97.765,98.395,,,,,,,,,,,,
2015-03-27,,,,,,,97.655,97.96,98.6,,,,,,,,,,,,
2015-03-30,,,,,,,97.15,97.475,98.165,,,,,,,,,,,,
2015-03-31,,,,,,,96.9,97.135,97.88,,,,,,,,,,,,
2015-04-01,,,,,,,97.305,97.565,98.26,,,,,,,,,,,,
2015-04-02,,,,,,,97.39,97.69,98.31,,,,,,,,,,,,
2015-04-03,,,,,,,97.0,97.24,98.08,,,,,,,,,,,,
2015-04-07,,,,,,,96.805,97.115,97.9,,,,,,,,,,,,
2015-04-08,,,,,,,96.32,96.58,97.425,,,,,,,,,,,,
2015-04-09,,,,,,,96.55,96.875,97.58,,,,,,,,,,,,
2015-04-10,,,,,,,96.45,96.805,97.595,,,,,,,,,,,,
2015-04-13,,,,,,,96.905,97.3,98.105,,,,,,,,,,,,
2015-04-14,,,,,,,96.75,97.155,98.035,,,,,,,,,,,,
2015-04-15,,,,,,,97.175,97.64,98.45,,,,,,,,,,,,
2015-04-16,,,,,,,97.25,97.69,98.51,,,,,,,,,,,,
2015-04-17,,,,,,,97.295,97.81,98.55,,,,,,,,,,,,
2015-04-20,,,,,,,98.075,98.59,99.26,,,,,,,,,,,,
2015-04-21,,,,,,,98.09,98.555,99.195,,,,,,,,,,,,
2015-04-22,,,,,,,98.2,98.64,99.33,,,,,,,,,,,,
2015-04-23,,,,,,,98.15,98.57,99.195,,,,,,,,,,,,
2015-04-24,,,,,,,97.845,98.28,99.03,,,,,,,,,,,,
2015-04-27,,,,,,,98.405,98.83,99.455,,,,,,,,,,,,
2015-04-28,,,,,,,98.38,98.825,99.535,,,,,,,,,,,,
2015-04-29,,,,,,,98.39,98.825,99.525,,,,,,,,,,,,
2015-04-30,,,,,,,98.46,98.955,99.71,,,,,,,,,,,,
2015-05-04,,,,,,,98.145,98.695,99.36,,,,,,,,,,,,
2015-05-05,,,,,,,98.015,98.57,99.325,,,,,,,,,,,,
2015-05-06,,,,,,,97.29,97.89,98.63,,,,,,,,,,,,
2015-05-07,,,,,,,97.245,97.97,98.71,,,,,,,,,,,,
2015-05-08,,,,,,,97.63,98.365,99.245,,,,,,,,,,,,
2015-05-11,,,,,,,97.665,98.23,99.195,,,,,,,,,,,,
2015-05-12,,,,,,,97.42,98.08,99.125,,,,,,,,,,,,
2015-05-13,,,,,,,97.445,98.075,99.31,,,,,,,,,,,,
2015-05-14,,,,,,,97.48,98.07,99.65,,,,,,,,,,,,
2015-05-15,,,,,,,97.83,98.32,99.795,,,,,,,,,,,,
2015-05-18,,,,,,,97.71,98.24,99.68,,,,,,,,,,,,
2015-05-19,,,,,,,97.28,97.89,99.325,,,,,,,,,,,,
2015-05-20,,,,,,,97.55,98.175,99.76,,,,,,,,,,,,
2015-05-21,,,,,,,97.455,97.985,99.62,,,,,,,,,,,,
2015-05-22,,,,,,,97.475,98.04,99.69,,,,,,,,,,,,
2015-05-25,,,,,,,97.18,97.785,99.455,,,,,,,,,,,,
2015-05-26,,,,,,,96.3,96.9,98.64,,,,,,,,,,,,
2015-05-27,,,,,,,96.325,96.835,98.71,,,,,,,,,,,,
2015-05-28,,,,,,,95.79,96.19,98.365,,,,,,,,,,,,
2015-05-29,,,,,,,95.655,96.115,98.14,,,,,,,,,,,,
2015-06-01,,,,,,,95.51,95.5,97.505,,,,,,,,,,,,
2015-06-02,,,,,,,96.16,96.18,98.0,,,,,,,,,,,,
2015-06-03,,,,,,,96.48,96.43,98.215,,,,,,,,,,,,
2015-06-04,,,,,,,96.68,96.25,98.035,,,,,,,,,,,,
2015-06-05,,,,,,,96.69,96.68,98.48,,,,,,,,,,,,
2015-06-08,,,,,,,96.775,96.87,98.785,,,,,,,,,,,,
2015-06-09,,,,,,,96.83,96.835,98.635,,,,,,,,,,,,
2015-06-10,,,,,,,96.625,96.22,98.205,,,,,,,,,,,,
2015-06-11,,,,,,,96.655,96.11,98.11,,,,,,,,,,,,
2015-06-12,,,,,,,97.1,96.0,97.97,,,,,,,,,,,,
2015-06-15,,,,,,,,95.595,97.63,98.02,,,,,,,,,,,
2015-06-16,,,,,,,,96.27,98.075,98.57,,,,,,,,,,,
2015-06-17,,,,,,,,96.16,97.95,98.35,,,,,,,,,,,
2015-06-18,,,,,,,,96.515,98.235,98.67,,,,,,,,,,,
2015-06-19,,,,,,,,96.245,98.005,98.365,,,,,,,,,,,
2015-06-23,,,,,,,,96.105,97.875,98.3,,,,,,,,,,,
2015-06-24,,,,,,,,96.12,97.8,98.18,,,,,,,,,,,
2015-06-25,,,,,,,,96.0,97.72,98.13,,,,,,,,,,,
2015-06-26,,,,,,,,95.95,97.705,98.065,,,,,,,,,,,
2015-06-29,,,,,,,,95.725,97.55,97.8,,,,,,,,,,,
2015-06-30,,,,,,,,95.96,97.735,98.14,,,,,,,,,,,
2015-07-01,,,,,,,,95.725,97.675,98.16,,,,,,,,,,,
2015-07-02,,,,,,,,95.72,97.57,98.1,,,,,,,,,,,
2015-07-03,,,,,,,,96.295,98.115,98.5,,,,,,,,,,,
2015-07-06,,,,,,,,97.015,98.67,99.145,,,,,,,,,,,
2015-07-07,,,,,,,,97.17,98.895,99.49,,,,,,,,,,,
2015-07-08,,,,,,,,96.47,98.55,99.0,,,,,,,,,,,
2015-07-09,,,,,,,,97.075,98.975,99.41,,,,,,,,,,,
2015-07-10,,,,,,,,96.905,98.845,99.3,,,,,,,,,,,
2015-07-13,,,,,,,,96.945,98.85,99.45,,,,,,,,,,,
2015-07-14,,,,,,,,96.695,98.62,99.275,,,,,,,,,,,
2015-07-15,,,,,,,,96.72,98.61,99.2,,,,,,,,,,,
2015-07-16,,,,,,,,97.03,98.865,99.37,,,,,,,,,,,
2015-07-17,,,,,,,,97.08,98.92,99.405,,,,,,,,,,,
2015-07-20,,,,,,,,97.03,98.88,99.405,,,,,,,,,,,
2015-07-21,,,,,,,,96.815,98.72,99.285,,,,,,,,,,,
2015-07-22,,,,,,,,96.93,98.74,99.22,,,,,,,,,,,
2015-07-23,,,,,,,,97.305,99.1,99.57,,,,,,,,,,,
2015-07-24,,,,,,,,97.2,99.15,99.575,,,,,,,,,,,
2015-07-27,,,,,,,,97.3,99.21,99.65,,,,,,,,,,,
2015-07-28,,,,,,,,97.39,99.3,99.72,,,,,,,,,,,
2015-07-29,,,,,,,,97.4,99.32,99.71,,,,,,,,,,,
2015-07-30,,,,,,,,97.115,99.075,99.48,,,,,,,,,,,
2015-07-31,,,,,,,,96.605,98.6,98.97,,,,,,,,,,,
2015-08-03,,,,,,,,96.68,98.625,99.02,,,,,,,,,,,
2015-08-04,,,,,,,,96.83,98.815,99.21,,,,,,,,,,,
2015-08-05,,,,,,,,96.8,98.725,99.15,,,,,,,,,,,
2015-08-06,,,,,,,,97.11,98.99,99.5,,,,,,,,,,,
2015-08-07,,,,,,,,97.14,99.035,99.38,,,,,,,,,,,
2015-08-10,,,,,,,,96.95,98.775,99.15,,,,,,,,,,,
2015-08-11,,,,,,,,96.43,98.165,98.625,,,,,,,,,,,
2015-08-12,,,,,,,,96.615,98.365,98.88,,,,,,,,,,,
2015-08-13,,,,,,,,96.575,98.305,98.785,,,,,,,,,,,
2015-08-14,,,,,,,,96.65,98.44,98.9,,,,,,,,,,,
2015-08-17,,,,,,,,96.39,98.15,98.595,,,,,,,,,,,
2015-08-18,,,,,,,,96.7,98.28,98.695,,,,,,,,,,,
2015-08-19,,,,,,,,96.66,98.11,98.44,,,,,,,,,,,
2015-08-20,,,,,,,,96.725,98.225,98.45,,,,,,,,,,,
2015-08-21,,,,,,,,96.825,98.32,98.595,,,,,,,,,,,
2015-08-24,,,,,,,,97.0,98.56,98.75,,,,,,,,,,,
2015-08-25,,,,,,,,97.04,98.6,98.745,,,,,,,,,,,
2015-08-26,,,,,,,,97.2,98.765,98.89,,,,,,,,,,,
2015-08-27,,,,,,,,97.7,99.13,99.075,,,,,,,,,,,
2015-08-28,,,,,,,,97.455,98.95,99.03,,,,,,,,,,,
2015-08-31,,,,,,,,97.65,99.21,99.265,,,,,,,,,,,
2015-09-01,,,,,,,,97.98,99.26,99.27,,,,,,,,,,,
2015-09-02,,,,,,,,98.01,99.05,99.005,,,,,,,,,,,
2015-09-07,,,,,,,,98.1,98.81,98.79,,,,,,,,,,,
2015-09-08,,,,,,,,97.85,98.66,98.66,,,,,,,,,,,
2015-09-09,,,,,,,,97.8,98.54,98.535,,,,,,,,,,,
2015-09-10,,,,,,,,97.9,98.755,98.785,,,,,,,,,,,
2015-09-11,,,,,,,,97.8,98.615,98.675,,,,,,,,,,,
2015-09-14,,,,,,,,,98.75,98.75,98.67,,,,,,,,,,
2015-09-15,,,,,,,,,98.945,98.93,98.93,,,,,,,,,,
2015-09-16,,,,,,,,,98.84,98.83,98.9,,,,,,,,,,
2015-09-17,,,,,,,,,98.655,98.62,98.75,,,,,,,,,,
2015-09-18,,,,,,,,,98.7,98.715,98.83,,,,,,,,,,
2015-09-21,,,,,,,,,98.745,98.705,98.8,,,,,,,,,,
2015-09-22,,,,,,,,,98.59,98.595,98.69,,,,,,,,,,
2015-09-23,,,,,,,,,98.65,98.635,98.74,,,,,,,,,,
2015-09-24,,,,,,,,,98.82,98.76,98.88,,,,,,,,,,
2015-09-25,,,,,,,,,98.9,98.88,98.96,,,,,,,,,,
2015-09-28,,,,,,,,,99.0,99.0,99.05,,,,,,,,,,
2015-09-29,,,,,,,,,99.16,99.16,99.225,,,,,,,,,,
2015-09-30,,,,,,,,,99.215,99.18,99.26,,,,,,,,,,
2015-10-08,,,,,,,,,99.155,99.155,99.2,,,,,,,,,,
2015-10-09,,,,,,,,,99.9,99.885,99.835,,,,,,,,,,
2015-10-12,,,,,,,,,99.955,99.96,99.98,,,,,,,,,,
2015-10-13,,,,,,,,,100.28,100.27,100.265,,,,,,,,,,
2015-10-14,,,,,,,,,100.18,100.2,100.23,,,,,,,,,,
2015-10-15,,,,,,,,,100.005,100.015,100.1,,,,,,,,,,
2015-10-16,,,,,,,,,99.625,99.66,99.75,,,,,,,,,,
2015-10-19,,,,,,,,,99.74,99.735,99.83,,,,,,,,,,
2015-10-20,,,,,,,,,100.3,100.28,100.4,,,,,,,,,,
2015-10-21,,,,,,,,,100.05,100.055,100.14,,,,,,,,,,
2015-10-22,,,,,,,,,100.245,100.235,100.33,,,,,,,,,,
2015-10-23,,,,,,,,,100.055,100.02,100.1,,,,,,,,,,
2015-10-26,,,,,,,,,100.29,100.255,100.31,,,,,,,,,,
2015-10-27,,,,,,,,,100.595,100.555,100.595,,,,,,,,,,
2015-10-28,,,,,,,,,100.215,100.18,100.255,,,,,,,,,,
2015-10-29,,,,,,,,,99.86,99.88,99.94,,,,,,,,,,
2015-10-30,,,,,,,,,99.915,99.93,100.005,,,,,,,,,,
2015-11-02,,,,,,,,,99.945,99.97,100.04,,,,,,,,,,
2015-11-03,,,,,,,,,99.75,99.81,99.845,,,,,,,,,,
2015-11-04,,,,,,,,,99.625,99.685,99.74,,,,,,,,,,
2015-11-05,,,,,,,,,99.89,99.89,99.995,,,,,,,,,,
2015-11-06,,,,,,,,,99.655,99.695,99.76,,,,,,,,,,
2015-11-09,,,,,,,,,99.085,99.11,99.26,,,,,,,,,,
2015-11-10,,,,,,,,,99.32,99.345,99.41,,,,,,,,,,
2015-11-11,,,,,,,,,99.65,99.64,99.63,,,,,,,,,,
2015-11-12,,,,,,,,,99.645,99.605,99.59,,,,,,,,,,
2015-11-13,,,,,,,,,99.51,99.48,99.55,,,,,,,,,,
2015-11-16,,,,,,,,,99.71,99.51,99.575,,,,,,,,,,
2015-11-17,,,,,,,,,99.795,99.515,99.51,,,,,,,,,,
2015-11-18,,,,,,,,,99.485,99.31,99.4,,,,,,,,,,
2015-11-19,,,,,,,,,99.675,99.37,99.43,,,,,,,,,,
2015-11-20,,,,,,,,,99.92,99.7,99.7,,,,,,,,,,
2015-11-23,,,,,,,,,99.98,99.64,99.575,,,,,,,,,,
2015-11-24,,,,,,,,,100.255,99.88,99.78,,,,,,,,,,
2015-11-25,,,,,,,,,100.205,99.88,99.8,,,,,,,,,,
2015-11-26,,,,,,,,,100.365,100.065,99.9,,,,,,,,,,
2015-11-27,,,,,,,,,100.3,99.975,99.78,,,,,,,,,,
2015-11-30,,,,,,,,,100.595,100.135,100.005,,,,,,,,,,
2015-12-01,,,,,,,,,100.595,99.99,99.855,,,,,,,,,,
2015-12-02,,,,,,,,,100.595,100.02,99.89,,,,,,,,,,
2015-12-03,,,,,,,,,100.595,100.105,99.925,,,,,,,,,,
2015-12-04,,,,,,,,,100.55,100.045,99.85,,,,,,,,,,
2015-12-07,,,,,,,,,100.5,100.115,99.93,,,,,,,,,,
2015-12-08,,,,,,,,,100.5,100.23,100.05,,,,,,,,,,
2015-12-09,,,,,,,,,100.5,100.22,100.04,,,,,,,,,,
2015-12-10,,,,,,,,,100.5,100.18,100.01,,,,,,,,,,
2015-12-11,,,,,,,,,100.5,100.34,100.155,,,,,,,,,,
2015-12-14,,,,,,,,,,100.09,99.92,100.0,,,,,,,,,
2015-12-15,,,,,,,,,,100.2,100.035,100.12,,,,,,,,,
2015-12-16,,,,,,,,,,100.245,100.095,100.09,,,,,,,,,
2015-12-17,,,,,,,,,,100.24,100.115,100.13,,,,,,,,,
2015-12-18,,,,,,,,,,100.62,100.5,100.5,,,,,,,,,
2015-12-21,,,,,,,,,,100.78,100.675,100.675,,,,,,,,,
2015-12-22,,,,,,,,,,100.775,100.645,100.65,,,,,,,,,
2015-12-23,,,,,,,,,,100.81,100.69,100.68,,,,,,,,,
2015-12-24,,,,,,,,,,100.96,100.845,100.8,,,,,,,,,
2015-12-25,,,,,,,,,,100.86,100.73,100.72,,,,,,,,,
2015-12-28,,,,,,,,,,100.955,100.84,100.8,,,,,,,,,
2015-12-29,,,,,,,,,,100.83,100.7,100.7,,,,,,,,,
2015-12-30,,,,,,,,,,100.785,100.67,100.715,,,,,,,,,
2015-12-31,,,,,,,,,,100.68,100.55,100.605,,,,,,,,,
2016-01-04,,,,,,,,,,100.595,100.47,100.47,,,,,,,,,
2016-01-05,,,,,,,,,,100.33,100.22,100.245,,,,,,,,,
2016-01-06,,,,,,,,,,100.62,100.515,100.44,,,,,,,,,
2016-01-07,,,,,,,,,,100.58,100.495,100.435,,,,,,,,,
2016-01-08,,,,,,,,,,100.765,100.68,100.655,,,,,,,,,
2016-01-11,,,,,,,,,,100.79,100.655,100.615,,,,,,,,,
2016-01-12,,,,,,,,,,100.98,100.88,100.795,,,,,,,,,
2016-01-13,,,,,,,,,,101.13,100.93,100.8,,,,,,,,,
2016-01-14,,,,,,,,,,100.92,100.7,100.535,,,,,,,,,
2016-01-15,,,,,,,,,,101.05,100.82,100.72,,,,,,,,,
2016-01-18,,,,,,,,,,100.84,100.63,100.48,,,,,,,,,
2016-01-19,,,,,,,,,,100.72,100.53,100.4,,,,,,,,,
2016-01-20,,,,,,,,,,100.82,100.565,100.305,,,,,,,,,
2016-01-21,,,,,,,,,,100.86,100.54,100.395,,,,,,,,,
2016-01-22,,,,,,,,,,100.875,100.48,100.295,,,,,,,,,
2016-01-25,,,,,,,,,,100.51,100.18,100.0,,,,,,,,,
2016-01-26,,,,,,,,,,100.56,100.2,99.99,,,,,,,,,
2016-01-27,,,,,,,,,,100.49,100.12,99.91,,,,,,,,,
2016-01-28,,,,,,,,,,100.58,100.26,100.015,,,,,,,,,
2016-01-29,,,,,,,,,,100.79,100.47,100.205,,,,,,,,,
2016-02-01,,,,,,,,,,100.76,100.47,100.205,,,,,,,,,
2016-02-02,,,,,,,,,,100.54,100.255,99.95,,,,,,,,,
2016-02-03,,,,,,,,,,100.62,100.305,99.995,,,,,,,,,
2016-02-04,,,,,,,,,,100.735,100.36,100.1,,,,,,,,,
2016-02-05,,,,,,,,,,100.775,100.405,100.15,,,,,,,,,
2016-02-15,,,,,,,,,,101.015,100.69,100.32,,,,,,,,,
2016-02-16,,,,,,,,,,100.815,100.47,100.2,,,,,,,,,
2016-02-17,,,,,,,,,,100.815,100.46,100.19,,,,,,,,,
2016-02-18,,,,,,,,,,100.855,100.53,100.3,,,,,,,,,
2016-02-19,,,,,,,,,,100.87,100.46,100.285,,,,,,,,,
2016-02-22,,,,,,,,,,100.85,100.39,100.15,,,,,,,,,
2016-02-23,,,,,,,,,,100.865,100.35,100.09,,,,,,,,,
2016-02-24,,,,,,,,,,100.86,100.35,100.08,,,,,,,,,
2016-02-25,,,,,,,,,,100.89,100.28,99.94,,,,,,,,,
2016-02-26,,,,,,,,,,101.35,100.405,100.02,,,,,,,,,
2016-02-29,,,,,,,,,,101.35,100.475,100.075,,,,,,,,,
2016-03-01,,,,,,,,,,101.4,100.58,100.1,,,,,,,,,
2016-03-02,,,,,,,,,,101.35,100.405,99.835,,,,,,,,,
2016-03-03,,,,,,,,,,101.15,100.215,99.75,,,,,,,,,
2016-03-04,,,,,,,,,,101.15,100.37,99.93,,,,,,,,,
2016-03-07,,,,,,,,,,101.3,100.1,99.75,,,,,,,,,
2016-03-08,,,,,,,,,,101.3,100.235,99.825,,,,,,,,,
2016-03-09,,,,,,,,,,101.3,100.41,99.98,,,,,,,,,
2016-03-10,,,,,,,,,,101.3,100.57,100.1,,,,,,,,,
2016-03-11,,,,,,,,,,101.3,100.76,100.26,,,,,,,,,
2016-03-14,,,,,,,,,,,100.69,100.225,99.82,,,,,,,,
2016-03-15,,,,,,,,,,,100.685,100.25,99.91,,,,,,,,
2016-03-16,,,,,,,,,,,100.8,100.36,100.04,,,,,,,,
2016-03-17,,,,,,,,,,,100.63,100.22,99.9,,,,,,,,
2016-03-18,,,,,,,,,,,100.655,100.22,99.9,,,,,,,,
2016-03-21,,,,,,,,,,,100.54,100.115,99.795,,,,,,,,
2016-03-22,,,,,,,,,,,100.63,100.2,99.83,,,,,,,,
2016-03-23,,,,,,,,,,,100.62,100.22,99.9,,,,,,,,
2016-03-24,,,,,,,,,,,100.72,100.29,100.01,,,,,,,,
2016-03-25,,,,,,,,,,,100.775,100.29,99.95,,,,,,,,
2016-03-28,,,,,,,,,,,100.71,100.245,99.9,,,,,,,,
2016-03-29,,,,,,,,,,,101.0,100.485,100.13,,,,,,,,
2016-03-30,,,,,,,,,,,101.075,100.54,100.15,,,,,,,,
2016-03-31,,,,,,,,,,,101.01,100.5,100.15,,,,,,,,
2016-04-01,,,,,,,,,,,101.055,100.62,100.225,,,,,,,,
2016-04-05,,,,,,,,,,,100.875,100.4,100.1,,,,,,,,
2016-04-06,,,,,,,,,,,100.86,100.36,99.995,,,,,,,,
2016-04-07,,,,,,,,,,,100.85,100.245,99.87,,,,,,,,
2016-04-08,,,,,,,,,,,100.975,100.24,99.8,,,,,,,,
2016-04-11,,,,,,,,,,,101.04,100.25,99.8,,,,,,,,
2016-04-12,,,,,,,,,,,101.0,100.18,99.72,,,,,,,,
2016-04-13,,,,,,,,,,,100.74,99.95,99.49,,,,,,,,
2016-04-14,,,,,,,,,,,100.42,99.675,99.22,,,,,,,,
2016-04-15,,,,,,,,,,,100.635,99.92,99.46,,,,,,,,
2016-04-18,,,,,,,,,,,100.71,99.94,99.47,,,,,,,,
2016-04-19,,,,,,,,,,,100.715,99.885,99.46,,,,,,,,
2016-04-20,,,,,,,,,,,100.535,99.615,99.11,,,,,,,,
2016-04-21,,,,,,,,,,,100.52,99.475,98.91,,,,,,,,
2016-04-22,,,,,,,,,,,100.58,99.5,98.92,,,,,,,,
2016-04-25,,,,,,,,,,,100.375,99.24,98.725,,,,,,,,
2016-04-26,,,,,,,,,,,100.585,99.57,98.93,,,,,,,,
2016-04-27,,,,,,,,,,,100.54,99.635,98.97,,,,,,,,
2016-04-28,,,,,,,,,,,100.67,99.835,99.18,,,,,,,,
2016-04-29,,,,,,,,,,,100.6,99.635,99.03,,,,,,,,
2016-05-03,,,,,,,,,,,100.83,99.88,99.265,,,,,,,,
2016-05-04,,,,,,,,,,,100.88,99.95,99.335,,,,,,,,
2016-05-05,,,,,,,,,,,100.905,99.97,99.34,,,,,,,,
2016-05-06,,,,,,,,,,,100.92,99.955,99.305,,,,,,,,
2016-05-09,,,,,,,,,,,101.13,100.285,99.54,,,,,,,,
2016-05-10,,,,,,,,,,,101.18,100.335,99.66,,,,,,,,
2016-05-11,,,,,,,,,,,101.095,100.29,99.635,,,,,,,,
2016-05-12,,,,,,,,,,,101.205,100.45,99.795,,,,,,,,
2016-05-13,,,,,,,,,,,101.165,100.355,99.765,,,,,,,,
2016-05-16,,,,,,,,,,,101.03,100.24,99.61,,,,,,,,
2016-05-17,,,,,,,,,,,101.02,100.23,99.63,,,,,,,,
2016-05-18,,,,,,,,,,,100.88,100.08,99.45,,,,,,,,
2016-05-19,,,,,,,,,,,100.89,100.125,99.45,,,,,,,,
2016-05-20,,,,,,,,,,,101.0,100.245,99.54,,,,,,,,
2016-05-23,,,,,,,,,,,100.96,100.215,99.555,,,,,,,,
2016-05-24,,,,,,,,,,,101.07,100.355,99.69,,,,,,,,
2016-05-25,,,,,,,,,,,101.045,100.355,99.72,,,,,,,,
2016-05-26,,,,,,,,,,,100.91,100.265,99.68,,,,,,,,
2016-05-27,,,,,,,,,,,100.9,100.22,99.675,,,,,,,,
2016-05-30,,,,,,,,,,,101.03,100.165,99.615,,,,,,,,
2016-05-31,,,,,,,,,,,101.04,100.32,99.73,,,,,,,,
2016-06-01,,,,,,,,,,,101.0,100.315,99.735,,,,,,,,
2016-06-02,,,,,,,,,,,101.0,100.22,99.64,,,,,,,,
2016-06-03,,,,,,,,,,,101.0,100.27,99.7,,,,,,,,
2016-06-06,,,,,,,,,,,101.0,100.33,99.745,,,,,,,,
2016-06-07,,,,,,,,,,,100.9,100.27,99.72,,,,,,,,
2016-06-08,,,,,,,,,,,100.9,100.19,99.665,,,,,,,,
2016-06-13,,,,,,,,,,,100.9,100.34,99.795,,,,,,,,
2016-06-14,,,,,,,,,,,,100.475,99.95,99.575,,,,,,,
2016-06-15,,,,,,,,,,,,100.48,99.99,99.58,,,,,,,
2016-06-16,,,,,,,,,,,,100.675,100.18,99.735,,,,,,,
2016-06-17,,,,,,,,,,,,100.64,100.235,99.835,,,,,,,
2016-06-20,,,,,,,,,,,,100.635,100.245,99.845,,,,,,,
2016-06-21,,,,,,,,,,,,100.725,100.32,99.925,,,,,,,
2016-06-22,,,,,,,,,,,,100.715,100.36,100.0,,,,,,,
2016-06-23,,,,,,,,,,,,100.72,100.39,100.04,,,,,,,
2016-06-24,,,,,,,,,,,,100.885,100.58,100.25,,,,,,,
2016-06-27,,,,,,,,,,,,101.055,100.725,100.48,,,,,,,
2016-06-28,,,,,,,,,,,,100.86,100.555,100.31,,,,,,,
2016-06-29,,,,,,,,,,,,100.865,100.455,100.265,,,,,,,
2016-06-30,,,,,,,,,,,,101.01,100.555,100.285,,,,,,,
2016-07-01,,,,,,,,,,,,101.155,100.715,100.41,,,,,,,
2016-07-04,,,,,,,,,,,,101.035,100.55,100.24,,,,,,,
2016-07-05,,,,,,,,,,,,100.99,100.475,100.22,,,,,,,
2016-07-06,,,,,,,,,,,,101.055,100.62,100.315,,,,,,,
2016-07-07,,,,,,,,,,,,101.215,100.74,100.425,,,,,,,
2016-07-08,,,,,,,,,,,,101.26,100.795,100.505,,,,,,,
2016-07-11,,,,,,,,,,,,101.115,100.685,100.41,,,,,,,
2016-07-12,,,,,,,,,,,,101.01,100.6,100.295,,,,,,,
2016-07-13,,,,,,,,,,,,100.965,100.515,100.225,,,,,,,
2016-07-14,,,,,,,,,,,,100.985,100.535,100.24,,,,,,,
2016-07-15,,,,,,,,,,,,101.13,100.675,100.35,,,,,,,
2016-07-18,,,,,,,,,,,,101.115,100.66,100.335,,,,,,,
2016-07-19,,,,,,,,,,,,101.16,100.705,100.375,,,,,,,
2016-07-20,,,,,,,,,,,,101.34,100.92,100.595,,,,,,,
2016-07-21,,,,,,,,,,,,101.395,100.98,100.57,,,,,,,
2016-07-22,,,,,,,,,,,,101.4,101.01,100.685,,,,,,,
2016-07-25,,,,,,,,,,,,101.315,100.93,100.62,,,,,,,
2016-07-26,,,,,,,,,,,,101.435,101.04,100.725,,,,,,,
2016-07-27,,,,,,,,,,,,101.385,101.0,100.51,,,,,,,
2016-07-28,,,,,,,,,,,,101.525,101.135,100.83,,,,,,,
2016-07-29,,,,,,,,,,,,101.475,101.105,100.78,,,,,,,
2016-08-01,,,,,,,,,,,,101.41,101.085,100.79,,,,,,,
2016-08-02,,,,,,,,,,,,101.515,101.19,100.88,,,,,,,
2016-08-03,,,,,,,,,,,,101.565,101.24,100.85,,,,,,,
2016-08-04,,,,,,,,,,,,101.58,101.27,100.94,,,,,,,
2016-08-05,,,,,,,,,,,,101.725,101.435,101.125,,,,,,,
2016-08-08,,,,,,,,,,,,101.73,101.46,101.145,,,,,,,
2016-08-09,,,,,,,,,,,,101.795,101.54,101.23,,,,,,,
2016-08-10,,,,,,,,,,,,101.8,101.495,101.19,,,,,,,
2016-08-11,,,,,,,,,,,,101.875,101.585,101.285,,,,,,,
2016-08-12,,,,,,,,,,,,102.045,101.705,101.385,,,,,,,
2016-08-15,,,,,,,,,,,,102.155,101.83,101.495,,,,,,,
2016-08-16,,,,,,,,,,,,102.04,101.715,101.42,,,,,,,
2016-08-17,,,,,,,,,,,,101.985,101.695,101.375,,,,,,,
2016-08-18,,,,,,,,,,,,102.01,101.7,101.365,,,,,,,
2016-08-19,,,,,,,,,,,,101.935,101.545,101.205,,,,,,,
2016-08-22,,,,,,,,,,,,101.995,101.625,101.3,,,,,,,
2016-08-23,,,,,,,,,,,,101.895,101.4,101.09,,,,,,,
2016-08-24,,,,,,,,,,,,101.855,101.375,101.07,,,,,,,
2016-08-25,,,,,,,,,,,,101.85,101.345,101.075,,,,,,,
2016-08-26,,,,,,,,,,,,102.0,101.535,101.215,,,,,,,
2016-08-29,,,,,,,,,,,,101.96,101.44,101.105,,,,,,,
2016-08-30,,,,,,,,,,,,101.785,101.24,100.945,,,,,,,
2016-08-31,,,,,,,,,,,,101.81,101.29,100.995,,,,,,,
2016-09-01,,,,,,,,,,,,101.75,101.325,100.985,,,,,,,
2016-09-02,,,,,,,,,,,,101.7,101.305,100.99,,,,,,,
2016-09-05,,,,,,,,,,,,101.7,101.28,100.965,,,,,,,
2016-09-06,,,,,,,,,,,,101.7,101.25,100.945,,,,,,,
2016-09-07,,,,,,,,,,,,101.455,101.225,100.91,,,,,,,
2016-09-08,,,,,,,,,,,,101.455,101.355,101.04,,,,,,,
2016-09-09,,,,,,,,,,,,101.455,101.405,101.095,,,,,,,
2016-09-12,,,,,,,,,,,,,101.29,100.96,100.63,,,,,,
2016-09-13,,,,,,,,,,,,,101.405,101.08,100.785,,,,,,
2016-09-14,,,,,,,,,,,,,101.435,101.1,100.79,,,,,,
2016-09-19,,,,,,,,,,,,,101.44,101.11,100.84,,,,,,
2016-09-20,,,,,,,,,,,,,101.46,101.15,100.885,,,,,,
2016-09-21,,,,,,,,,,,,,101.465,101.155,100.845,,,,,,
2016-09-22,,,,,,,,,,,,,101.47,101.18,100.87,,,,,,
2016-09-23,,,,,,,,,,,,,101.54,101.23,100.915,,,,,,
2016-09-26,,,,,,,,,,,,,101.575,101.295,100.99,,,,,,
2016-09-27,,,,,,,,,,,,,101.6,101.305,100.995,,,,,,
2016-09-28,,,,,,,,,,,,,101.615,101.32,101.01,,,,,,
2016-09-29,,,,,,,,,,,,,101.62,101.325,101.03,,,,,,
2016-09-30,,,,,,,,,,,,,101.625,101.335,101.02,,,,,,
2016-10-10,,,,,,,,,,,,,101.795,101.5,101.205,,,,,,
2016-10-11,,,,,,,,,,,,,101.77,101.475,101.18,,,,,,
2016-10-12,,,,,,,,,,,,,101.71,101.415,101.105,,,,,,
2016-10-13,,,,,,,,,,,,,101.785,101.495,101.19,,,,,,
2016-10-14,,,,,,,,,,,,,101.81,101.525,101.2,,,,,,
2016-10-17,,,,,,,,,,,,,101.88,101.6,101.25,,,,,,
2016-10-18,,,,,,,,,,,,,101.84,101.575,101.27,,,,,,
2016-10-19,,,,,,,,,,,,,101.965,101.705,101.435,,,,,,
2016-10-20,,,,,,,,,,,,,102.115,101.82,101.56,,,,,,
2016-10-21,,,,,,,,,,,,,102.12,101.835,101.54,,,,,,
2016-10-24,,,,,,,,,,,,,101.92,101.565,101.28,,,,,,
2016-10-25,,,,,,,,,,,,,101.84,101.46,101.2,,,,,,
2016-10-26,,,,,,,,,,,,,101.69,101.305,101.01,,,,,,
2016-10-27,,,,,,,,,,,,,101.88,101.42,101.1,,,,,,
2016-10-28,,,,,,,,,,,,,101.885,101.48,101.155,,,,,,
2016-10-31,,,,,,,,,,,,,101.705,101.285,100.97,,,,,,
2016-11-01,,,,,,,,,,,,,101.755,101.34,101.01,,,,,,
2016-11-02,,,,,,,,,,,,,101.825,101.375,101.05,,,,,,
2016-11-03,,,,,,,,,,,,,101.91,101.465,101.13,,,,,,
2016-11-04,,,,,,,,,,,,,101.905,101.49,101.14,,,,,,
2016-11-07,,,,,,,,,,,,,101.77,101.34,101.025,,,,,,
2016-11-08,,,,,,,,,,,,,101.77,101.29,100.96,,,,,,
2016-11-09,,,,,,,,,,,,,101.76,101.255,100.96,,,,,,
2016-11-10,,,,,,,,,,,,,101.585,101.045,100.72,,,,,,
2016-11-11,,,,,,,,,,,,,101.585,100.895,100.54,,,,,,
2016-11-14,,,,,,,,,,,,,101.505,100.765,100.42,,,,,,
2016-11-15,,,,,,,,,,,,,101.57,100.81,100.405,,,,,,
2016-11-16,,,,,,,,,,,,,101.5,100.64,100.265,,,,,,
2016-11-17,,,,,,,,,,,,,101.305,100.49,100.115,,,,,,
2016-11-18,,,,,,,,,,,,,101.225,100.405,100.03,,,,,,
2016-11-21,,,,,,,,,,,,,101.28,100.445,100.05,,,,,,
2016-11-22,,,,,,,,,,,,,101.26,100.44,100.07,,,,,,
2016-11-23,,,,,,,,,,,,,101.47,100.69,100.3,,,,,,
2016-11-24,,,,,,,,,,,,,101.36,100.645,100.23,,,,,,
2016-11-25,,,,,,,,,,,,,101.32,100.57,100.14,,,,,,
2016-11-28,,,,,,,,,,,,,101.34,100.62,100.2,,,,,,
2016-11-29,,,,,,,,,,,,,100.9,100.2,99.73,,,,,,
2016-11-30,,,,,,,,,,,,,100.71,100.15,99.71,,,,,,
2016-12-01,,,,,,,,,,,,,100.92,99.785,99.325,,,,,,
2016-12-02,,,,,,,,,,,,,100.94,99.77,99.32,,,,,,
2016-12-05,,,,,,,,,,,,,100.94,99.615,99.16,,,,,,
2016-12-06,,,,,,,,,,,,,100.94,99.395,98.95,,,,,,
2016-12-07,,,,,,,,,,,,,100.94,99.47,99.07,,,,,,
2016-12-08,,,,,,,,,,,,,100.94,99.5,99.085,,,,,,
2016-12-09,,,,,,,,,,,,,100.94,99.47,99.055,,,,,,
2016-12-12,,,,,,,,,,,,,,99.01,98.525,98.3,,,,,
2016-12-13,,,,,,,,,,,,,,98.9,98.415,98.07,,,,,
2016-12-14,,,,,,,,,,,,,,98.74,98.225,97.925,,,,,
2016-12-15,,,,,,,,,,,,,,97.595,97.11,96.87,,,,,
2016-12-16,,,,,,,,,,,,,,98.55,97.795,97.3,,,,,
2016-12-19,,,,,,,,,,,,,,97.835,97.005,96.5,,,,,
2016-12-20,,,,,,,,,,,,,,97.775,97.13,96.59,,,,,
2016-12-21,,,,,,,,,,,,,,98.85,98.17,97.72,,,,,
2016-12-22,,,,,,,,,,,,,,99.15,98.545,97.88,,,,,
2016-12-23,,,,,,,,,,,,,,98.84,98.205,97.68,,,,,
2016-12-26,,,,,,,,,,,,,,98.945,98.19,97.705,,,,,
2016-12-27,,,,,,,,,,,,,,98.73,97.97,97.445,,,,,
2016-12-28,,,,,,,,,,,,,,99.01,98.245,97.6,,,,,
2016-12-29,,,,,,,,,,,,,,99.585,98.795,98.18,,,,,
2016-12-30,,,,,,,,,,,,,,99.4,98.555,98.02,,,,,
2017-01-03,,,,,,,,,,,,,,99.39,98.515,97.925,,,,,
2017-01-04,,,,,,,,,,,,,,99.345,98.355,97.74,,,,,
2017-01-05,,,,,,,,,,,,,,99.58,98.545,97.905,,,,,
2017-01-06,,,,,,,,,,,,,,99.435,98.42,97.9,,,,,
2017-01-09,,,,,,,,,,,,,,99.57,98.73,98.18,,,,,
2017-01-10,,,,,,,,,,,,,,99.55,98.69,98.2,,,,,
2017-01-11,,,,,,,,,,,,,,99.41,98.565,98.04,,,,,
2017-01-12,,,,,,,,,,,,,,99.46,98.63,98.2,,,,,
2017-01-13,,,,,,,,,,,,,,99.58,98.735,98.17,,,,,
2017-01-16,,,,,,,,,,,,,,99.14,98.305,97.825,,,,,
2017-01-17,,,,,,,,,,,,,,99.075,98.235,97.645,,,,,
2017-01-18,,,,,,,,,,,,,,99.1,98.23,97.625,,,,,
2017-01-19,,,,,,,,,,,,,,99.355,98.425,97.9,,,,,
2017-01-20,,,,,,,,,,,,,,99.47,98.54,97.94,,,,,
2017-01-23,,,,,,,,,,,,,,99.425,98.525,97.88,,,,,
2017-01-24,,,,,,,,,,,,,,99.095,98.09,97.58,,,,,
2017-01-25,,,,,,,,,,,,,,98.97,98.015,97.375,,,,,
2017-01-26,,,,,,,,,,,,,,99.075,97.88,97.155,,,,,
2017-02-03,,,,,,,,,,,,,,98.745,97.47,96.8,,,,,
2017-02-06,,,,,,,,,,,,,,98.83,97.4,96.735,,,,,
2017-02-07,,,,,,,,,,,,,,99.105,97.605,96.89,,,,,
2017-02-08,,,,,,,,,,,,,,99.25,97.94,97.24,,,,,
2017-02-09,,,,,,,,,,,,,,99.275,98.115,97.43,,,,,
2017-02-10,,,,,,,,,,,,,,99.355,98.02,97.33,,,,,
2017-02-13,,,,,,,,,,,,,,99.6,98.275,97.53,,,,,
2017-02-14,,,,,,,,,,,,,,99.31,98.165,97.385,,,,,
2017-02-15,,,,,,,,,,,,,,99.33,98.115,97.34,,,,,
2017-02-16,,,,,,,,,,,,,,99.72,98.6,97.72,,,,,
2017-02-17,,,,,,,,,,,,,,99.67,98.57,97.7,,,,,
2017-02-20,,,,,,,,,,,,,,99.965,98.785,98.045,,,,,
2017-02-21,,,,,,,,,,,,,,99.92,98.495,97.74,,,,,
2017-02-22,,,,,,,,,,,,,,100.01,98.83,97.98,,,,,
2017-02-23,,,,,,,,,,,,,,100.13,98.84,98.02,,,,,
2017-02-24,,,,,,,,,,,,,,99.875,98.795,98.07,,,,,
2017-02-27,,,,,,,,,,,,,,100.085,98.72,98.04,,,,,
2017-02-28,,,,,,,,,,,,,,100.295,98.905,98.2,,,,,
2017-03-01,,,,,,,,,,,,,,100.295,98.535,97.86,,,,,
2017-03-02,,,,,,,,,,,,,,100.0,98.485,97.82,,,,,
2017-03-03,,,,,,,,,,,,,,100.0,98.425,97.695,,,,,
2017-03-06,,,,,,,,,,,,,,100.0,98.35,97.65,,,,,
2017-03-07,,,,,,,,,,,,,,100.0,98.49,97.745,,,,,
2017-03-08,,,,,,,,,,,,,,100.0,98.14,97.43,,,,,
2017-03-09,,,,,,,,,,,,,,100.0,98.05,97.305,,,,,
2017-03-10,,,,,,,,,,,,,,100.0,98.115,97.375,,,,,
2017-03-13,,,,,,,,,,,,,,,98.505,97.745,96.895,,,,
2017-03-14,,,,,,,,,,,,,,,98.61,97.83,97.2,,,,
2017-03-15,,,,,,,,,,,,,,,98.605,97.85,97.2,,,,
2017-03-16,,,,,,,,,,,,,,,98.89,98.115,97.435,,,,
2017-03-17,,,,,,,,,,,,,,,98.82,98.02,97.47,,,,
2017-03-20,,,,,,,,,,,,,,,98.815,98.12,97.49,,,,
2017-03-21,,,,,,,,,,,,,,,98.955,98.215,97.6,,,,
2017-03-22,,,,,,,,,,,,,,,98.865,98.285,97.71,,,,
2017-03-23,,,,,,,,,,,,,,,98.945,98.38,97.81,,,,
2017-03-24,,,,,,,,,,,,,,,99.26,98.775,98.33,,,,
2017-03-27,,,,,,,,,,,,,,,99.375,98.85,98.325,,,,
2017-03-28,,,,,,,,,,,,,,,99.22,98.685,98.155,,,,
2017-03-29,,,,,,,,,,,,,,,99.205,98.61,98.1,,,,
2017-03-30,,,,,,,,,,,,,,,99.21,98.59,97.97,,,,
2017-03-31,,,,,,,,,,,,,,,99.24,98.56,97.97,,,,
2017-04-05,,,,,,,,,,,,,,,99.055,98.455,97.83,,,,
2017-04-06,,,,,,,,,,,,,,,99.145,98.54,98.02,,,,
2017-04-07,,,,,,,,,,,,,,,99.265,98.64,97.895,,,,
2017-04-10,,,,,,,,,,,,,,,99.11,98.56,98.005,,,,
2017-04-11,,,,,,,,,,,,,,,99.15,98.56,98.03,,,,
2017-04-12,,,,,,,,,,,,,,,99.0,98.46,97.96,,,,
2017-04-13,,,,,,,,,,,,,,,99.05,98.53,98.0,,,,
2017-04-14,,,,,,,,,,,,,,,98.815,98.37,97.92,,,,
2017-04-17,,,,,,,,,,,,,,,98.555,98.095,97.775,,,,
2017-04-18,,,,,,,,,,,,,,,98.57,98.015,97.585,,,,
2017-04-19,,,,,,,,,,,,,,,98.67,98.12,97.645,,,,
2017-04-20,,,,,,,,,,,,,,,98.655,98.16,97.71,,,,
2017-04-21,,,,,,,,,,,,,,,98.41,97.945,97.575,,,,
2017-04-24,,,,,,,,,,,,,,,98.14,97.69,97.35,,,,
2017-04-25,,,,,,,,,,,,,,,98.385,97.99,97.58,,,,
2017-04-26,,,,,,,,,,,,,,,98.42,98.025,97.63,,,,
2017-04-27,,,,,,,,,,,,,,,98.405,98.07,97.67,,,,
2017-04-28,,,,,,,,,,,,,,,98.305,97.925,97.575,,,,
2017-05-02,,,,,,,,,,,,,,,98.26,97.885,97.545,,,,
2017-05-03,,,,,,,,,,,,,,,98.155,97.845,97.545,,,,
2017-05-04,,,,,,,,,,,,,,,97.765,97.6,97.345,,,,
2017-05-05,,,,,,,,,,,,,,,97.715,97.495,97.33,,,,
2017-05-08,,,,,,,,,,,,,,,97.465,97.245,97.08,,,,
2017-05-09,,,,,,,,,,,,,,,97.375,97.19,96.865,,,,
2017-05-10,,,,,,,,,,,,,,,96.97,96.98,96.75,,,,
2017-05-11,,,,,,,,,,,,,,,97.2,97.41,97.215,,,,
2017-05-12,,,,,,,,,,,,,,,96.965,97.095,96.975,,,,
2017-05-15,,,,,,,,,,,,,,,97.185,97.39,97.375,,,,
2017-05-16,,,,,,,,,,,,,,,96.995,97.345,97.195,,,,
2017-05-17,,,,,,,,,,,,,,,97.01,97.29,97.23,,,,
2017-05-18,,,,,,,,,,,,,,,97.05,97.355,97.35,,,,
2017-05-19,,,,,,,,,,,,,,,96.995,97.265,97.25,,,,
2017-05-22,,,,,,,,,,,,,,,96.755,96.895,96.98,,,,
2017-05-23,,,,,,,,,,,,,,,96.825,97.06,97.1,,,,
2017-05-24,,,,,,,,,,,,,,,96.98,97.255,97.325,,,,
2017-05-25,,,,,,,,,,,,,,,96.985,97.295,97.29,,,,
2017-05-26,,,,,,,,,,,,,,,96.95,97.22,97.26,,,,
2017-05-31,,,,,,,,,,,,,,,96.905,97.54,97.475,,,,
2017-06-01,,,,,,,,,,,,,,,97.35,97.7,97.55,,,,
2017-06-02,,,,,,,,,,,,,,,97.35,97.66,97.535,,,,
2017-06-05,,,,,,,,,,,,,,,97.5,97.785,97.66,,,,
2017-06-06,,,,,,,,,,,,,,,97.4,97.69,97.61,,,,
2017-06-07,,,,,,,,,,,,,,,97.3,97.63,97.58,,,,
2017-06-08,,,,,,,,,,,,,,,97.2,97.51,97.48,,,,
2017-06-09,,,,,,,,,,,,,,,97.25,97.575,97.56,,,,
2017-06-12,,,,,,,,,,,,,,,,97.81,97.8,97.57,,,
2017-06-13,,,,,,,,,,,,,,,,97.83,97.775,97.57,,,
2017-06-14,,,,,,,,,,,,,,,,97.94,97.92,97.57,,,
2017-06-15,,,,,,,,,,,,,,,,97.92,97.895,97.855,,,
2017-06-16,,,,,,,,,,,,,,,,97.88,97.815,97.79,,,
2017-06-19,,,,,,,,,,,,,,,,98.235,98.18,97.79,,,
2017-06-20,,,,,,,,,,,,,,,,98.22,98.19,97.79,,,
2017-06-21,,,,,,,,,,,,,,,,98.035,98.1,97.79,,,
2017-06-22,,,,,,,,,,,,,,,,97.845,97.915,97.79,,,
2017-06-23,,,,,,,,,,,,,,,,97.99,98.0,97.9,,,
2017-06-26,,,,,,,,,,,,,,,,98.19,98.195,98.055,,,
2017-06-27,,,,,,,,,,,,,,,,98.175,98.155,98.1,,,
2017-06-28,,,,,,,,,,,,,,,,98.135,98.16,98.13,,,
2017-06-29,,,,,,,,,,,,,,,,98.09,98.085,98.055,,,
2017-06-30,,,,,,,,,,,,,,,,97.99,98.0,97.98,,,
2017-07-03,,,,,,,,,,,,,,,,97.78,97.84,97.98,,,
2017-07-04,,,,,,,,,,,,,,,,97.84,97.875,97.98,,,
2017-07-05,,,,,,,,,,,,,,,,97.95,97.94,97.855,,,
2017-07-06,,,,,,,,,,,,,,,,98.07,98.07,97.855,,,
2017-07-07,,,,,,,,,,,,,,,,97.965,98.03,97.855,,,
2017-07-10,,,,,,,,,,,,,,,,97.9,97.915,97.855,,,
2017-07-11,,,,,,,,,,,,,,,,97.9,97.94,97.915,,,
2017-07-12,,,,,,,,,,,,,,,,97.89,97.92,97.9,,,
2017-07-13,,,,,,,,,,,,,,,,97.94,98.015,97.9,,,
2017-07-14,,,,,,,,,,,,,,,,97.87,98.095,98.05,,,
2017-07-17,,,,,,,,,,,,,,,,97.795,98.075,98.215,,,
2017-07-18,,,,,,,,,,,,,,,,97.665,97.945,97.895,,,
2017-07-19,,,,,,,,,,,,,,,,97.645,97.915,97.94,,,
2017-07-20,,,,,,,,,,,,,,,,97.8,98.0,97.94,,,
2017-07-21,,,,,,,,,,,,,,,,97.73,97.94,97.94,,,
2017-07-24,,,,,,,,,,,,,,,,97.79,97.985,97.94,,,
2017-07-25,,,,,,,,,,,,,,,,97.64,97.87,97.94,,,
2017-07-26,,,,,,,,,,,,,,,,97.525,97.735,97.94,,,
2017-07-27,,,,,,,,,,,,,,,,97.53,97.765,97.84,,,
2017-07-28,,,,,,,,,,,,,,,,97.455,97.695,97.84,,,
2017-07-31,,,,,,,,,,,,,,,,97.34,97.58,97.84,,,
2017-08-01,,,,,,,,,,,,,,,,97.215,97.46,97.555,,,
2017-08-02,,,,,,,,,,,,,,,,97.255,97.51,97.555,,,
2017-08-03,,,,,,,,,,,,,,,,97.29,97.515,97.7,,,
2017-08-04,,,,,,,,,,,,,,,,97.34,97.54,97.655,,,
2017-08-07,,,,,,,,,,,,,,,,97.15,97.285,97.47,,,
2017-08-08,,,,,,,,,,,,,,,,97.15,97.295,97.41,,,
2017-08-09,,,,,,,,,,,,,,,,97.05,97.25,97.415,,,
2017-08-10,,,,,,,,,,,,,,,,97.16,97.305,97.515,,,
2017-08-11,,,,,,,,,,,,,,,,97.295,97.49,97.67,,,
2017-08-14,,,,,,,,,,,,,,,,97.425,97.625,97.765,,,
2017-08-15,,,,,,,,,,,,,,,,97.395,97.615,97.74,,,
2017-08-16,,,,,,,,,,,,,,,,97.31,97.54,97.74,,,
2017-08-17,,,,,,,,,,,,,,,,97.33,97.535,97.65,,,
2017-08-18,,,,,,,,,,,,,,,,97.335,97.535,97.715,,,
2017-08-21,,,,,,,,,,,,,,,,97.245,97.495,97.605,,,
2017-08-22,,,,,,,,,,,,,,,,97.255,97.505,97.62,,,
2017-08-23,,,,,,,,,,,,,,,,97.29,97.53,97.65,,,
2017-08-24,,,,,,,,,,,,,,,,97.29,97.49,97.62,,,
2017-08-25,,,,,,,,,,,,,,,,97.25,97.43,97.55,,,
2017-08-28,,,,,,,,,,,,,,,,97.205,97.355,97.505,,,
2017-08-29,,,,,,,,,,,,,,,,97.19,97.455,97.53,,,
2017-08-30,,,,,,,,,,,,,,,,97.21,97.505,97.57,,,
2017-08-31,,,,,,,,,,,,,,,,97.385,97.55,97.64,,,
2017-09-01,,,,,,,,,,,,,,,,97.32,97.495,97.64,,,
2017-09-04,,,,,,,,,,,,,,,,97.21,97.48,97.605,,,
2017-09-05,,,,,,,,,,,,,,,,97.21,97.34,97.215,,,
2017-09-06,,,,,,,,,,,,,,,,97.21,97.475,97.55,,,
2017-09-07,,,,,,,,,,,,,,,,97.21,97.64,97.685,,,
2017-09-08,,,,,,,,,,,,,,,,97.21,97.73,97.835,,,
2017-09-11,,,,,,,,,,,,,,,,,97.625,97.755,97.82,,
2017-09-12,,,,,,,,,,,,,,,,,97.665,97.71,97.82,,
2017-09-13,,,,,,,,,,,,,,,,,97.54,97.7,97.82,,
2017-09-14,,,,,,,,,,,,,,,,,97.73,97.86,97.82,,
2017-09-15,,,,,,,,,,,,,,,,,97.69,97.84,97.82,,
2017-09-18,,,,,,,,,,,,,,,,,97.495,97.635,97.82,,
2017-09-19,,,,,,,,,,,,,,,,,97.6,97.75,97.82,,
2017-09-20,,,,,,,,,,,,,,,,,97.52,97.675,97.82,,
2017-09-21,,,,,,,,,,,,,,,,,97.45,97.585,97.82,,
2017-09-22,,,,,,,,,,,,,,,,,97.555,97.71,97.82,,
2017-09-25,,,,,,,,,,,,,,,,,97.64,97.82,97.82,,
2017-09-26,,,,,,,,,,,,,,,,,97.645,97.84,97.82,,
2017-09-27,,,,,,,,,,,,,,,,,97.625,97.855,97.82,,
2017-09-28,,,,,,,,,,,,,,,,,97.72,97.95,97.82,,
2017-09-29,,,,,,,,,,,,,,,,,97.695,97.91,97.82,,
2017-10-09,,,,,,,,,,,,,,,,,97.47,97.81,97.82,,
2017-10-10,,,,,,,,,,,,,,,,,97.44,97.72,97.82,,
2017-10-11,,,,,,,,,,,,,,,,,97.41,97.715,97.82,,
2017-10-12,,,,,,,,,,,,,,,,,97.255,97.555,97.82,,
2017-10-13,,,,,,,,,,,,,,,,,97.25,97.545,97.82,,
2017-10-16,,,,,,,,,,,,,,,,,97.02,97.305,98.065,,
2017-10-17,,,,,,,,,,,,,,,,,96.79,97.045,97.485,,
2017-10-18,,,,,,,,,,,,,,,,,96.84,97.11,97.485,,
2017-10-19,,,,,,,,,,,,,,,,,96.985,97.24,97.535,,
2017-10-20,,,,,,,,,,,,,,,,,96.99,97.26,97.465,,
2017-10-23,,,,,,,,,,,,,,,,,97.02,97.3,97.355,,
2017-10-24,,,,,,,,,,,,,,,,,96.98,97.23,97.355,,
2017-10-25,,,,,,,,,,,,,,,,,96.65,96.93,97.355,,
2017-10-26,,,,,,,,,,,,,,,,,96.71,96.98,97.355,,
2017-10-27,,,,,,,,,,,,,,,,,96.355,96.66,97.355,,
2017-10-30,,,,,,,,,,,,,,,,,95.955,96.265,96.165,,
2017-10-31,,,,,,,,,,,,,,,,,96.065,96.35,96.165,,
2017-11-01,,,,,,,,,,,,,,,,,96.155,96.415,96.165,,
2017-11-02,,,,,,,,,,,,,,,,,96.07,96.33,96.165,,
2017-11-03,,,,,,,,,,,,,,,,,96.105,96.31,96.165,,
2017-11-06,,,,,,,,,,,,,,,,,96.17,96.38,96.385,,
2017-11-07,,,,,,,,,,,,,,,,,95.93,96.195,96.385,,
2017-11-08,,,,,,,,,,,,,,,,,96.05,96.345,96.385,,
2017-11-09,,,,,,,,,,,,,,,,,96.02,96.31,96.385,,
2017-11-10,,,,,,,,,,,,,,,,,95.99,96.275,96.385,,
2017-11-13,,,,,,,,,,,,,,,,,95.67,95.945,96.385,,
2017-11-14,,,,,,,,,,,,,,,,,95.89,96.175,96.445,,
2017-11-15,,,,,,,,,,,,,,,,,96.02,96.315,96.445,,
2017-11-16,,,,,,,,,,,,,,,,,96.125,96.435,96.445,,
2017-11-17,,,,,,,,,,,,,,,,,96.025,96.34,96.46,,
2017-11-20,,,,,,,,,,,,,,,,,95.955,96.35,96.59,,
2017-11-21,,,,,,,,,,,,,,,,,95.94,96.3,96.635,,
2017-11-22,,,,,,,,,,,,,,,,,95.615,95.97,96.635,,
2017-11-23,,,,,,,,,,,,,,,,,95.635,96.0,96.635,,
2017-11-24,,,,,,,,,,,,,,,,,95.785,96.19,96.635,,
2017-11-27,,,,,,,,,,,,,,,,,95.835,96.185,96.455,,
2017-11-28,,,,,,,,,,,,,,,,,95.76,96.14,96.455,,
2017-11-29,,,,,,,,,,,,,,,,,96.115,96.54,96.695,,
2017-11-30,,,,,,,,,,,,,,,,,96.365,96.58,96.695,,
2017-12-01,,,,,,,,,,,,,,,,,96.365,96.545,96.695,,
2017-12-04,,,,,,,,,,,,,,,,,96.365,96.52,96.825,,
2017-12-05,,,,,,,,,,,,,,,,,96.365,96.52,96.725,,
2017-12-06,,,,,,,,,,,,,,,,,96.365,96.535,96.885,,
2017-12-07,,,,,,,,,,,,,,,,,96.365,96.44,96.78,,
2017-12-08,,,,,,,,,,,,,,,,,96.365,96.345,96.68,,
2017-12-11,,,,,,,,,,,,,,,,,,96.2,96.575,95.875,
2017-12-12,,,,,,,,,,,,,,,,,,96.11,96.5,95.875,
2017-12-13,,,,,,,,,,,,,,,,,,96.165,96.53,96.6,
2017-12-14,,,,,,,,,,,,,,,,,,96.29,96.65,96.6,
2017-12-15,,,,,,,,,,,,,,,,,,96.435,96.805,96.6,
2017-12-18,,,,,,,,,,,,,,,,,,96.415,96.745,97.61,
2017-12-19,,,,,,,,,,,,,,,,,,96.395,96.765,97.14,
2017-12-20,,,,,,,,,,,,,,,,,,96.425,96.76,97.14,
2017-12-21,,,,,,,,,,,,,,,,,,96.45,96.74,97.14,
2017-12-22,,,,,,,,,,,,,,,,,,96.64,96.885,97.14,
2017-12-25,,,,,,,,,,,,,,,,,,96.57,96.84,97.14,
2017-12-26,,,,,,,,,,,,,,,,,,96.47,96.81,97.14,
2017-12-27,,,,,,,,,,,,,,,,,,96.49,96.795,97.14,
2017-12-28,,,,,,,,,,,,,,,,,,96.505,96.83,97.14,
2017-12-29,,,,,,,,,,,,,,,,,,96.605,96.855,96.81,
2018-01-02,,,,,,,,,,,,,,,,,,96.26,96.585,96.81,
2018-01-03,,,,,,,,,,,,,,,,,,96.29,96.61,96.81,
2018-01-04,,,,,,,,,,,,,,,,,,96.25,96.545,96.8,
2018-01-05,,,,,,,,,,,,,,,,,,96.26,96.545,96.8,
2018-01-08,,,,,,,,,,,,,,,,,,96.4,96.685,96.925,
2018-01-09,,,,,,,,,,,,,,,,,,96.41,96.665,96.925,
2018-01-10,,,,,,,,,,,,,,,,,,96.2,96.49,96.925,
2018-01-11,,,,,,,,,,,,,,,,,,96.045,96.34,96.925,
2018-01-12,,,,,,,,,,,,,,,,,,96.145,96.42,96.695,
2018-01-15,,,,,,,,,,,,,,,,,,96.005,96.27,96.46,
2018-01-16,,,,,,,,,,,,,,,,,,95.985,96.235,96.42,
2018-01-17,,,,,,,,,,,,,,,,,,95.84,96.085,96.44,
2018-01-18,,,,,,,,,,,,,,,,,,95.66,95.895,96.395,
2018-01-19,,,,,,,,,,,,,,,,,,95.635,95.855,96.395,
2018-01-22,,,,,,,,,,,,,,,,,,95.795,95.9,96.395,
2018-01-23,,,,,,,,,,,,,,,,,,95.81,95.905,96.395,
2018-01-24,,,,,,,,,,,,,,,,,,95.865,95.99,96.525,
2018-01-25,,,,,,,,,,,,,,,,,,95.955,96.05,96.525,
2018-01-26,,,,,,,,,,,,,,,,,,95.96,96.065,96.525,
2018-01-29,,,,,,,,,,,,,,,,,,95.945,96.05,96.525,
2018-01-30,,,,,,,,,,,,,,,,,,95.875,96.025,96.525,
2018-01-31,,,,,,,,,,,,,,,,,,95.915,96.06,96.525,
2018-02-01,,,,,,,,,,,,,,,,,,96.045,96.15,96.365,
2018-02-02,,,,,,,,,,,,,,,,,,95.95,96.01,96.285,
2018-02-05,,,,,,,,,,,,,,,,,,95.88,95.95,96.17,
2018-02-06,,,,,,,,,,,,,,,,,,96.03,96.13,96.17,
2018-02-07,,,,,,,,,,,,,,,,,,96.035,96.135,96.17,
2018-02-08,,,,,,,,,,,,,,,,,,95.885,95.98,96.185,
2018-02-09,,,,,,,,,,,,,,,,,,96.075,96.08,96.26,
2018-02-12,,,,,,,,,,,,,,,,,,96.185,96.1,96.12,
2018-02-13,,,,,,,,,,,,,,,,,,96.08,96.065,96.28,
2018-02-14,,,,,,,,,,,,,,,,,,96.05,96.045,96.28,
2018-02-22,,,,,,,,,,,,,,,,,,95.905,95.88,95.86,
2018-02-23,,,,,,,,,,,,,,,,,,96.085,95.935,96.025,
2018-02-26,,,,,,,,,,,,,,,,,,96.35,96.245,96.35,
2018-02-27,,,,,,,,,,,,,,,,,,96.695,96.425,96.515,
2018-02-28,,,,,,,,,,,,,,,,,,96.7,96.42,96.485,
2018-03-01,,,,,,,,,,,,,,,,,,96.675,96.435,96.485,
2018-03-02,,,,,,,,,,,,,,,,,,96.69,96.43,96.5,
2018-03-05,,,,,,,,,,,,,,,,,,96.69,96.405,96.4,
2018-03-06,,,,,,,,,,,,,,,,,,96.695,96.55,96.605,
2018-03-07,,,,,,,,,,,,,,,,,,96.6,96.55,96.58,
2018-03-08,,,,,,,,,,,,,,,,,,96.35,96.535,96.59,
2018-03-09,,,,,,,,,,,,,,,,,,96.735,96.545,96.615,
2018-03-12,,,,,,,,,,,,,,,,,,,96.605,96.65,96.605
2018-03-13,,,,,,,,,,,,,,,,,,,96.445,96.53,96.605
2018-03-14,,,,,,,,,,,,,,,,,,,96.445,96.5,96.605
2018-03-15,,,,,,,,,,,,,,,,,,,96.495,96.565,96.605
2018-03-16,,,,,,,,,,,,,,,,,,,96.5,96.58,96.605
2018-03-19,,,,,,,,,,,,,,,,,,,96.54,96.55,96.605
2018-03-20,,,,,,,,,,,,,,,,,,,96.675,96.72,96.865
2018-03-21,,,,,,,,,,,,,,,,,,,96.66,96.69,96.765
2018-03-22,,,,,,,,,,,,,,,,,,,96.765,96.8,96.765
2018-03-23,,,,,,,,,,,,,,,,,,,97.05,97.03,96.765
2018-03-26,,,,,,,,,,,,,,,,,,,96.975,97.52,97.75
2018-03-27,,,,,,,,,,,,,,,,,,,96.96,97.01,97.75
2018-03-28,,,,,,,,,,,,,,,,,,,96.975,97.06,97.215
2018-03-29,,,,,,,,,,,,,,,,,,,96.96,96.935,97.215
2018-03-30,,,,,,,,,,,,,,,,,,,96.935,96.985,97.215
2018-04-02,,,,,,,,,,,,,,,,,,,96.91,96.99,97.215
2018-04-03,,,,,,,,,,,,,,,,,,,96.83,96.875,97.215
2018-04-04,,,,,,,,,,,,,,,,,,,96.845,96.885,97.215
2018-04-09,,,,,,,,,,,,,,,,,,,96.97,97.02,97.215
2018-04-10,,,,,,,,,,,,,,,,,,,96.795,96.83,97.215
2018-04-11,,,,,,,,,,,,,,,,,,,96.935,96.975,97.215
2018-04-12,,,,,,,,,,,,,,,,,,,97.035,97.055,97.215
2018-04-13,,,,,,,,,,,,,,,,,,,97.035,97.07,97.215
2018-04-16,,,,,,,,,,,,,,,,,,,97.35,97.32,97.45
2018-04-17,,,,,,,,,,,,,,,,,,,97.44,97.305,97.35
2018-04-18,,,,,,,,,,,,,,,,,,,98.04,97.98,98.05
2018-04-19,,,,,,,,,,,,,,,,,,,97.94,97.83,97.93
2018-04-20,,,,,,,,,,,,,,,,,,,97.95,97.89,97.83
