,AU1501.SHF,AU1502.SHF,AU1503.SHF,AU1504.SHF,AU1505.SHF,AU1506.SHF,AU1507.SHF,AU1508.SHF,AU1509.SHF,AU1510.SHF,AU1511.SHF,AU1512.SHF,AU1601.SHF,AU1602.SHF,AU1603.SHF,AU1604.SHF,AU1605.SHF,AU1606.SHF,AU1607.SHF,AU1608.SHF,AU1609.SHF,AU1610.SHF,AU1611.SHF,AU1612.SHF,AU1701.SHF,AU1702.SHF,AU1703.SHF,AU1704.SHF,AU1705.SHF,AU1706.SHF,AU1707.SHF,AU1708.SHF,AU1709.SHF,AU1710.SHF,AU1711.SHF,AU1712.SHF,AU1801.SHF,AU1802.SHF,AU1803.SHF,AU1804.SHF,AU1805.SHF,AU1806.SHF,AU1807.SHF,AU1808.SHF,AU1810.SHF,AU1812.SHF,AU1902.SHF,AU1904.SHF
2015-01-05,246.85,240.1,240.15,241.4,,242.5,,242.0,,242.65,,,,,,,,,,,,,,,,,,,,,,,,,,,,,,,,,,,,,,
2015-01-06,239.15,242.75,,,,245.0,,245.4,,244.8,,,,,,,,,,,,,,,,,,,,,,,,,,,,,,,,,,,,,,
2015-01-07,,244.65,243.55,,,247.3,,245.15,,248.65,,,,,,,,,,,,,,,,,,,,,,,,,,,,,,,,,,,,,,
2015-01-08,246.0,243.95,245.45,,,246.2,,,,246.8,,,,,,,,,,,,,,,,,,,,,,,,,,,,,,,,,,,,,,
2015-01-09,244.0,244.0,,,,246.15,,245.9,,246.15,,,,,,,,,,,,,,,,,,,,,,,,,,,,,,,,,,,,,,
2015-01-12,253.15,246.8,247.0,244.0,,248.7,,249.05,,249.15,,,,,,,,,,,,,,,,,,,,,,,,,,,,,,,,,,,,,,
2015-01-13,,247.9,248.75,247.95,,250.0,,250.35,,250.2,,,,,,,,,,,,,,,,,,,,,,,,,,,,,,,,,,,,,,
2015-01-14,,248.5,,249.0,,250.5,,250.35,,246.9,,,,,,,,,,,,,,,,,,,,,,,,,,,,,,,,,,,,,,
2015-01-15,,248.1,250.25,,,250.1,,250.25,,248.75,,,,,,,,,,,,,,,,,,,,,,,,,,,,,,,,,,,,,,
2015-01-16,,258.0,253.05,252.55,,253.75,,253.35,,253.8,,254.85,,,,,,,,,,,,,,,,,,,,,,,,,,,,,,,,,,,,
2015-01-19,,256.5,253.0,257.55,,259.0,,258.0,,258.55,,258.8,,,,,,,,,,,,,,,,,,,,,,,,,,,,,,,,,,,,
2015-01-20,,256.4,257.55,257.4,,258.3,,258.0,,258.2,,259.7,,,,,,,,,,,,,,,,,,,,,,,,,,,,,,,,,,,,
2015-01-21,,260.7,262.1,262.3,,263.0,,263.15,,263.3,,264.25,,,,,,,,,,,,,,,,,,,,,,,,,,,,,,,,,,,,
2015-01-22,,260.8,260.0,259.5,,263.2,,263.2,,260.75,,264.3,,,,,,,,,,,,,,,,,,,,,,,,,,,,,,,,,,,,
2015-01-23,,265.0,262.2,261.85,,262.85,,262.45,,263.5,,264.05,,,,,,,,,,,,,,,,,,,,,,,,,,,,,,,,,,,,
2015-01-26,,260.75,262.5,261.75,,262.55,,,,262.8,,264.1,,,,,,,,,,,,,,,,,,,,,,,,,,,,,,,,,,,,
2015-01-27,,258.55,258.4,259.95,,260.6,,259.75,,259.9,,262.25,,,,,,,,,,,,,,,,,,,,,,,,,,,,,,,,,,,,
2015-01-28,,259.65,260.05,260.75,,261.95,,260.6,,261.45,,263.25,,,,,,,,,,,,,,,,,,,,,,,,,,,,,,,,,,,,
2015-01-29,,259.1,,259.95,,261.75,,,,261.55,,262.25,,,,,,,,,,,,,,,,,,,,,,,,,,,,,,,,,,,,
2015-01-30,,255.95,,253.85,,257.7,,257.65,,256.35,,259.2,,,,,,,,,,,,,,,,,,,,,,,,,,,,,,,,,,,,
2015-02-02,,,,258.85,,260.0,,,,258.6,,261.4,,,,,,,,,,,,,,,,,,,,,,,,,,,,,,,,,,,,
2015-02-03,,,,258.4,,259.6,,259.2,,259.2,,260.9,,,,,,,,,,,,,,,,,,,,,,,,,,,,,,,,,,,,
2015-02-04,,257.0,,257.6,,258.2,,256.05,,258.0,,259.65,,,,,,,,,,,,,,,,,,,,,,,,,,,,,,,,,,,,
2015-02-05,,263.95,,257.15,,258.3,,258.5,,258.6,,259.7,,,,,,,,,,,,,,,,,,,,,,,,,,,,,,,,,,,,
2015-02-06,,,257.55,255.75,,256.85,,257.2,,257.5,,258.3,,,,,,,,,,,,,,,,,,,,,,,,,,,,,,,,,,,,
2015-02-09,,,249.2,256.95,,260.25,,257.25,,258.1,,260.55,,,,,,,,,,,,,,,,,,,,,,,,,,,,,,,,,,,,
2015-02-10,,,,251.3,,252.4,,252.75,,253.3,,254.1,,,,,,,,,,,,,,,,,,,,,,,,,,,,,,,,,,,,
2015-02-11,,,,249.9,,251.45,,252.75,,251.35,,253.05,,,,,,,,,,,,,,,,,,,,,,,,,,,,,,,,,,,,
2015-02-12,,,,247.0,,250.85,,248.85,,250.9,,252.15,,,,,,,,,,,,,,,,,,,,,,,,,,,,,,,,,,,,
2015-02-13,,,,247.65,,249.65,,,,249.9,,251.45,,,,,,,,,,,,,,,,,,,,,,,,,,,,,,,,,,,,
2015-02-16,,,,250.3,251.8,250.75,,250.1,,,,252.5,,,,,,,,,,,,,,,,,,,,,,,,,,,,,,,,,,,,
2015-02-17,,,247.85,249.4,,250.75,,251.15,,251.05,,252.25,,,,,,,,,,,,,,,,,,,,,,,,,,,,,,,,,,,,
2015-02-25,,,245.1,244.9,247.15,246.55,,,,247.05,,248.9,,,,,,,,,,,,,,,,,,,,,,,,,,,,,,,,,,,,
2015-02-26,,,,244.85,246.0,246.75,,246.7,,246.65,,248.4,,,,,,,,,,,,,,,,,,,,,,,,,,,,,,,,,,,,
2015-02-27,,,,245.25,248.25,248.15,,247.8,,247.5,,249.55,,,,,,,,,,,,,,,,,,,,,,,,,,,,,,,,,,,,
2015-03-02,,,,248.0,250.45,249.75,,250.2,,251.2,,251.5,,,,,,,,,,,,,,,,,,,,,,,,,,,,,,,,,,,,
2015-03-03,,,,246.3,248.95,249.05,,248.7,,249.65,,250.7,,,,,,,,,,,,,,,,,,,,,,,,,,,,,,,,,,,,
2015-03-04,,,,245.5,248.05,248.35,,,,248.55,,250.2,,,,,,,,,,,,,,,,,,,,,,,,,,,,,,,,,,,,
2015-03-05,,,,244.8,245.3,246.9,,,,247.2,,248.7,,,,,,,,,,,,,,,,,,,,,,,,,,,,,,,,,,,,
2015-03-06,,,,,245.75,246.9,,,,247.1,,248.85,,,,,,,,,,,,,,,,,,,,,,,,,,,,,,,,,,,,
2015-03-09,,,,239.65,242.35,244.85,,,,245.0,,246.9,,,,,,,,,,,,,,,,,,,,,,,,,,,,,,,,,,,,
2015-03-10,,,,236.7,,240.3,,240.4,,240.5,,242.1,,,,,,,,,,,,,,,,,,,,,,,,,,,,,,,,,,,,
2015-03-11,,,,236.75,238.85,239.4,,,,240.2,,241.55,,,,,,,,,,,,,,,,,,,,,,,,,,,,,,,,,,,,
2015-03-12,,,,235.35,237.95,238.8,,239.45,,239.4,,240.85,,,,,,,,,,,,,,,,,,,,,,,,,,,,,,,,,,,,
2015-03-13,,,,,237.45,237.9,,238.95,,240.2,,240.0,,,,,,,,,,,,,,,,,,,,,,,,,,,,,,,,,,,,
2015-03-16,,,,236.5,238.15,238.3,,238.65,,238.8,,240.4,,,,,,,,,,,,,,,,,,,,,,,,,,,,,,,,,,,,
2015-03-17,,,,236.5,236.8,237.25,,238.65,,,,239.4,,,,,,,,,,,,,,,,,,,,,,,,,,,,,,,,,,,,
2015-03-18,,,,233.35,236.55,241.35,,238.45,,,,248.2,,235.85,,,,,,,,,,,,,,,,,,,,,,,,,,,,,,,,,,
2015-03-19,,,,236.35,238.9,239.55,,240.8,,,,241.5,,,,,,,,,,,,,,,,,,,,,,,,,,,,,,,,,,,,
2015-03-20,,,,235.3,237.7,238.15,,239.4,,240.55,,240.05,,240.65,,,,,,,,,,,,,,,,,,,,,,,,,,,,,,,,,,
2015-03-23,,,,246.8,240.5,241.1,,241.95,,242.75,,243.1,,243.4,,,,,,,,,,,,,,,,,,,,,,,,,,,,,,,,,,
2015-03-24,,,,243.2,240.25,241.9,,243.2,,,,244.3,,244.35,,,,,,,,,,,,,,,,,,,,,,,,,,,,,,,,,,
2015-03-25,,,,240.35,242.2,242.55,,243.0,,243.55,,244.35,,,,,,,,,,,,,,,,,,,,,,,,,,,,,,,,,,,,
2015-03-26,,,,241.95,243.45,243.95,,244.05,,243.6,,245.9,,246.95,,,,,,,,,,,,,,,,,,,,,,,,,,,,,,,,,,
2015-03-27,,,,242.6,242.95,244.25,,244.45,,244.7,,246.2,,,,,,,,,,,,,,,,,,,,,,,,,,,,,,,,,,,,
2015-03-30,,,,239.3,240.1,243.15,,243.1,,,,244.75,,,,,,,,,,,,,,,,,,,,,,,,,,,,,,,,,,,,
2015-03-31,,,,237.5,239.2,239.9,,240.25,,239.4,,241.4,,241.55,,,,,,,,,,,,,,,,,,,,,,,,,,,,,,,,,,
2015-04-01,,,,,237.95,239.65,,240.35,,239.9,,241.75,,242.35,,,,,,,,,,,,,,,,,,,,,,,,,,,,,,,,,,
2015-04-02,,,,240.0,241.7,243.05,,243.1,,243.8,,245.4,,245.0,,,,,,,,,,,,,,,,,,,,,,,,,,,,,,,,,,
2015-04-03,,,,,240.85,242.65,,242.7,,242.05,,244.85,,243.05,,,,,,,,,,,,,,,,,,,,,,,,,,,,,,,,,,
2015-04-07,,,,,242.95,244.1,,244.0,,245.1,,246.55,,247.3,,,,,,,,,,,,,,,,,,,,,,,,,,,,,,,,,,
2015-04-08,,,,,243.4,244.2,,244.15,,244.9,,246.55,,247.35,,,,,,,,,,,,,,,,,,,,,,,,,,,,,,,,,,
2015-04-09,,,,,,243.65,,241.65,,244.75,,246.3,,248.95,,,,,,,,,,,,,,,,,,,,,,,,,,,,,,,,,,
2015-04-10,,,,,251.0,241.2,,241.25,,241.05,,243.6,,245.65,,,,,,,,,,,,,,,,,,,,,,,,,,,,,,,,,,
2015-04-13,,,,,241.8,243.6,,243.95,,,,245.95,,248.8,,,,,,,,,,,,,,,,,,,,,,,,,,,,,,,,,,
2015-04-14,,,,238.5,241.3,243.05,,242.85,,244.2,,245.55,,246.95,,,,,,,,,,,,,,,,,,,,,,,,,,,,,,,,,,
2015-04-15,,,,,239.2,242.7,,241.8,,242.35,,243.9,,247.45,,,,,,,,,,,,,,,,,,,,,,,,,,,,,,,,,,
2015-04-16,,,,,241.0,242.6,,242.1,,243.7,,244.95,,247.4,,243.7,,,,,,,,,,,,,,,,,,,,,,,,,,,,,,,,
2015-04-17,,,,,242.05,242.15,242.5,242.6,,242.05,,244.75,,244.75,,244.45,,,,,,,,,,,,,,,,,,,,,,,,,,,,,,,,
2015-04-20,,,,,241.4,242.9,244.0,242.85,,243.0,,245.4,,246.15,,,,,,,,,,,,,,,,,,,,,,,,,,,,,,,,,,
2015-04-21,,,,,240.45,241.2,242.45,241.1,,,,243.65,,244.95,,244.15,,,,,,,,,,,,,,,,,,,,,,,,,,,,,,,,
2015-04-22,,,,,240.95,241.65,240.95,241.75,,241.9,,244.95,,246.3,,,,,,,,,,,,,,,,,,,,,,,,,,,,,,,,,,
2015-04-23,,,,,240.1,240.45,238.75,239.55,,239.2,,243.1,,,,243.05,,,,,,,,,,,,,,,,,,,,,,,,,,,,,,,,
2015-04-24,,,,,240.65,239.4,238.7,239.8,,241.15,,242.05,,243.05,,242.7,,,,,,,,,,,,,,,,,,,,,,,,,,,,,,,,
2015-04-27,,,,,238.0,238.1,,238.25,,239.65,,240.8,,241.85,,242.1,,,,,,,,,,,,,,,,,,,,,,,,,,,,,,,,
2015-04-28,,,,,241.45,242.5,243.75,242.35,,244.35,,246.5,,247.1,,246.0,,,,,,,,,,,,,,,,,,,,,,,,,,,,,,,,
2015-04-29,,,,,243.2,243.65,244.1,243.85,,245.6,,247.1,,247.5,,249.0,,,,,,,,,,,,,,,,,,,,,,,,,,,,,,,,
2015-04-30,,,,,244.25,243.15,242.55,244.0,,244.25,,246.5,,247.15,,247.35,,,,,,,,,,,,,,,,,,,,,,,,,,,,,,,,
2015-05-04,,,,,,237.95,239.35,239.2,,240.0,,240.85,,244.1,,242.95,,,,,,,,,,,,,,,,,,,,,,,,,,,,,,,,
2015-05-05,,,,,,240.0,242.3,240.7,,241.6,,242.75,,243.4,,243.25,,,,,,,,,,,,,,,,,,,,,,,,,,,,,,,,
2015-05-06,,,,,,240.65,241.85,242.15,,242.9,,244.2,,245.25,,245.55,,,,,,,,,,,,,,,,,,,,,,,,,,,,,,,,
2015-05-07,,,,,237.9,240.25,238.75,242.1,,240.75,,243.6,,244.45,,244.4,,,,,,,,,,,,,,,,,,,,,,,,,,,,,,,,
2015-05-08,,,,,,238.35,239.95,239.25,,252.0,,241.5,,242.8,,242.3,,,,,,,,,,,,,,,,,,,,,,,,,,,,,,,,
2015-05-11,,,,,,239.3,239.65,240.55,,241.75,,242.4,,244.3,,244.05,,,,,,,,,,,,,,,,,,,,,,,,,,,,,,,,
2015-05-12,,,,,,239.05,239.3,240.7,,240.0,,242.2,,242.0,,243.35,,,,,,,,,,,,,,,,,,,,,,,,,,,,,,,,
2015-05-13,,,,,,240.0,241.95,241.05,,241.55,,243.3,,243.0,,,,,,,,,,,,,,,,,,,,,,,,,,,,,,,,,,
2015-05-14,,,,,242.05,243.8,245.0,245.7,,246.0,,247.45,,247.8,,248.7,,,,,,,,,,,,,,,,,,,,,,,,,,,,,,,,
2015-05-15,,,,,,244.7,,246.25,,246.7,,248.8,,250.05,,249.55,,,,,,,,,,,,,,,,,,,,,,,,,,,,,,,,
2015-05-18,,,,,,246.05,247.95,247.85,,248.65,,250.15,,250.05,,251.3,,249.8,,,,,,,,,,,,,,,,,,,,,,,,,,,,,,
2015-05-19,,,,,,245.6,247.35,247.85,,247.95,,249.55,,250.2,,249.75,,,,,,,,,,,,,,,,,,,,,,,,,,,,,,,,
2015-05-20,,,,,,242.85,243.5,243.9,,245.6,,246.65,,248.05,,248.45,,249.95,,,,,,,,,,,,,,,,,,,,,,,,,,,,,,
2015-05-21,,,,,,242.3,244.0,243.3,,244.8,,246.05,,247.05,,247.3,,248.55,,,,,,,,,,,,,,,,,,,,,,,,,,,,,,
2015-05-22,,,,,,241.5,241.1,242.5,,243.95,,244.95,,245.7,,247.2,,247.1,,,,,,,,,,,,,,,,,,,,,,,,,,,,,,
2015-05-25,,,,,,241.15,242.3,242.5,,243.55,,244.6,,245.4,,246.4,,246.65,,,,,,,,,,,,,,,,,,,,,,,,,,,,,,
2015-05-26,,,,,,241.8,,242.5,,244.15,,245.3,,245.85,,246.7,,247.65,,,,,,,,,,,,,,,,,,,,,,,,,,,,,,
2015-05-27,,,,,,238.35,,239.8,,240.85,,241.6,,243.65,,243.5,,245.4,,,,,,,,,,,,,,,,,,,,,,,,,,,,,,
2015-05-28,,,,,,237.85,239.7,239.05,,240.55,,241.5,,242.65,,242.9,,244.75,,,,,,,,,,,,,,,,,,,,,,,,,,,,,,
2015-05-29,,,,,,237.5,239.65,239.75,,240.65,,241.5,,243.1,,243.05,,244.9,,,,,,,,,,,,,,,,,,,,,,,,,,,,,,
2015-06-01,,,,,,237.7,239.85,240.75,,241.2,,242.0,,243.15,,,,244.0,,,,,,,,,,,,,,,,,,,,,,,,,,,,,,
2015-06-02,,,,,,238.3,241.9,243.15,,243.0,,243.95,,245.0,,242.85,,246.15,,,,,,,,,,,,,,,,,,,,,,,,,,,,,,
2015-06-03,,,,,,236.7,,240.0,,241.5,,242.15,,243.45,,,,244.75,,,,,,,,,,,,,,,,,,,,,,,,,,,,,,
2015-06-04,,,,,,236.2,,239.35,,240.15,,241.45,,242.9,,241.65,,246.0,,,,,,,,,,,,,,,,,,,,,,,,,,,,,,
2015-06-05,,,,,,234.45,237.25,237.2,,237.85,,238.85,,239.95,,240.3,,242.15,,,,,,,,,,,,,,,,,,,,,,,,,,,,,,
2015-06-08,,,,,,234.55,236.5,236.85,,237.65,,238.65,,240.0,,240.05,,241.75,,,,,,,,,,,,,,,,,,,,,,,,,,,,,,
2015-06-09,,,,,,234.05,235.85,236.35,,237.9,,238.65,,,,,,241.75,,,,,,,,,,,,,,,,,,,,,,,,,,,,,,
2015-06-10,,,,,,235.95,237.2,237.15,,238.55,,239.8,,240.75,,240.75,,242.95,,,,,,,,,,,,,,,,,,,,,,,,,,,,,,
2015-06-11,,,,,,236.0,238.2,238.75,,240.2,,241.8,,242.05,,242.7,,244.2,,,,,,,,,,,,,,,,,,,,,,,,,,,,,,
2015-06-12,,,,,,236.0,,237.2,,239.1,,240.0,,,,241.65,,242.9,,,,,,,,,,,,,,,,,,,,,,,,,,,,,,
2015-06-15,,,,,,234.55,237.95,237.0,,,,239.85,,241.1,,241.25,,242.75,,,,,,,,,,,,,,,,,,,,,,,,,,,,,,
2015-06-16,,,,,,,237.8,238.05,241.95,240.25,,241.1,,242.35,,242.0,,243.85,,,,,,,,,,,,,,,,,,,,,,,,,,,,,,
2015-06-17,,,,,,,238.0,237.2,238.9,,,240.0,,241.1,,240.95,,242.45,,,,,,,,,,,,,,,,,,,,,,,,,,,,,,
2015-06-18,,,,,,,237.4,238.05,,239.5,,240.8,,240.65,,241.9,,243.75,,,,,,,,,,,,,,,,,,,,,,,,,,,,,,
2015-06-19,,,,,,,241.8,247.3,243.85,242.0,,243.5,,244.05,,244.8,,245.8,,,,,,,,,,,,,,,,,,,,,,,,,,,,,,
2015-06-23,,,,,,,239.35,237.7,241.65,238.6,,240.35,,245.0,,242.55,,243.1,,,,,,,,,,,,,,,,,,,,,,,,,,,,,,
2015-06-24,,,,,,,235.95,236.3,239.35,237.7,,238.85,,239.9,,241.25,,241.45,,,,,,,,,,,,,,,,,,,,,,,,,,,,,,
2015-06-25,,,,,,,241.1,236.0,238.2,237.75,,238.5,,239.9,,240.5,,241.65,,,,,,,,,,,,,,,,,,,,,,,,,,,,,,
2015-06-26,,,,,,,238.95,235.35,236.95,237.75,,238.05,,239.3,,239.55,,241.25,,,,,,,,,,,,,,,,,,,,,,,,,,,,,,
2015-06-29,,,,,,,236.7,237.05,239.2,238.7,,240.45,,240.4,,241.7,,243.45,,,,,,,,,,,,,,,,,,,,,,,,,,,,,,
2015-06-30,,,,,,,241.4,236.8,239.5,237.85,,239.55,,239.75,,240.25,,242.15,,,,,,,,,,,,,,,,,,,,,,,,,,,,,,
2015-07-01,,,,,,,233.0,235.9,236.35,236.75,,238.75,,,,,,241.95,,,,,,,,,,,,,,,,,,,,,,,,,,,,,,
2015-07-02,,,,,,,,234.1,233.25,236.25,,237.55,,237.9,,238.75,,241.25,,,,,,,,,,,,,,,,,,,,,,,,,,,,,,
2015-07-03,,,,,,,,233.6,235.6,235.55,,237.0,,237.95,,237.75,,240.35,,,,,,,,,,,,,,,,,,,,,,,,,,,,,,
2015-07-06,,,,,,,,234.05,236.6,235.5,,237.5,,237.6,,,,240.35,,,,,,,,,,,,,,,,,,,,,,,,,,,,,,
2015-07-07,,,,,,,235.0,233.3,,236.45,,238.15,,238.25,,238.9,,241.05,,,,,,,,,,,,,,,,,,,,,,,,,,,,,,
2015-07-08,,,,,,,223.4,231.7,234.35,233.3,,235.5,,234.25,,236.6,,238.5,,,,,,,,,,,,,,,,,,,,,,,,,,,,,,
2015-07-09,,,,,,,230.95,235.0,237.2,241.8,,244.25,,236.85,,239.75,,239.25,,,,,,,,,,,,,,,,,,,,,,,,,,,,,,
2015-07-10,,,,,,,235.9,233.6,236.1,235.4,,236.5,,236.85,,238.2,,249.0,,,,,,,,,,,,,,,,,,,,,,,,,,,,,,
2015-07-13,,,,,,,,233.7,236.05,234.5,,236.15,,236.75,,,,238.0,,,,,,,,,,,,,,,,,,,,,,,,,,,,,,
2015-07-14,,,,,,,,232.85,232.65,233.55,,234.65,,235.0,,236.0,,237.25,,,,,,,,,,,,,,,,,,,,,,,,,,,,,,
2015-07-15,,,,,,,,232.15,232.8,232.95,,234.7,,,,235.75,,237.15,,,,,,,,,,,,,,,,,,,,,,,,,,,,,,
2015-07-16,,,,,,,,231.1,231.15,230.5,,232.9,,232.75,,,,235.7,,,,,,,,,,,,,,,,,,,,,,,,,,,,,,
2015-07-17,,,,,,,,229.95,231.95,,,231.75,,,,,,234.85,,236.45,,,,,,,,,,,,,,,,,,,,,,,,,,,,
2015-07-20,,,,,,,,227.05,230.8,227.95,,230.1,,229.6,,229.3,,233.4,,230.0,,,,,,,,,,,,,,,,,,,,,,,,,,,,
2015-07-21,,,,,,,,223.7,224.45,223.25,,225.0,,225.8,,226.6,,227.85,,,,,,,,,,,,,,,,,,,,,,,,,,,,,,
2015-07-22,,,,,,,,221.7,222.95,223.45,,224.2,,223.6,,225.75,,227.5,,,,,,,,,,,,,,,,,,,,,,,,,,,,,,
2015-07-23,,,,,,,,220.6,221.55,221.0,,222.25,,223.25,,224.0,,225.3,,,,,,,,,,,,,,,,,,,,,,,,,,,,,,
2015-07-24,,,,,,,,219.15,221.9,220.6,,221.8,,220.65,,221.15,,224.85,,,,,,,,,,,,,,,,,,,,,,,,,,,,,,
2015-07-27,,,,,,,,221.45,222.3,222.0,,223.7,,224.3,,223.85,,226.2,,,,,,,,,,,,,,,,,,,,,,,,,,,,,,
2015-07-28,,,,,,,,221.95,221.0,222.05,,223.35,,223.5,,224.6,,225.7,,,,,,,,,,,,,,,,,,,,,,,,,,,,,,
2015-07-29,,,,,,,,220.4,222.5,221.05,,222.4,,222.95,,224.4,,224.95,,,,,,,,,,,,,,,,,,,,,,,,,,,,,,
2015-07-30,,,,,,,,221.85,220.25,221.85,,223.1,,223.5,,224.2,,225.85,,223.55,,,,,,,,,,,,,,,,,,,,,,,,,,,,
2015-07-31,,,,,,,,219.95,219.75,220.35,,221.35,,,,,,224.25,,,,,,,,,,,,,,,,,,,,,,,,,,,,,,
2015-08-03,,,,,,,,217.8,222.0,220.8,,222.95,,222.7,,,,225.25,,224.7,,,,,,,,,,,,,,,,,,,,,,,,,,,,
2015-08-04,,,,,,,,,221.25,219.6,,220.85,,220.8,,220.9,,223.35,,,,,,,,,,,,,,,,,,,,,,,,,,,,,,
2015-08-05,,,,,,,,218.75,220.95,219.35,,220.45,,219.85,,220.6,,223.15,,,,,,,,,,,,,,,,,,,,,,,,,,,,,,
2015-08-06,,,,,,,,216.0,218.25,218.95,,219.8,,220.35,,,,222.4,,221.9,,,,,,,,,,,,,,,,,,,,,,,,,,,,
2015-08-07,,,,,,,,,218.0,219.75,,221.5,,221.0,,,,223.85,,224.25,,,,,,,,,,,,,,,,,,,,,,,,,,,,
2015-08-10,,,,,,,,218.4,,220.7,,222.0,,222.65,,,,224.35,,224.2,,,,,,,,,,,,,,,,,,,,,,,,,,,,
2015-08-11,,,,,,,,223.95,225.95,226.0,,227.3,,228.1,,,,229.8,,230.0,,,,,,,,,,,,,,,,,,,,,,,,,,,,
2015-08-12,,,,,,,,226.15,233.75,234.0,,235.55,,235.5,,236.25,,239.0,,237.3,,,,,,,,,,,,,,,,,,,,,,,,,,,,
2015-08-13,,,,,,,,,235.95,235.25,,236.65,,237.4,,237.75,,239.2,,239.2,,,,,,,,,,,,,,,,,,,,,,,,,,,,
2015-08-14,,,,,,,,,234.45,232.5,,233.85,,234.8,,234.8,,235.9,,236.75,,,,,,,,,,,,,,,,,,,,,,,,,,,,
2015-08-17,,,,,,,,,232.7,233.5,,233.65,,233.65,,233.6,,235.8,,,,,,,,,,,,,,,,,,,,,,,,,,,,,,
2015-08-18,,,,,,,,,232.5,,,233.45,,234.7,,,,236.0,,,,,,,,,,,,,,,,,,,,,,,,,,,,,,
2015-08-19,,,,,,,,,230.95,231.85,,233.75,,234.2,,235.6,,236.45,,235.0,,,,,,,,,,,,,,,,,,,,,,,,,,,,
2015-08-20,,,,,,,,,238.3,235.9,,237.9,,238.5,,237.85,,240.6,,,,,,,,,,,,,,,,,,,,,,,,,,,,,,
2015-08-21,,,,,,,,,243.2,242.25,244.1,243.55,,245.0,,243.05,,246.0,,246.05,,,,,,,,,,,,,,,,,,,,,,,,,,,,
2015-08-24,,,,,,,,,241.8,241.8,241.45,242.5,,243.7,,245.75,,246.0,,246.6,,,,,,,,,,,,,,,,,,,,,,,,,,,,
2015-08-25,,,,,,,,,242.95,242.55,244.3,244.2,,244.85,,244.8,,246.95,,244.4,,,,,,,,,,,,,,,,,,,,,,,,,,,,
2015-08-26,,,,,,,,,239.55,237.65,238.55,240.45,,239.5,,,,243.25,,240.05,,,,,,,,,,,,,,,,,,,,,,,,,,,,
2015-08-27,,,,,,,,,234.0,233.9,235.6,235.3,,236.85,,237.0,,238.45,,237.9,,,,,,,,,,,,,,,,,,,,,,,,,,,,
2015-08-28,,,,,,,,,236.85,235.85,234.8,235.85,,242.1,,238.4,,238.9,,,,,,,,,,,,,,,,,,,,,,,,,,,,,,
2015-08-31,,,,,,,,,235.6,235.95,236.1,237.2,,237.15,,,,240.3,,,,,,,,,,,,,,,,,,,,,,,,,,,,,,
2015-09-01,,,,,,,,,238.9,236.4,,237.1,,238.75,,,,240.0,,237.5,,,,,,,,,,,,,,,,,,,,,,,,,,,,
2015-09-02,,,,,,,,,238.0,237.15,238.6,238.75,,238.35,,,,240.55,,,,,,,,,,,,,,,,,,,,,,,,,,,,,,
2015-09-07,,,,,,,,,228.0,231.8,,233.3,,234.4,,,,236.2,,,,,,,,,,,,,,,,,,,,,,,,,,,,,,
2015-09-08,,,,,,,,,,232.55,232.4,232.65,,233.1,,234.65,,235.8,,,,,,,,,,,,,,,,,,,,,,,,,,,,,,
2015-09-09,,,,,,,,,,232.15,233.85,233.85,,234.3,,236.8,,237.1,,236.65,,,,,,,,,,,,,,,,,,,,,,,,,,,,
2015-09-10,,,,,,,,,,229.7,230.95,232.1,,234.0,,232.5,,235.25,,233.75,,,,,,,,,,,,,,,,,,,,,,,,,,,,
2015-09-11,,,,,,,,,,229.4,229.35,230.7,,231.2,,232.25,,233.85,,,,,,,,,,,,,,,,,,,,,,,,,,,,,,
2015-09-14,,,,,,,,,,228.4,230.3,229.65,,230.25,,,,232.4,,232.65,,,,,,,,,,,,,,,,,,,,,,,,,,,,
2015-09-15,,,,,,,,,,228.5,,230.15,,230.3,,,,232.75,,,,,,,,,,,,,,,,,,,,,,,,,,,,,,
2015-09-16,,,,,,,,,,227.75,229.55,229.55,,229.95,,,,232.25,,,,,,,,,,,,,,,,,,,,,,,,,,,,,,
2015-09-17,,,,,,,,,,231.45,232.9,233.15,,233.45,,234.0,,235.75,,235.1,,,,,,,,,,,,,,,,,,,,,,,,,,,,
2015-09-18,,,,,,,,,,233.0,,234.6,,235.0,,236.05,,236.6,,236.35,,,,,,,,,,,,,,,,,,,,,,,,,,,,
2015-09-21,,,,,,,,,,234.0,235.0,235.95,,236.1,,,,242.0,,,,,,,,,,,,,,,,,,,,,,,,,,,,,,
2015-09-22,,,,,,,,,,239.0,234.25,234.95,,235.5,,,,237.05,,,,,,,,,,,,,,,,,,,,,,,,,,,,,,
2015-09-23,,,,,,,,,,232.5,,233.6,,234.5,,235.0,,235.7,,,,,,,,,,,,,,,,,,,,,,,,,,,,,,
2015-09-24,,,,,,,,,,234.75,,235.7,,237.35,,237.6,,238.75,,,,,,,,,,,,,,,,,,,,,,,,,,,,,,
2015-09-25,,,,,,,,,,238.75,,239.35,,239.0,,239.7,,241.3,,,,,,,,,,,,,,,,,,,,,,,,,,,,,,
2015-09-28,,,,,,,,,,236.7,,237.2,,,,,,239.4,,239.2,,236.75,,,,,,,,,,,,,,,,,,,,,,,,,,
2015-09-29,,,,,,,,,,234.9,233.7,234.5,,234.8,,,,236.65,,236.6,,238.7,,,,,,,,,,,,,,,,,,,,,,,,,,
2015-09-30,,,,,,,,,,233.05,,233.15,,232.2,,234.75,,235.6,,234.75,,,,,,,,,,,,,,,,,,,,,,,,,,,,
2015-10-08,,,,,,,,,,234.5,,235.8,,236.05,,,,238.3,,,,,,,,,,,,,,,,,,,,,,,,,,,,,,
2015-10-09,,,,,,,,,,239.1,,236.5,,236.05,,237.9,,238.8,,237.6,,237.6,,,,,,,,,,,,,,,,,,,,,,,,,,
2015-10-12,,,,,,,,,,236.0,,238.55,,239.35,,241.8,,241.0,,,,242.6,,,,,,,,,,,,,,,,,,,,,,,,,,
2015-10-13,,,,,,,,,,,,238.4,,239.0,,,,241.1,,238.65,,240.5,,,,,,,,,,,,,,,,,,,,,,,,,,
2015-10-14,,,,,,,,,,,235.3,240.6,,241.15,,242.5,,242.8,,243.4,,,,,,,,,,,,,,,,,,,,,,,,,,,,
2015-10-15,,,,,,,,,,,,242.85,,243.4,,244.15,,244.75,,245.1,,245.55,,,,,,,,,,,,,,,,,,,,,,,,,,
2015-10-16,,,,,,,,,,,,243.1,245.7,242.35,,243.2,,244.85,,243.75,,244.0,,,,,,,,,,,,,,,,,,,,,,,,,,
2015-10-19,,,,,,,,,,,,242.4,244.25,241.25,,243.45,,244.2,,,,244.75,,,,,,,,,,,,,,,,,,,,,,,,,,
2015-10-20,,,,,,,,,,,,241.2,241.2,240.9,,242.1,,243.1,,243.25,,243.85,,,,,,,,,,,,,,,,,,,,,,,,,,
2015-10-21,,,,,,,,,,,,241.55,244.2,241.5,,242.75,,243.45,,243.55,,243.25,,,,,,,,,,,,,,,,,,,,,,,,,,
2015-10-22,,,,,,,,,,,,240.8,242.9,240.8,,241.5,,242.65,,242.7,,243.35,,,,,,,,,,,,,,,,,,,,,,,,,,
2015-10-23,,,,,,,,,,,,241.0,240.95,240.65,,243.5,,242.9,,,,,,,,,,,,,,,,,,,,,,,,,,,,,,
2015-10-26,,,,,,,,,,,237.25,241.5,243.9,241.2,,240.2,,243.45,,241.1,,242.7,,,,,,,,,,,,,,,,,,,,,,,,,,
2015-10-27,,,,,,,,,,,240.3,239.9,242.5,240.55,,241.5,,242.0,,242.3,,242.3,,,,,,,,,,,,,,,,,,,,,,,,,,
2015-10-28,,,,,,,,,,,244.2,240.9,242.45,241.95,,243.1,,243.7,,244.1,,244.1,,,,,,,,,,,,,,,,,,,,,,,,,,
2015-10-29,,,,,,,,,,,248.5,242.9,245.0,240.65,,245.0,,245.7,,242.25,,245.7,,,,,,,,,,,,,,,,,,,,,,,,,,
2015-10-30,,,,,,,,,,,,237.1,238.95,239.2,,238.8,,240.4,,240.5,,239.05,,,,,,,,,,,,,,,,,,,,,,,,,,
2015-11-02,,,,,,,,,,,,233.95,237.35,236.1,,236.2,,236.65,,239.0,,236.95,,,,,,,,,,,,,,,,,,,,,,,,,,
2015-11-03,,,,,,,,,,,,233.25,236.25,234.75,,235.15,,236.15,,,,,,,,,,,,,,,,,,,,,,,,,,,,,,
2015-11-04,,,,,,,,,,,,231.85,233.65,234.05,,234.0,,234.75,,,,232.75,,,,,,,,,,,,,,,,,,,,,,,,,,
2015-11-05,,,,,,,,,,,,229.65,231.25,230.75,,231.95,,232.65,,,,,,,,,,,,,,,,,,,,,,,,,,,,,,
2015-11-06,,,,,,,,,,,,228.2,230.45,230.25,,230.15,,231.0,,231.4,,231.3,,,,,,,,,,,,,,,,,,,,,,,,,,
2015-11-09,,,,,,,,,,,,228.2,229.9,228.95,,228.95,,230.85,,230.4,,231.05,,,,,,,,,,,,,,,,,,,,,,,,,,
2015-11-10,,,,,,,,,,,,225.15,227.55,226.95,,227.15,,227.75,,,,227.8,,,,,,,,,,,,,,,,,,,,,,,,,,
2015-11-11,,,,,,,,,,,,225.3,226.55,227.0,,227.35,,227.7,,,,228.5,,,,,,,,,,,,,,,,,,,,,,,,,,
2015-11-12,,,,,,,,,,,,224.65,225.8,225.6,,226.45,,227.05,,,,227.55,,,,,,,,,,,,,,,,,,,,,,,,,,
2015-11-13,,,,,,,,,,,,224.4,226.55,225.15,,225.6,,226.4,,226.95,,226.5,,,,,,,,,,,,,,,,,,,,,,,,,,
2015-11-16,,,,,,,,,,,,226.4,228.05,228.15,,228.6,,228.85,,229.1,,229.5,,,,,,,,,,,,,,,,,,,,,,,,,,
2015-11-17,,,,,,,,,,,,225.6,226.05,225.45,,225.6,,228.0,,225.0,,227.0,,227.35,,,,,,,,,,,,,,,,,,,,,,,,
2015-11-18,,,,,,,,,,,,223.55,224.75,224.15,,222.4,,225.55,,225.9,,223.25,,228.25,,,,,,,,,,,,,,,,,,,,,,,,
2015-11-19,,,,,,,,,,,,222.2,223.45,223.35,,222.5,,224.6,,225.25,,225.75,,224.35,,,,,,,,,,,,,,,,,,,,,,,,
2015-11-20,,,,,,,,,,,,223.6,225.5,225.9,,225.55,,226.3,,227.25,,224.65,,228.2,,,,,,,,,,,,,,,,,,,,,,,,
2015-11-23,,,,,,,,,,,,223.95,225.05,225.2,,226.05,,226.65,,227.3,,224.6,,224.7,,,,,,,,,,,,,,,,,,,,,,,,
2015-11-24,,,,,,,,,,,,221.5,222.55,222.4,,222.95,,223.85,,223.75,,224.0,,,,,,,,,,,,,,,,,,,,,,,,,,
2015-11-25,,,,,,,,,,,,222.75,224.6,224.1,,227.0,,225.75,,225.95,,226.2,,229.55,,,,,,,,,,,,,,,,,,,,,,,,
2015-11-26,,,,,,,,,,,,221.45,222.6,224.35,,223.5,,224.3,,,,225.0,,226.15,,,,,,,,,,,,,,,,,,,,,,,,
2015-11-27,,,,,,,,,,,,221.0,222.4,222.6,,,,223.9,,,,224.0,,225.25,,,,,,,,,,,,,,,,,,,,,,,,
2015-11-30,,,,,,,,,,,,220.0,219.15,220.9,,221.45,,222.55,,220.75,,223.0,,224.8,,,,,,,,,,,,,,,,,,,,,,,,
2015-12-01,,,,,,,,,,,,220.9,222.55,222.65,,223.65,,224.5,,224.35,,225.0,,226.35,,,,,,,,,,,,,,,,,,,,,,,,
2015-12-02,,,,,,,,,,,,220.6,222.05,222.7,,223.6,,224.35,,223.5,,224.0,,226.35,,,,,,,,,,,,,,,,,,,,,,,,
2015-12-03,,,,,,,,,,,,219.4,220.7,221.0,,221.85,,222.7,,222.9,,222.5,,224.45,,,,,,,,,,,,,,,,,,,,,,,,
2015-12-04,,,,,,,,,,,,221.0,223.65,220.75,,,,227.35,,,,223.45,,225.25,,,,,,,,,,,,,,,,,,,,,,,,
2015-12-07,,,,,,,,,,,,224.1,225.25,226.5,,227.6,,228.05,,228.75,,228.75,,230.85,,,,,,,,,,,,,,,,,,,,,,,,
2015-12-08,,,,,,,,,,,,223.75,224.7,224.5,,224.7,,227.35,,,,228.5,,230.15,,,,,,,,,,,,,,,,,,,,,,,,
2015-12-09,,,,,,,,,,,,223.0,234.2,226.2,,226.05,,226.75,,,,228.0,,229.3,,,,,,,,,,,,,,,,,,,,,,,,
2015-12-10,,,,,,,,,,,,226.4,225.85,226.0,,225.55,,228.7,,227.4,,227.25,,231.45,,,,,,,,,,,,,,,,,,,,,,,,
2015-12-11,,,,,,,,,,,,221.0,223.3,223.4,,225.4,,226.0,,,,226.65,,228.85,,,,,,,,,,,,,,,,,,,,,,,,
2015-12-14,,,,,,,,,,,,,225.6,225.5,,227.45,,228.5,,228.55,,228.25,,237.0,,,,,,,,,,,,,,,,,,,,,,,,
2015-12-15,,,,,,,,,,,,230.9,224.85,226.05,,224.95,,227.8,,229.3,,227.2,,230.35,,,,,,,,,,,,,,,,,,,,,,,,
2015-12-16,,,,,,,,,,,,,225.7,223.05,,,,226.0,,,,,,228.35,,,,,,,,,,,,,,,,,,,,,,,,
2015-12-17,,,,,,,,,,,,,224.8,224.5,,225.2,,227.4,,227.55,,227.55,,230.1,,,,,,,,,,,,,,,,,,,,,,,,
2015-12-18,,,,,,,,,,,,,223.0,224.7,,225.3,,226.25,,,,226.3,,227.25,,,,,,,,,,,,,,,,,,,,,,,,
2015-12-21,,,,,,,,,,,,,224.55,224.7,225.85,226.0,,227.5,,228.8,,228.5,,230.05,,,,,,,,,,,,,,,,,,,,,,,,
2015-12-22,,,,,,,,,,,,,226.15,226.35,,227.8,,229.4,,229.15,,230.05,,231.75,,,,,,,,,,,,,,,,,,,,,,,,
2015-12-23,,,,,,,,,,,,,224.85,227.55,224.0,,,229.3,,229.15,,,,230.9,,,,,,,,,,,,,,,,,,,,,,,,
2015-12-24,,,,,,,,,,,,,224.35,225.45,225.9,227.3,,228.1,,228.9,,,,230.65,,,,,,,,,,,,,,,,,,,,,,,,
2015-12-25,,,,,,,,,,,,,224.8,226.1,,227.75,,228.65,,229.95,,,,231.2,,,,,,,,,,,,,,,,,,,,,,,,
2015-12-28,,,,,,,,,,,,,224.75,225.8,,227.95,,228.85,,,,,,231.25,,,,,,,,,,,,,,,,,,,,,,,,
2015-12-29,,,,,,,,,,,,,224.25,225.5,,226.9,,228.4,,,,229.5,,231.1,,,,,,,,,,,,,,,,,,,,,,,,
2015-12-30,,,,,,,,,,,,,224.55,225.9,,227.1,,228.9,,,,,,231.5,,,,,,,,,,,,,,,,,,,,,,,,
2015-12-31,,,,,,,,,,,,,224.2,223.25,,225.05,,227.8,,227.75,,228.8,,230.2,,,,,,,,,,,,,,,,,,,,,,,,
2016-01-04,,,,,,,,,,,,,223.0,225.25,,226.8,,228.5,,,,229.9,,231.05,,,,,,,,,,,,,,,,,,,,,,,,
2016-01-05,,,,,,,,,,,,,,227.4,,228.5,,230.85,,231.6,,,,233.2,,,,,,,,,,,,,,,,,,,,,,,,
2016-01-06,,,,,,,,,,,,,226.8,228.1,,229.3,,231.75,,231.5,,232.75,,234.35,,,,,,,,,,,,,,,,,,,,,,,,
2016-01-07,,,,,,,,,,,,,229.05,233.75,236.65,235.1,,237.4,,237.7,,238.55,,239.55,,,,,,,,,,,,,,,,,,,,,,,,
2016-01-08,,,,,,,,,,,,,233.9,235.3,236.85,,,238.15,,237.45,,239.0,,240.45,,,,,,,,,,,,,,,,,,,,,,,,
2016-01-11,,,,,,,,,,,,,232.05,234.85,236.8,235.95,,238.3,,238.9,,239.15,,240.45,,,,,,,,,,,,,,,,,,,,,,,,
2016-01-12,,,,,,,,,,,,,234.0,233.35,234.0,234.05,,236.95,,,,,,239.2,,,,,,,,,,,,,,,,,,,,,,,,
2016-01-13,,,,,,,,,,,,,,230.7,,231.15,,233.25,,234.5,,,,235.7,,,,,,,,,,,,,,,,,,,,,,,,
2016-01-14,,,,,,,,,,,,,,232.2,231.55,233.6,,234.8,,,,235.35,,237.1,,,,,,,,,,,,,,,,,,,,,,,,
2016-01-15,,,,,,,,,,,,,,231.4,228.85,232.15,,233.8,,234.0,,,,236.25,,,,,,,,,,,,,,,,,,,,,,,,
2016-01-18,,,,,,,,,,,,,,232.15,,232.15,,234.75,,,,,,237.1,,,,,,,,,,,,,,,,,,,,,,,,
2016-01-19,,,,,,,,,,,,,,231.75,,232.35,,234.0,,235.55,,235.3,,236.2,,,,,,,,,,,,,,,,,,,,,,,,
2016-01-20,,,,,,,,,,,,,,232.3,,,,234.1,,235.7,,,,236.5,,,,,,,,,,,,,,,,,,,,,,,,
2016-01-21,,,,,,,,,,,,,,234.85,,234.6,,237.25,,238.7,,,,240.0,,,,,,,,,,,,,,,,,,,,,,,,
2016-01-22,,,,,,,,,,,,,,233.65,232.4,234.3,,235.85,,236.9,,236.95,,238.3,,239.5,,,,,,,,,,,,,,,,,,,,,,
2016-01-25,,,,,,,,,,,,,,233.95,233.35,234.3,,236.15,,237.65,,,,238.5,,240.45,,,,,,,,,,,,,,,,,,,,,,
2016-01-26,,,,,,,,,,,,,,235.05,,,,239.05,,,,240.3,,241.25,,239.2,,,,,,,,,,,,,,,,,,,,,,
2016-01-27,,,,,,,,,,,,,,238.4,238.45,238.85,,240.1,,241.5,,241.3,,242.25,,242.85,,,,,,,,,,,,,,,,,,,,,,
2016-01-28,,,,,,,,,,,,,,238.7,238.15,238.65,,240.1,,241.1,,,,242.85,,243.55,,,,,,,,,,,,,,,,,,,,,,
2016-01-29,,,,,,,,,,,,,,238.1,237.95,,,239.75,,240.95,,,,242.15,,241.45,,,,,,,,,,,,,,,,,,,,,,
2016-02-01,,,,,,,,,,,,,,,239.6,237.0,,240.1,,241.25,,,,242.45,,243.7,,,,,,,,,,,,,,,,,,,,,,
2016-02-02,,,,,,,,,,,,,,243.0,,,,241.35,,,,,,244.2,,,,,,,,,,,,,,,,,,,,,,,,
2016-02-03,,,,,,,,,,,,,,,240.9,,,241.85,,,,,,244.2,,,,,,,,,,,,,,,,,,,,,,,,
2016-02-04,,,,,,,,,,,,,,,,,,244.2,,,,,,246.5,,247.75,,,,,,,,,,,,,,,,,,,,,,
2016-02-05,,,,,,,,,,,,,,,245.35,244.85,,246.25,,246.75,,247.45,,248.55,,249.95,,,,,,,,,,,,,,,,,,,,,,
2016-02-15,,,,,,,,,,,,,,,258.2,261.4,,259.9,,259.85,,258.7,,264.45,,262.45,,,,,,,,,,,,,,,,,,,,,,
2016-02-16,,,,,,,,,,,,,,,254.95,253.2,254.6,255.3,,255.6,,256.25,,257.7,,,,,,,,,,,,,,,,,,,,,,,,
2016-02-17,,,,,,,,,,,,,,,253.6,255.2,255.45,255.85,,256.7,,255.8,,258.05,,257.75,,,,,,,,,,,,,,,,,,,,,,
2016-02-18,,,,,,,,,,,,,,,254.5,254.3,255.1,255.75,,256.35,,256.15,,257.85,,259.6,,,,,,,,,,,,,,,,,,,,,,
2016-02-19,,,,,,,,,,,,,,,257.6,257.15,258.45,259.5,,259.35,,259.85,,261.05,,262.8,,,,,,,,,,,,,,,,,,,,,,
2016-02-22,,,,,,,,,,,,,,,257.3,,257.75,259.6,,259.9,,260.65,,261.85,,,,,,,,,,,,,,,,,,,,,,,,
2016-02-23,,,,,,,,,,,,,,,256.3,255.6,257.25,257.0,,257.15,,258.0,,259.0,,259.65,,,,,,,,,,,,,,,,,,,,,,
2016-02-24,,,,,,,,,,,,,,,261.05,257.9,258.05,259.25,,259.1,,259.9,,262.5,,,,,,,,,,,,,,,,,,,,,,,,
2016-02-25,,,,,,,,,,,,,,,262.2,262.5,264.0,264.6,,266.4,,264.5,,267.45,,266.2,,,,,,,,,,,,,,,,,,,,,,
2016-02-26,,,,,,,,,,,,,,,,261.2,262.15,262.5,,262.35,,262.95,,264.5,,265.55,,,,,,,,,,,,,,,,,,,,,,
2016-02-29,,,,,,,,,,,,,,,257.95,258.4,260.85,261.7,,,,260.7,,263.85,,262.4,,,,,,,,,,,,,,,,,,,,,,
2016-03-01,,,,,,,,,,,,,,,,262.0,262.8,263.65,,261.7,,264.25,,265.85,,265.25,,,,,,,,,,,,,,,,,,,,,,
2016-03-02,,,,,,,,,,,,,,,,262.65,268.3,263.9,,264.1,,263.9,,265.95,,262.9,,,,,,,,,,,,,,,,,,,,,,
2016-03-03,,,,,,,,,,,,,,,,261.05,262.15,262.55,,263.7,,,,264.95,,264.0,,,,,,,,,,,,,,,,,,,,,,
2016-03-04,,,,,,,,,,,,,,,,264.55,265.6,265.95,,265.75,,266.3,,267.6,,268.0,,,,,,,,,,,,,,,,,,,,,,
2016-03-07,,,,,,,,,,,,,,,,266.8,268.35,268.7,,268.4,,269.2,,270.0,,268.75,,,,,,,,,,,,,,,,,,,,,,
2016-03-08,,,,,,,,,,,,,,,,267.0,267.0,267.8,,267.9,,268.2,,269.55,,269.9,,,,,,,,,,,,,,,,,,,,,,
2016-03-09,,,,,,,,,,,,,,,,267.1,267.35,267.95,,267.4,,268.4,,269.8,,269.5,,,,,,,,,,,,,,,,,,,,,,
2016-03-10,,,,,,,,,,,,,,,,264.3,264.25,264.35,,264.4,,,,266.1,,266.45,,,,,,,,,,,,,,,,,,,,,,
2016-03-11,,,,,,,,,,,,,,,,268.0,267.9,268.85,,269.2,,268.95,,270.4,,269.05,,,,,,,,,,,,,,,,,,,,,,
2016-03-14,,,,,,,,,,,,,,,,265.15,265.5,265.9,,265.4,,,,267.7,,267.05,,,,,,,,,,,,,,,,,,,,,,
2016-03-15,,,,,,,,,,,,,,,,258.25,261.65,263.75,,258.6,,263.2,,265.55,,264.7,,,,,,,,,,,,,,,,,,,,,,
2016-03-16,,,,,,,,,,,,,,,,258.9,258.8,259.55,,,,260.65,,261.3,,260.15,,,,,,,,,,,,,,,,,,,,,,
2016-03-17,,,,,,,,,,,,,,,,263.4,269.65,264.35,,263.6,,,,266.4,,266.2,,,,,,,,,,,,,,,,,,,,,,
2016-03-18,,,,,,,,,,,,,,,,263.8,263.95,264.85,,264.1,,265.05,,266.5,,266.8,,268.25,,,,,,,,,,,,,,,,,,,,
2016-03-21,,,,,,,,,,,,,,,,261.85,261.9,262.5,,262.4,,262.5,,264.15,,263.7,,,,,,,,,,,,,,,,,,,,,,
2016-03-22,,,,,,,,,,,,,,,,260.15,261.0,261.45,,260.65,,261.7,,264.6,,263.2,,,,,,,,,,,,,,,,,,,,,,
2016-03-23,,,,,,,,,,,,,,,,262.9,261.8,262.95,,263.0,,263.05,,264.6,,263.95,,,,,,,,,,,,,,,,,,,,,,
2016-03-24,,,,,,,,,,,,,,,,,255.65,256.85,,256.55,,257.8,,258.5,,258.3,,260.0,,,,,,,,,,,,,,,,,,,,
2016-03-25,,,,,,,,,,,,,,,,255.8,256.1,256.75,,257.0,,256.9,,258.6,,258.0,,,,,,,,,,,,,,,,,,,,,,
2016-03-28,,,,,,,,,,,,,,,,257.95,257.35,256.65,,257.35,,256.2,,258.3,,257.8,,258.75,,,,,,,,,,,,,,,,,,,,
2016-03-29,,,,,,,,,,,,,,,,257.25,256.3,256.6,,,,256.6,,258.2,,,,258.05,,,,,,,,,,,,,,,,,,,,
2016-03-30,,,,,,,,,,,,,,,,263.5,259.5,259.8,,259.35,,258.25,,261.45,,260.95,,263.25,,,,,,,,,,,,,,,,,,,,
2016-03-31,,,,,,,,,,,,,,,,261.95,257.65,258.1,,266.3,,258.35,,259.95,,260.35,,260.85,,,,,,,,,,,,,,,,,,,,
2016-04-01,,,,,,,,,,,,,,,,245.65,256.95,257.8,,258.4,,,,259.95,,260.35,,261.45,,,,,,,,,,,,,,,,,,,,
2016-04-05,,,,,,,,,,,,,,,,254.2,255.85,256.35,,256.8,,256.15,,258.05,,258.2,,258.9,,,,,,,,,,,,,,,,,,,,
2016-04-06,,,,,,,,,,,,,,,,,256.85,257.7,,257.95,,,,259.35,,258.55,,,,,,,,,,,,,,,,,,,,,,
2016-04-07,,,,,,,,,,,,,,,,248.2,256.3,257.1,,257.0,,257.8,,258.8,,,,260.45,,,,,,,,,,,,,,,,,,,,
2016-04-08,,,,,,,,,,,,,,,,,259.65,259.35,,258.9,,,,261.1,,261.05,,262.0,,,,,,,,,,,,,,,,,,,,
2016-04-11,,,,,,,,,,,,,,,,257.0,260.65,261.15,,261.7,,261.5,,263.0,,,,263.35,,,,,,,,,,,,,,,,,,,,
2016-04-12,,,,,,,,,,,,,,,,,262.25,262.0,,262.2,,263.15,,263.75,,263.55,,265.4,,,,,,,,,,,,,,,,,,,,
2016-04-13,,,,,,,,,,,,,,,,,261.6,262.65,,262.8,,262.85,,264.3,,264.15,,264.95,,,,,,,,,,,,,,,,,,,,
2016-04-14,,,,,,,,,,,,,,,,,260.15,261.05,,261.2,,258.85,,262.6,,262.5,,260.8,,,,,,,,,,,,,,,,,,,,
2016-04-15,,,,,,,,,,,,,,,,256.0,257.3,258.25,,257.65,,258.7,,259.8,,260.35,,260.9,,,,,,,,,,,,,,,,,,,,
2016-04-18,,,,,,,,,,,,,,,,,257.65,258.7,,259.3,,,,260.4,,,,261.05,,,,,,,,,,,,,,,,,,,,
2016-04-19,,,,,,,,,,,,,,,,,257.9,260.0,,,,259.35,,261.6,,261.3,,261.85,,,,,,,,,,,,,,,,,,,,
2016-04-20,,,,,,,,,,,,,,,,,262.8,262.5,263.2,262.9,,263.35,,264.0,,,,263.75,,,,,,,,,,,,,,,,,,,,
2016-04-21,,,,,,,,,,,,,,,,,263.5,264.15,,264.9,,265.5,,266.05,,266.55,,265.75,,,,,,,,,,,,,,,,,,,,
2016-04-22,,,,,,,,,,,,,,,,,262.2,266.5,263.15,266.9,,267.2,,268.45,,268.25,,270.25,,,,,,,,,,,,,,,,,,,,
2016-04-25,,,,,,,,,,,,,,,,,259.45,261.3,,260.4,,259.55,,262.95,,262.3,,263.75,,,,,,,,,,,,,,,,,,,,
2016-04-26,,,,,,,,,,,,,,,,,265.4,260.0,,260.2,,260.45,,261.75,,,,262.9,,,,,,,,,,,,,,,,,,,,
2016-04-27,,,,,,,,,,,,,,,,,261.9,261.45,,261.85,,262.8,,263.3,,263.05,,264.75,,,,,,,,,,,,,,,,,,,,
2016-04-28,,,,,,,,,,,,,,,,,262.9,262.75,,263.25,,263.9,,265.2,,264.9,,265.2,,,,,,,,,,,,,,,,,,,,
2016-04-29,,,,,,,,,,,,,,,,,263.55,267.95,268.25,268.1,,269.8,,270.2,,269.75,,272.6,,,,,,,,,,,,,,,,,,,,
2016-05-03,,,,,,,,,,,,,,,,,,271.65,272.7,272.35,,272.5,,274.0,,274.45,,275.15,,,,,,,,,,,,,,,,,,,,
2016-05-04,,,,,,,,,,,,,,,,,,271.25,,271.8,,272.4,,273.65,,273.0,,274.8,,,,,,,,,,,,,,,,,,,,
2016-05-05,,,,,,,,,,,,,,,,,262.3,270.25,,270.7,,271.2,,272.7,,272.65,,273.0,,,,,,,,,,,,,,,,,,,,
2016-05-06,,,,,,,,,,,,,,,,,,269.85,269.95,269.85,,270.95,,272.0,,272.3,,271.8,,,,,,,,,,,,,,,,,,,,
2016-05-09,,,,,,,,,,,,,,,,,,270.9,273.05,271.9,,271.55,,273.45,,272.9,,273.8,,,,,,,,,,,,,,,,,,,,
2016-05-10,,,,,,,,,,,,,,,,,,266.95,,266.95,,267.15,,268.95,,269.6,,270.0,,,,,,,,,,,,,,,,,,,,
2016-05-11,,,,,,,,,,,,,,,,,,267.65,,266.9,,268.9,,269.45,,269.95,,270.65,,,,,,,,,,,,,,,,,,,,
2016-05-12,,,,,,,,,,,,,,,,,,268.0,269.55,268.35,,268.75,,270.0,,270.8,,,,,,,,,,,,,,,,,,,,,,
2016-05-13,,,,,,,,,,,,,,,,,,268.8,,268.5,,269.45,,270.7,,270.25,,272.5,,,,,,,,,,,,,,,,,,,,
2016-05-16,,,,,,,,,,,,,,,,,,269.95,,270.2,,270.35,,272.4,,272.5,,274.45,,,,,,,,,,,,,,,,,,,,
2016-05-17,,,,,,,,,,,,,,,,,,271.0,272.7,271.65,,271.9,,273.15,,273.25,,270.85,,,,,,,,,,,,,,,,,,,,
2016-05-18,,,,,,,,,,,,,,,,,,269.2,271.7,269.3,,270.4,,271.55,,271.8,,,,274.5,,,,,,,,,,,,,,,,,,
2016-05-19,,,,,,,,,,,,,,,,,,268.9,,267.55,,269.65,,271.2,,271.2,,269.7,,275.0,,,,,,,,,,,,,,,,,,
2016-05-20,,,,,,,,,,,,,,,,,,264.65,266.7,265.6,,265.6,,266.85,,267.15,,268.15,,269.5,,,,,,,,,,,,,,,,,,
2016-05-23,,,,,,,,,,,,,,,,,,265.2,265.5,265.55,,265.6,,267.45,,266.95,,269.75,,268.9,,,,,,,,,,,,,,,,,,
2016-05-24,,,,,,,,,,,,,,,,,,263.65,,263.6,,264.05,,265.75,,265.05,,267.55,,267.8,,,,,,,,,,,,,,,,,,
2016-05-25,,,,,,,,,,,,,,,,,,261.8,,261.2,,260.65,,263.6,,264.95,,265.75,,265.75,,,,,,,,,,,,,,,,,,
2016-05-26,,,,,,,,,,,,,,,,,,259.85,258.9,259.6,,259.65,,261.75,,261.85,,262.65,,263.6,,,,,,,,,,,,,,,,,,
2016-05-27,,,,,,,,,,,,,,,,,,259.8,,260.4,,259.05,,261.55,,260.5,,261.8,,262.8,,,,,,,,,,,,,,,,,,
2016-05-30,,,,,,,,,,,,,,,,,,257.55,255.2,257.65,,258.0,,258.95,,257.1,,259.5,,261.25,,,,,,,,,,,,,,,,,,
2016-05-31,,,,,,,,,,,,,,,,,,258.0,,257.4,,258.2,,259.0,,259.75,,260.0,,261.5,,,,,,,,,,,,,,,,,,
2016-06-01,,,,,,,,,,,,,,,,,,258.5,258.6,260.4,,259.65,,260.45,,261.4,,,,262.55,,,,,,,,,,,,,,,,,,
2016-06-02,,,,,,,,,,,,,,,,,,258.0,,258.1,,,,259.8,,260.25,,261.5,,263.0,,,,,,,,,,,,,,,,,,
2016-06-03,,,,,,,,,,,,,,,,,,257.65,,257.9,,258.3,,259.5,,261.65,,260.95,,261.0,,,,,,,,,,,,,,,,,,
2016-06-06,,,,,,,,,,,,,,,,,,262.75,263.55,263.8,,263.25,,264.75,,265.5,,266.6,,266.65,,,,,,,,,,,,,,,,,,
2016-06-07,,,,,,,,,,,,,,,,,,263.95,263.9,264.5,,,,265.5,,265.9,,267.1,,267.65,,,,,,,,,,,,,,,,,,
2016-06-08,,,,,,,,,,,,,,,,,,265.0,,265.5,,265.5,,266.7,,264.85,,268.75,,268.7,,,,,,,,,,,,,,,,,,
2016-06-13,,,,,,,,,,,,,,,,,,273.5,272.85,273.45,,273.5,,274.4,,274.75,,276.0,,276.05,,,,,,,,,,,,,,,,,,
2016-06-14,,,,,,,,,,,,,,,,,,273.5,274.1,273.15,,273.55,,275.25,,274.85,,276.1,,278.2,,,,,,,,,,,,,,,,,,
2016-06-15,,,,,,,,,,,,,,,,,,,275.2,274.0,,274.45,,275.8,,275.75,,277.25,,277.3,,,,,,,,,,,,,,,,,,
2016-06-16,,,,,,,,,,,,,,,,,,,277.9,280.3,,279.85,,280.4,,281.95,,281.95,,282.0,,,,,,,,,,,,,,,,,,
2016-06-17,,,,,,,,,,,,,,,,,,,274.75,279.35,273.7,279.7,,281.15,,282.6,,276.2,,282.9,,,,,,,,,,,,,,,,,,
2016-06-20,,,,,,,,,,,,,,,,,,,275.45,274.15,275.5,274.95,,276.35,,277.15,,275.75,,278.3,,,,,,,,,,,,,,,,,,
2016-06-21,,,,,,,,,,,,,,,,,,,275.05,273.85,274.3,273.6,,275.05,,276.4,,275.0,,276.7,,,,,,,,,,,,,,,,,,
2016-06-22,,,,,,,,,,,,,,,,,,,272.55,270.85,271.35,270.45,,271.6,,272.75,,273.0,,273.35,,,,,,,,,,,,,,,,,,
2016-06-23,,,,,,,,,,,,,,,,,,,270.3,269.95,269.65,269.7,,271.2,,272.2,,272.25,,272.85,,,,,,,,,,,,,,,,,,
2016-06-24,,,,,,,,,,,,,,,,,,,278.9,282.5,282.25,282.3,,283.35,,284.75,,285.2,,285.2,,,,,,,,,,,,,,,,,,
2016-06-27,,,,,,,,,,,,,,,,,,,281.95,284.6,285.1,284.15,,285.2,,286.25,,286.65,,286.65,,,,,,,,,,,,,,,,,,
2016-06-28,,,,,,,,,,,,,,,,,,,,285.95,284.85,284.15,,285.65,,286.15,,286.85,,287.0,,,,,,,,,,,,,,,,,,
2016-06-29,,,,,,,,,,,,,,,,,,,283.95,284.05,285.1,283.65,,284.8,,285.8,,286.05,,286.4,,,,,,,,,,,,,,,,,,
2016-06-30,,,,,,,,,,,,,,,,,,,286.75,283.8,285.15,284.35,,285.5,,285.8,,285.65,,287.0,,,,,,,,,,,,,,,,,,
2016-07-01,,,,,,,,,,,,,,,,,,,281.0,286.75,287.55,287.55,,288.65,,289.35,,290.3,,290.15,,,,,,,,,,,,,,,,,,
2016-07-04,,,,,,,,,,,,,,,,,,,,291.75,292.1,291.85,,293.7,,293.95,,294.35,,295.5,,,,,,,,,,,,,,,,,,
2016-07-05,,,,,,,,,,,,,,,,,,,,291.7,292.1,291.45,,292.85,,293.7,,292.0,,294.55,,,,,,,,,,,,,,,,,,
2016-07-06,,,,,,,,,,,,,,,,,,,,295.95,296.85,296.3,,297.7,,298.8,,297.3,,299.5,,,,,,,,,,,,,,,,,,
2016-07-07,,,,,,,,,,,,,,,,,,,,297.0,296.8,296.0,,297.4,,297.95,,,,299.15,,,,,,,,,,,,,,,,,,
2016-07-08,,,,,,,,,,,,,,,,,,,,293.55,293.55,292.65,,294.6,,295.1,,294.95,,297.6,,,,,,,,,,,,,,,,,,
2016-07-11,,,,,,,,,,,,,,,,,,,,294.55,296.55,296.2,,297.0,,298.35,,295.9,,299.0,,,,,,,,,,,,,,,,,,
2016-07-12,,,,,,,,,,,,,,,,,,,,293.25,293.85,293.4,,294.75,,295.45,,295.6,,296.65,,,,,,,,,,,,,,,,,,
2016-07-13,,,,,,,,,,,,,,,,,,,,290.75,292.2,290.95,,292.35,,,,292.05,,295.3,,,,,,,,,,,,,,,,,,
2016-07-14,,,,,,,,,,,,,,,,,,,,290.55,291.2,290.65,,291.85,,291.4,,292.8,,293.6,,,,,,,,,,,,,,,,,,
2016-07-15,,,,,,,,,,,,,,,,,,,,288.2,288.05,287.45,,289.2,,287.8,,,,291.0,,,,,,,,,,,,,,,,,,
2016-07-18,,,,,,,,,,,,,,,,,,,,288.3,287.4,288.2,,289.2,,290.25,,,,290.8,,,,,,,,,,,,,,,,,,
2016-07-19,,,,,,,,,,,,,,,,,,,,287.85,288.5,288.45,,290.25,,290.35,,290.9,,291.9,,,,,,,,,,,,,,,,,,
2016-07-20,,,,,,,,,,,,,,,,,,,,288.45,289.5,288.55,,289.7,,290.85,,291.0,,291.4,,289.5,,,,,,,,,,,,,,,,
2016-07-21,,,,,,,,,,,,,,,,,,,,284.75,284.45,284.25,,285.6,,286.1,,286.1,,287.9,,,,,,,,,,,,,,,,,,
2016-07-22,,,,,,,,,,,,,,,,,,,,,286.1,286.7,,288.0,,287.9,,,,289.8,,291.05,,,,,,,,,,,,,,,,
2016-07-25,,,,,,,,,,,,,,,,,,,,282.65,284.4,285.25,,286.5,,287.35,,,,288.0,,,,,,,,,,,,,,,,,,
2016-07-26,,,,,,,,,,,,,,,,,,,,284.4,284.95,285.1,,286.25,,287.05,,,,288.1,,289.85,,,,,,,,,,,,,,,,
2016-07-27,,,,,,,,,,,,,,,,,,,,283.8,284.35,284.15,,285.95,,286.7,,286.25,,287.75,,289.0,,,,,,,,,,,,,,,,
2016-07-28,,,,,,,,,,,,,,,,,,,,287.0,288.2,288.6,,289.8,,290.7,,,,291.75,,293.6,,,,,,,,,,,,,,,,
2016-07-29,,,,,,,,,,,,,,,,,,,,291.8,,288.85,,289.8,,,,291.2,,291.6,,,,,,,,,,,,,,,,,,
2016-08-01,,,,,,,,,,,,,,,,,,,,,289.4,290.2,,290.7,,291.4,,292.2,,292.45,,291.5,,,,,,,,,,,,,,,,
2016-08-02,,,,,,,,,,,,,,,,,,,,,289.95,289.85,,291.4,,292.1,,292.85,,293.3,,,,,,,,,,,,,,,,,,
2016-08-03,,,,,,,,,,,,,,,,,,,,,,291.8,,293.35,,294.35,,296.4,,296.0,,,,,,,,,,,,,,,,,,
2016-08-04,,,,,,,,,,,,,,,,,,,,,290.9,291.05,,292.55,,292.8,,294.15,,294.2,,,,,,,,,,,,,,,,,,
2016-08-05,,,,,,,,,,,,,,,,,,,,,292.2,292.5,,293.55,,295.15,,295.4,,295.45,,297.25,,,,,,,,,,,,,,,,
2016-08-08,,,,,,,,,,,,,,,,,,,,281.2,288.05,288.7,,290.1,,291.6,,291.3,,292.0,,292.7,,,,,,,,,,,,,,,,
2016-08-09,,,,,,,,,,,,,,,,,,,,,287.35,287.35,,288.2,,288.4,,290.3,,290.0,,291.35,,,,,,,,,,,,,,,,
2016-08-10,,,,,,,,,,,,,,,,,,,,295.2,289.4,289.9,,291.4,,292.65,,292.85,,293.15,,295.3,,,,,,,,,,,,,,,,
2016-08-11,,,,,,,,,,,,,,,,,,,,305.0,287.9,288.8,,291.25,,291.1,,290.7,,293.0,,294.8,,,,,,,,,,,,,,,,
2016-08-12,,,,,,,,,,,,,,,,,,,,,288.35,290.1,,290.6,,,,,,292.45,,,,,,,,,,,,,,,,,,
2016-08-15,,,,,,,,,,,,,,,,,,,,,289.75,289.7,,291.05,,291.75,,,,292.85,,291.95,,,,,,,,,,,,,,,,
2016-08-16,,,,,,,,,,,,,,,,,,,,,286.9,287.25,,289.6,,289.65,,,,291.6,,,,,,,,,,,,,,,,,,
2016-08-17,,,,,,,,,,,,,,,,,,,,,288.85,288.05,,289.35,,289.3,,,,291.1,,291.7,,,,,,,,,,,,,,,,
2016-08-18,,,,,,,,,,,,,,,,,,,,,287.05,288.85,288.05,290.25,,291.0,,289.05,,292.3,,293.8,,,,,,,,,,,,,,,,
2016-08-19,,,,,,,,,,,,,,,,,,,,,,289.1,289.7,289.9,,,,291.1,,292.1,,,,,,,,,,,,,,,,,,
2016-08-22,,,,,,,,,,,,,,,,,,,,,,,288.95,289.5,,,,289.7,,291.45,,290.35,,,,,,,,,,,,,,,,
2016-08-23,,,,,,,,,,,,,,,,,,,,,287.1,286.8,286.9,287.65,,288.65,,,,289.7,,,,,,,,,,,,,,,,,,
2016-08-24,,,,,,,,,,,,,,,,,,,,,289.05,,,288.45,,,,,,290.5,,291.5,,,,,,,,,,,,,,,,
2016-08-25,,,,,,,,,,,,,,,,,,,,,,285.0,,286.65,,286.15,,286.9,,289.1,,289.5,,,,,,,,,,,,,,,,
2016-08-26,,,,,,,,,,,,,,,,,,,,,285.6,,,285.15,,,,287.4,,287.2,,289.6,,,,,,,,,,,,,,,,
2016-08-29,,,,,,,,,,,,,,,,,,,,,285.15,286.55,,288.8,,288.1,,287.9,,290.8,,289.8,,,,,,,,,,,,,,,,
2016-08-30,,,,,,,,,,,,,,,,,,,,,290.5,,,285.65,,286.5,,287.75,,287.65,,288.95,,,,,,,,,,,,,,,,
2016-08-31,,,,,,,,,,,,,,,,,,,,,,282.85,,284.75,,286.5,,285.5,,286.95,,287.9,,,,,,,,,,,,,,,,
2016-09-01,,,,,,,,,,,,,,,,,,,,,,282.25,282.6,283.6,,284.95,,284.95,,285.65,,287.2,,,,,,,,,,,,,,,,
2016-09-02,,,,,,,,,,,,,,,,,,,,,,283.35,282.5,284.05,,285.75,,,,286.1,,287.35,,,,,,,,,,,,,,,,
2016-09-05,,,,,,,,,,,,,,,,,,,,,,286.0,284.1,287.0,,288.0,,,,290.1,,290.4,,,,,,,,,,,,,,,,
2016-09-06,,,,,,,,,,,,,,,,,,,,,,286.35,,287.0,,288.35,,,,289.25,,290.7,,,,,,,,,,,,,,,,
2016-09-07,,,,,,,,,,,,,,,,,,,,,296.3,288.35,288.9,291.7,,292.65,,293.45,,293.85,,294.1,,,,,,,,,,,,,,,,
2016-09-08,,,,,,,,,,,,,,,,,,,,,,289.5,,291.0,,291.75,,,,293.1,,,,,,,,,,,,,,,,,,
2016-09-09,,,,,,,,,,,,,,,,,,,,,,289.0,,290.15,,290.7,,,,292.55,,292.4,,,,,,,,,,,,,,,,
2016-09-12,,,,,,,,,,,,,,,,,,,,,,288.2,,289.2,,289.0,,290.6,,291.4,,292.7,,,,,,,,,,,,,,,,
2016-09-13,,,,,,,,,,,,,,,,,,,,,,,286.0,288.1,,289.65,,290.25,,290.75,,292.1,,,,,,,,,,,,,,,,
2016-09-14,,,,,,,,,,,,,,,,,,,,,,285.5,,287.1,,287.55,,288.95,,289.5,,290.0,,,,,,,,,,,,,,,,
2016-09-19,,,,,,,,,,,,,,,,,,,,,,284.7,,284.85,,286.3,,,,287.05,,289.8,,,,,,,,,,,,,,,,
2016-09-20,,,,,,,,,,,,,,,,,,,,,,284.7,,284.9,,286.55,,287.15,,287.2,,289.55,,,,,,,,,,,,,,,,
2016-09-21,,,,,,,,,,,,,,,,,,,,,,285.7,286.0,285.75,,287.25,,287.75,,288.3,,289.75,,,,,,,,,,,,,,,,
2016-09-22,,,,,,,,,,,,,,,,,,,,,,287.2,288.6,288.25,,289.35,,289.75,,290.2,,292.1,,,,,,,,,,,,,,,,
2016-09-23,,,,,,,,,,,,,,,,,,,,,,287.85,289.85,289.7,,290.45,,290.6,,291.7,,292.9,,,,,,,,,,,,,,,,
2016-09-26,,,,,,,,,,,,,,,,,,,,,,289.3,,288.9,,289.95,,290.65,,291.05,,291.95,,,,,,,,,,,,,,,,
2016-09-27,,,,,,,,,,,,,,,,,,,,,,288.6,,289.3,,290.65,,,,291.65,,292.75,,,,,,,,,,,,,,,,
2016-09-28,,,,,,,,,,,,,,,,,,,,,,289.4,,287.5,,287.85,,,,290.05,,290.5,,,,,,,,,,,,,,,,
2016-09-29,,,,,,,,,,,,,,,,,,,,,,293.2,288.55,285.95,,287.9,,287.75,,288.2,,289.95,,289.7,,,,,,,,,,,,,,
2016-09-30,,,,,,,,,,,,,,,,,,,,,,292.5,,285.55,,287.75,,287.1,,287.8,,288.5,,,,,,,,,,,,,,,,
2016-10-10,,,,,,,,,,,,,,,,,,,,,,,274.1,274.2,,276.1,,275.85,,276.4,,285.75,,,,,,,,,,,,,,,,
2016-10-11,,,,,,,,,,,,,,,,,,,,,,278.0,273.2,274.1,,275.15,,276.25,,276.45,,278.0,,,,,,,,,,,,,,,,
2016-10-12,,,,,,,,,,,,,,,,,,,,,,278.0,274.25,274.05,,275.25,,275.5,,276.45,,278.0,,,,,,,,,,,,,,,,
2016-10-13,,,,,,,,,,,,,,,,,,,,,,268.0,273.85,274.7,,276.7,,,,276.9,,278.75,,,,,,,,,,,,,,,,
2016-10-14,,,,,,,,,,,,,,,,,,,,,,,274.3,274.9,,276.25,,,,277.1,,277.35,,,,,,,,,,,,,,,,
2016-10-17,,,,,,,,,,,,,,,,,,,,,,,274.6,274.25,,275.95,,276.4,,276.55,,278.7,,,,,,,,,,,,,,,,
2016-10-18,,,,,,,,,,,,,,,,,,,,,,,275.3,275.4,,276.7,,,,277.8,,279.9,,,,,,,,,,,,,,,,
2016-10-19,,,,,,,,,,,,,,,,,,,,,,,,275.75,277.9,277.6,,,,278.2,,281.3,,280.8,,,,,,,,,,,,,,
2016-10-20,,,,,,,,,,,,,,,,,,,,,,,282.3,277.7,280.95,279.6,,279.4,,280.1,,281.9,,,,,,,,,,,,,,,,
2016-10-21,,,,,,,,,,,,,,,,,,,,,,,283.05,277.95,,279.8,,280.0,,280.3,,282.35,,282.55,,,,,,,,,,,,,,
2016-10-24,,,,,,,,,,,,,,,,,,,,,,,282.5,277.4,280.3,279.5,,278.8,,279.85,,281.55,,,,,,,,,,,,,,,,
2016-10-25,,,,,,,,,,,,,,,,,,,,,,,282.4,278.8,280.7,280.35,,279.1,,281.85,,,,,,,,,,,,,,,,,,
2016-10-26,,,,,,,,,,,,,,,,,,,,,,,275.3,279.9,282.35,281.7,,281.4,,282.35,,284.25,,284.7,,,,,,,,,,,,,,
2016-10-27,,,,,,,,,,,,,,,,,,,,,,,285.2,279.1,280.5,281.4,,280.2,,281.5,,282.85,,,,,,,,,,,,,,,,
2016-10-28,,,,,,,,,,,,,,,,,,,,,,,278.0,279.45,281.65,280.75,,280.65,,281.4,,,,283.8,,,,,,,,,,,,,,
2016-10-31,,,,,,,,,,,,,,,,,,,,,,,279.0,281.35,282.75,282.0,,282.25,,283.75,,284.65,,285.0,,,,,,,,,,,,,,
2016-11-01,,,,,,,,,,,,,,,,,,,,,,,,280.75,283.4,282.8,,282.45,,283.6,,286.0,,285.65,,,,,,,,,,,,,,
2016-11-02,,,,,,,,,,,,,,,,,,,,,,,,283.1,285.55,285.05,,285.0,,285.95,,288.0,,288.1,,,,,,,,,,,,,,
2016-11-03,,,,,,,,,,,,,,,,,,,,,,,,285.0,287.1,287.0,,286.65,,287.75,,289.9,,288.8,,,,,,,,,,,,,,
2016-11-04,,,,,,,,,,,,,,,,,,,,,,,,284.55,285.45,286.6,,285.85,,287.25,,289.7,,288.0,,,,,,,,,,,,,,
2016-11-07,,,,,,,,,,,,,,,,,,,,,,,,284.75,286.65,286.75,,284.45,,287.3,,,,290.0,,,,,,,,,,,,,,
2016-11-08,,,,,,,,,,,,,,,,,,,,,,,,281.8,283.0,283.7,,284.4,,284.55,,286.0,,287.2,,,,,,,,,,,,,,
2016-11-09,,,,,,,,,,,,,,,,,,,,,,,279.85,289.95,295.0,291.9,,292.4,,293.0,,294.4,,296.45,,,,,,,,,,,,,,
2016-11-10,,,,,,,,,,,,,,,,,,,,,,,,286.5,288.75,288.1,,288.6,,289.6,,290.7,,292.0,,,,,,,,,,,,,,
2016-11-11,,,,,,,,,,,,,,,,,,,,,,,,283.1,284.55,283.8,,284.85,,286.0,,286.55,,289.0,,,,,,,,,,,,,,
2016-11-14,,,,,,,,,,,,,,,,,,,,,,,,278.6,294.85,279.75,,280.5,,282.0,,283.1,,284.6,,,,,,,,,,,,,,
2016-11-15,,,,,,,,,,,,,,,,,,,,,,,,272.95,275.95,275.25,,276.75,,276.45,,278.0,,278.55,,,,,,,,,,,,,,
2016-11-16,,,,,,,,,,,,,,,,,,,,,,,,274.4,276.15,276.65,,277.25,,277.65,,278.95,,280.7,,280.55,,,,,,,,,,,,
2016-11-17,,,,,,,,,,,,,,,,,,,,,,,,274.2,275.9,,,277.0,,277.5,,278.65,,279.75,,280.2,,,,,,,,,,,,
2016-11-18,,,,,,,,,,,,,,,,,,,,,,,,273.95,275.0,275.25,,275.3,,277.15,,277.55,,277.3,,279.05,,,,,,,,,,,,
2016-11-21,,,,,,,,,,,,,,,,,,,,,,,,272.55,274.55,272.15,,275.4,,275.6,,276.1,,277.85,,277.8,,,,,,,,,,,,
2016-11-22,,,,,,,,,,,,,,,,,,,,,,,,273.85,276.65,275.6,,277.0,,276.95,,277.8,,,,,,,,,,,,,,,,
2016-11-23,,,,,,,,,,,,,,,,,,,,,,,,273.85,276.1,275.05,,276.3,,276.95,,277.75,,,,279.8,,,,,,,,,,,,
2016-11-24,,,,,,,,,,,,,,,,,,,,,,,,272.95,275.05,274.3,,274.3,,276.0,,275.4,,276.85,,276.65,,,,,,,,,,,,
2016-11-25,,,,,,,,,,,,,,,,,,,,,,,,270.5,272.45,271.95,,273.55,,273.65,,274.35,,273.3,,276.7,,,,,,,,,,,,
2016-11-28,,,,,,,,,,,,,,,,,,,,,,,,272.35,274.7,273.5,,275.15,,275.3,,276.25,,277.45,,277.4,,,,,,,,,,,,
2016-11-29,,,,,,,,,,,,,,,,,,,,,,,,271.8,273.6,272.9,,,,274.55,,274.75,,276.45,,276.9,,,,,,,,,,,,
2016-11-30,,,,,,,,,,,,,,,,,,,,,,,,269.8,271.25,271.25,,272.5,,272.3,,271.75,,274.9,,288.55,,,,,,,,,,,,
2016-12-01,,,,,,,,,,,,,,,,,,,,,,,,268.4,269.8,269.85,,269.8,,270.9,,270.5,,273.45,,273.8,,,,,,,,,,,,
2016-12-02,,,,,,,,,,,,,,,,,,,,,,,,266.2,268.7,268.0,,269.65,,269.4,,269.65,,270.5,,272.45,,,,,,,,,,,,
2016-12-05,,,,,,,,,,,,,,,,,,,,,,,,267.45,269.35,268.9,,270.45,,270.9,,271.2,,273.1,,274.0,,,,,,,,,,,,
2016-12-06,,,,,,,,,,,,,,,,,,,,,,,,266.75,267.8,267.35,,269.55,,269.5,,270.75,,270.9,,272.6,,,,,,,,,,,,
2016-12-07,,,,,,,,,,,,,,,,,,,,,,,,265.5,266.7,267.65,,267.95,,268.65,,,,270.8,,271.7,,,,,,,,,,,,
2016-12-08,,,,,,,,,,,,,,,,,,,,,,,,267.65,270.1,269.95,,270.45,,270.95,,271.25,,273.05,,273.95,,,,,,,,,,,,
2016-12-09,,,,,,,,,,,,,,,,,,,,,,,,267.0,268.5,268.9,,269.6,,270.2,,270.85,,273.0,,273.15,,,,,,,,,,,,
2016-12-12,,,,,,,,,,,,,,,,,,,,,,,,266.9,267.0,268.05,,267.95,,269.35,,269.8,,,,271.95,,,,,,,,,,,,
2016-12-13,,,,,,,,,,,,,,,,,,,,,,,,265.0,267.0,267.85,,269.2,,269.35,,269.85,,,,272.0,,,,,,,,,,,,
2016-12-14,,,,,,,,,,,,,,,,,,,,,,,,264.5,267.3,269.0,,268.6,,269.9,,270.75,,272.95,,274.1,,,,,,,,,,,,
2016-12-15,,,,,,,,,,,,,,,,,,,,,,,,,267.45,268.9,,269.6,,270.6,,271.4,,274.0,,276.0,,,,,,,,,,,,
2016-12-16,,,,,,,,,,,,,,,,,,,,,,,,,266.4,264.85,,265.15,,265.85,,266.75,,268.85,,270.95,,,,,,,,,,,,
2016-12-19,,,,,,,,,,,,,,,,,,,,,,,,,264.15,265.05,269.15,266.15,,266.95,,267.25,,270.25,,272.8,,,,,,,,,,,,
2016-12-20,,,,,,,,,,,,,,,,,,,,,,,,,264.0,265.55,,265.75,,266.9,,267.55,,269.9,,270.8,,,,,,,,,,,,
2016-12-21,,,,,,,,,,,,,,,,,,,,,,,,,262.45,263.55,,264.1,,265.45,,265.6,,266.65,,269.45,,,,,,,,,,,,
2016-12-22,,,,,,,,,,,,,,,,,,,,,,,,,260.85,,,263.25,,264.85,,263.75,,,,268.8,,,,,,,,,,,,
2016-12-23,,,,,,,,,,,,,,,,,,,,,,,,,261.1,262.25,,263.0,,264.3,,264.9,,267.2,,268.05,,,,,,,,,,,,
2016-12-26,,,,,,,,,,,,,,,,,,,,,,,,,260.45,261.95,,263.8,,265.1,,264.95,,267.25,,269.0,,,,,,,,,,,,
2016-12-27,,,,,,,,,,,,,,,,,,,,,,,,,261.65,263.95,,,,266.1,,266.25,,269.1,,270.0,,,,,,,,,,,,
2016-12-28,,,,,,,,,,,,,,,,,,,,,,,,,262.8,264.9,266.55,266.3,,267.85,,267.4,,270.45,,271.8,,,,,,,,,,,,
2016-12-29,,,,,,,,,,,,,,,,,,,,,,,,,263.9,266.1,267.05,267.75,,269.15,,268.95,,271.75,,273.05,,,,,,,,,,,,
2016-12-30,,,,,,,,,,,,,,,,,,,,,,,,,265.4,267.5,269.95,269.95,,272.15,,272.75,,274.55,,276.25,,,,,,,,,,,,
2017-01-03,,,,,,,,,,,,,,,,,,,,,,,,,263.8,265.15,268.3,269.25,,271.15,,,,273.9,,274.95,,,,,,,,,,,,
2017-01-04,,,,,,,,,,,,,,,,,,,,,,,,,262.9,265.25,267.6,268.5,,271.25,,269.75,,273.4,,274.7,,,,,,,,,,,,
2017-01-05,,,,,,,,,,,,,,,,,,,,,,,,,264.0,265.45,,267.45,,270.6,,,,271.0,,273.15,,,,,,,,,,,,
2017-01-06,,,,,,,,,,,,,,,,,,,,,,,,,,265.7,,267.3,,269.85,,270.6,,271.75,,272.4,,,,,,,,,,,,
2017-01-09,,,,,,,,,,,,,,,,,,,,,,,,,262.0,265.65,,267.4,,270.4,,270.55,,271.85,,272.8,,,,,,,,,,,,
2017-01-10,,,,,,,,,,,,,,,,,,,,,,,,,267.0,267.85,,269.25,,272.1,,,,273.75,,274.75,,,,,,,,,,,,
2017-01-11,,,,,,,,,,,,,,,,,,,,,,,,,267.55,268.15,,269.55,,272.4,,272.0,,273.95,,275.0,,,,,,,,,,,,
2017-01-12,,,,,,,,,,,,,,,,,,,,,,,,,,268.9,,269.85,,272.55,,273.0,,273.85,,275.3,,,,,,,,,,,,
2017-01-13,,,,,,,,,,,,,,,,,,,,,,,,,269.0,268.35,268.5,268.6,,272.5,,272.25,,274.2,,275.15,,,,,,,,,,,,
2017-01-16,,,,,,,,,,,,,,,,,,,,,,,,,,270.35,270.5,270.85,,273.45,,274.3,,275.1,,276.6,,,,,,,,,,,,
2017-01-17,,,,,,,,,,,,,,,,,,,,,,,,,,271.95,,272.4,,274.9,,275.15,,274.95,,277.8,,275.9,,,,,,,,,,
2017-01-18,,,,,,,,,,,,,,,,,,,,,,,,,,271.0,,272.1,,274.95,,274.75,,,,277.9,,278.1,,,,,,,,,,
2017-01-19,,,,,,,,,,,,,,,,,,,,,,,,,,268.45,269.35,269.6,,273.6,,274.1,,275.3,,276.2,,,,,,,,,,,,
2017-01-20,,,,,,,,,,,,,,,,,,,,,,,,,,269.4,272.1,269.1,,271.75,,273.8,,273.9,,275.15,,,,,,,,,,,,
2017-01-23,,,,,,,,,,,,,,,,,,,,,,,,,,270.5,270.75,271.6,,273.7,,274.2,,275.5,,278.05,,276.75,,,,,,,,,,
2017-01-24,,,,,,,,,,,,,,,,,,,,,,,,,,270.2,,271.2,,273.3,,274.2,,275.6,,276.3,,,,,,,,,,,,
2017-01-25,,,,,,,,,,,,,,,,,,,,,,,,,,269.25,,270.7,,272.8,,273.7,,274.65,,275.85,,274.9,,,,,,,,,,
2017-01-26,,,,,,,,,,,,,,,,,,,,,,,,,,265.2,268.1,268.25,,270.05,,269.75,,270.7,,273.5,,,,,,,,,,,,
2017-02-03,,,,,,,,,,,,,,,,,,,,,,,,,,,,270.0,,271.95,,,,,,275.15,,,,,,,,,,,,
2017-02-06,,,,,,,,,,,,,,,,,,,,,,,,,,,,272.45,,274.4,,273.7,,277.05,,277.5,,,,,,,,,,,,
2017-02-07,,,,,,,,,,,,,,,,,,,,,,,,,,273.0,275.85,274.95,,276.7,,277.2,,278.25,,279.8,,,,,,,,,,,,
2017-02-08,,,,,,,,,,,,,,,,,,,,,,,,,,,,275.0,,277.25,,277.05,,,,280.4,,,,,,,,,,,,
2017-02-09,,,,,,,,,,,,,,,,,,,,,,,,,,,,276.45,,279.2,,280.3,,281.05,,282.3,,275.95,,,,,,,,,,
2017-02-10,,,,,,,,,,,,,,,,,,,,,,,,,,,270.7,276.8,,278.85,,279.5,,277.8,,282.0,,278.35,,,,,,,,,,
2017-02-13,,,,,,,,,,,,,,,,,,,,,,,,,,,,275.35,,277.3,,278.3,,279.0,,280.45,,281.25,,,,,,,,,,
2017-02-14,,,,,,,,,,,,,,,,,,,,,,,,,,,,273.35,,276.2,,277.65,,278.65,,279.65,,,,,,,,,,,,
2017-02-15,,,,,,,,,,,,,,,,,,,,,,,,,,269.3,,273.35,,276.7,,,,278.4,,280.25,,279.65,,,,,,,,,,
2017-02-16,,,,,,,,,,,,,,,,,,,,,,,,,,,,275.05,279.45,277.15,,278.75,,279.4,,280.7,,,,,,,,,,,,
2017-02-17,,,,,,,,,,,,,,,,,,,,,,,,,,,,275.2,278.15,277.9,,279.15,,280.0,,281.4,,281.0,,,,,,,,,,
2017-02-20,,,,,,,,,,,,,,,,,,,,,,,,,,,275.3,276.25,277.9,278.6,,278.45,,280.8,,282.0,,,,,,,,,,,,
2017-02-21,,,,,,,,,,,,,,,,,,,,,,,,,,,271.0,276.3,277.25,277.65,,,,279.6,,281.3,,281.25,,,,,,,,,,
2017-02-22,,,,,,,,,,,,,,,,,,,,,,,,,,,,,276.75,278.15,,277.85,,279.65,,281.7,,,,,,,,,,,,
2017-02-23,,,,,,,,,,,,,,,,,,,,,,,,,,,,276.4,,278.15,,279.1,,280.1,,281.7,,282.65,,,,,,,,,,
2017-02-24,,,,,,,,,,,,,,,,,,,,,,,,,,,279.6,279.15,280.5,281.7,,282.4,,283.35,,285.05,,285.2,,,,,,,,,,
2017-02-27,,,,,,,,,,,,,,,,,,,,,,,,,,,,280.25,281.75,282.45,,284.2,,284.35,,285.8,,286.9,,,,,,,,,,
2017-02-28,,,,,,,,,,,,,,,,,,,,,,,,,,,,279.85,281.9,283.35,,284.9,,284.85,,286.65,,,,,,,,,,,,
2017-03-01,,,,,,,,,,,,,,,,,,,,,,,,,,,,279.5,281.0,281.95,,283.65,,284.45,,285.15,,284.6,,,,,,,,,,
2017-03-02,,,,,,,,,,,,,,,,,,,,,,,,,,,,277.95,,280.4,,,,,,283.25,,,,,,,,,,,,
2017-03-03,,,,,,,,,,,,,,,,,,,,,,,,,,,,277.2,278.35,279.25,,280.5,,280.8,,282.4,,283.45,,,,,,,,,,
2017-03-06,,,,,,,,,,,,,,,,,,,,,,,,,,,,275.85,277.2,278.55,,279.7,,280.15,,281.95,,,,,,,,,,,,
2017-03-07,,,,,,,,,,,,,,,,,,,,,,,,,,,,275.8,275.5,277.9,,278.3,,280.2,,280.8,,281.45,,,,,,,,,,
2017-03-08,,,,,,,,,,,,,,,,,,,,,,,,,,,,274.4,275.0,276.0,,,,278.0,,278.95,,280.1,,,,,,,,,,
2017-03-09,,,,,,,,,,,,,,,,,,,,,,,,,,,,,273.95,274.7,,,,276.9,,277.65,,277.95,,,,,,,,,,
2017-03-10,,,,,,,,,,,,,,,,,,,,,,,,,,,,270.05,272.8,273.85,,273.3,,275.1,,277.0,,,,,,,,,,,,
2017-03-13,,,,,,,,,,,,,,,,,,,,,,,,,,,,272.1,272.4,273.65,,275.45,,276.3,,276.8,,,,,,,,,,,,
2017-03-14,,,,,,,,,,,,,,,,,,,,,,,,,,,,271.35,273.6,273.1,,,,,,276.4,,,,,,,,,,,,
2017-03-15,,,,,,,,,,,,,,,,,,,,,,,,,,,,271.15,273.5,273.25,,,,275.1,,276.55,,277.6,,,,,,,,,,
2017-03-16,,,,,,,,,,,,,,,,,,,,,,,,,,,,,277.75,277.3,,279.25,,279.15,,280.25,,,,280.95,,,,,,,,
2017-03-17,,,,,,,,,,,,,,,,,,,,,,,,,,,,275.35,278.25,278.25,,280.1,,279.25,,281.2,,282.5,,282.0,,,,,,,,
2017-03-20,,,,,,,,,,,,,,,,,,,,,,,,,,,,276.05,277.45,278.55,,280.95,,280.3,,281.65,,283.8,,,,,,,,,,
2017-03-21,,,,,,,,,,,,,,,,,,,,,,,,,,,,276.55,,278.75,,,,,,281.75,,282.45,,,,,,,,,,
2017-03-22,,,,,,,,,,,,,,,,,,,,,,,,,,,,278.3,280.85,280.35,,282.45,,282.6,,283.2,,,,,,,,,,,,
2017-03-23,,,,,,,,,,,,,,,,,,,,,,,,,,,,277.7,,280.2,,282.15,,282.55,,283.05,,,,,,,,,,,,
2017-03-24,,,,,,,,,,,,,,,,,,,,,,,,,,,,277.35,,280.7,,281.0,,281.3,,283.6,,285.0,,,,,,,,,,
2017-03-27,,,,,,,,,,,,,,,,,,,,,,,,,,,,277.45,283.0,282.25,,283.25,,,,285.2,,285.65,,286.05,,,,,,,,
2017-03-28,,,,,,,,,,,,,,,,,,,,,,,,,,,,280.8,281.5,282.35,,,,,,285.35,,286.4,,288.15,,,,,,,,
2017-03-29,,,,,,,,,,,,,,,,,,,,,,,,,,,,281.45,281.4,282.15,,283.55,,,,285.15,,285.3,,,,,,,,,,
2017-03-30,,,,,,,,,,,,,,,,,,,,,,,,,,,,280.8,280.85,281.2,,,,,,284.15,,,,,,,,,,,,
2017-03-31,,,,,,,,,,,,,,,,,,,,,,,,,,,,279.15,280.9,280.35,,281.0,,281.0,,283.3,,,,284.05,,,,,,,,
2017-04-05,,,,,,,,,,,,,,,,,,,,,,,,,,,,,,281.75,,282.9,,,,284.85,,,,287.8,,,,,,,,
2017-04-06,,,,,,,,,,,,,,,,,,,,,,,,,,,,279.15,281.6,281.7,,,,282.4,,284.6,,285.8,,,,,,,,,,
2017-04-07,,,,,,,,,,,,,,,,,,,,,,,,,,,,,284.65,285.45,,286.35,,287.8,,288.75,,285.6,,291.1,,,,,,,,
2017-04-10,,,,,,,,,,,,,,,,,,,,,,,,,,,,,281.7,285.05,,285.0,,286.85,,288.25,,289.55,,288.3,,,,,,,,
2017-04-11,,,,,,,,,,,,,,,,,,,,,,,,,,,,,282.5,282.95,,,,285.0,,286.05,,,,,,,,,,,,
2017-04-12,,,,,,,,,,,,,,,,,,,,,,,,,,,,,286.65,287.1,,288.35,,287.85,,290.1,,291.25,,292.85,,,,,,,,
2017-04-13,,,,,,,,,,,,,,,,,,,,,,,,,,,,,,288.0,,289.3,,289.8,,291.0,,292.8,,292.95,,,,,,,,
2017-04-14,,,,,,,,,,,,,,,,,,,,,,,,,,,,,287.15,288.05,,289.45,,289.95,,290.85,,293.25,,293.8,,,,,,,,
2017-04-17,,,,,,,,,,,,,,,,,,,,,,,,,,,,,289.6,290.05,,289.75,,290.6,,292.2,,293.65,,294.05,,,,,,,,
2017-04-18,,,,,,,,,,,,,,,,,,,,,,,,,,,,,287.25,287.9,,288.0,,289.3,,290.35,,292.15,,291.8,,,,,,,,
2017-04-19,,,,,,,,,,,,,,,,,,,,,,,,,,,,,286.9,287.7,,288.6,,289.8,,290.1,,291.2,,291.85,,,,,,,,
2017-04-20,,,,,,,,,,,,,,,,,,,,,,,,,,,,,286.35,286.75,,287.75,,288.05,,289.3,,290.45,,291.0,,,,,,,,
2017-04-21,,,,,,,,,,,,,,,,,,,,,,,,,,,,,285.15,286.35,,287.85,,287.7,,288.5,,290.15,,290.25,,,,,,,,
2017-04-24,,,,,,,,,,,,,,,,,,,,,,,,,,,,,286.0,287.95,287.7,288.7,,288.85,,290.0,,291.55,,290.7,,,,,,,,
2017-04-25,,,,,,,,,,,,,,,,,,,,,,,,,,,,,,284.4,285.6,286.0,,286.35,,286.85,,,,288.85,,,,,,,,
2017-04-26,,,,,,,,,,,,,,,,,,,,,,,,,,,,,287.3,283.55,284.75,284.65,,284.5,,285.95,,287.5,,287.75,,,,,,,,
2017-04-27,,,,,,,,,,,,,,,,,,,,,,,,,,,,,,283.55,283.95,284.25,,285.1,,286.15,,287.45,,287.8,,,,,,,,
2017-04-28,,,,,,,,,,,,,,,,,,,,,,,,,,,,,288.2,283.25,283.9,284.9,,285.45,,286.25,,287.8,,288.35,,,,,,,,
2017-05-02,,,,,,,,,,,,,,,,,,,,,,,,,,,,,,281.45,283.1,283.0,,283.45,,284.4,,286.45,,286.25,,,,,,,,
2017-05-03,,,,,,,,,,,,,,,,,,,,,,,,,,,,,,280.7,,281.9,,282.85,,283.7,,285.2,,286.3,,,,,,,,
2017-05-04,,,,,,,,,,,,,,,,,,,,,,,,,,,,,,280.2,,280.7,,282.0,,283.25,,284.45,,285.4,,,,,,,,
2017-05-05,,,,,,,,,,,,,,,,,,,,,,,,,,,,,,276.55,280.8,277.8,,278.75,,280.0,,280.2,,282.05,,,,,,,,
2017-05-08,,,,,,,,,,,,,,,,,,,,,,,,,,,,,,276.1,,277.4,,278.2,,279.35,,280.35,,281.55,,,,,,,,
2017-05-09,,,,,,,,,,,,,,,,,,,,,,,,,,,,,,276.3,,,,,,279.4,,,,282.0,,,,,,,,
2017-05-10,,,,,,,,,,,,,,,,,,,,,,,,,,,,,,274.5,,275.2,,276.65,,277.4,,278.65,,280.15,,,,,,,,
2017-05-11,,,,,,,,,,,,,,,,,,,,,,,,,,,,,,274.6,,275.85,,,,277.55,,279.05,,,,,,,,,,
2017-05-12,,,,,,,,,,,,,,,,,,,,,,,,,,,,,,275.5,,277.05,,,,278.5,,,,281.1,,,,,,,,
2017-05-15,,,,,,,,,,,,,,,,,,,,,,,,,,,,,,276.45,278.25,276.75,,278.3,,279.55,,280.55,,,,,,,,,,
2017-05-16,,,,,,,,,,,,,,,,,,,,,,,,,,,,,,277.45,279.8,278.7,,,,280.65,,,,282.85,,283.55,,,,,,
2017-05-17,,,,,,,,,,,,,,,,,,,,,,,,,,,,,,278.3,280.15,280.0,,280.25,,281.3,,282.5,,283.15,,285.3,,,,,,
2017-05-18,,,,,,,,,,,,,,,,,,,,,,,,,,,,,,281.8,283.45,281.5,,283.85,,284.75,,286.25,,286.65,,287.1,,,,,,
2017-05-19,,,,,,,,,,,,,,,,,,,,,,,,,,,,,,281.3,,281.3,,281.6,,284.2,,285.15,,286.85,,286.7,,,,,,
2017-05-22,,,,,,,,,,,,,,,,,,,,,,,,,,,,,,280.75,,281.55,,282.6,,283.6,,284.75,,285.5,,287.5,,,,,,
2017-05-23,,,,,,,,,,,,,,,,,,,,,,,,,,,,,,282.1,282.3,284.3,,284.65,,285.2,,286.7,,287.1,,287.95,,,,,,
2017-05-24,,,,,,,,,,,,,,,,,,,,,,,,,,,,,,282.15,282.85,284.35,,283.9,,285.1,,286.75,,286.65,,287.4,,,,,,
2017-05-25,,,,,,,,,,,,,,,,,,,,,,,,,,,,,,280.85,282.5,,,282.35,,283.8,,285.55,,286.7,,286.55,,,,,,
2017-05-26,,,,,,,,,,,,,,,,,,,,,,,,,,,,,,280.45,,282.5,,,,283.5,,,,,,285.8,,,,,,
2017-05-31,,,,,,,,,,,,,,,,,,,,,,,,,,,,,,280.3,,,,,,283.3,,283.85,,,,285.9,,,,,,
2017-06-01,,,,,,,,,,,,,,,,,,,,,,,,,,,,,,279.75,281.0,,,,,283.15,,284.7,,285.15,,285.3,,,,,,
2017-06-02,,,,,,,,,,,,,,,,,,,,,,,,,,,,,,278.95,,,,280.2,,282.2,,282.9,,,,284.55,,,,,,
2017-06-05,,,,,,,,,,,,,,,,,,,,,,,,,,,,,,281.85,,,,283.1,,285.2,,286.2,,287.45,,287.8,,,,,,
2017-06-06,,,,,,,,,,,,,,,,,,,,,,,,,,,,,,283.7,,285.55,,,,286.5,,287.75,,,,289.25,,,,,,
2017-06-07,,,,,,,,,,,,,,,,,,,,,,,,,,,,,,284.1,,286.65,,285.3,,287.2,,288.75,,289.7,,290.0,,,,,,
2017-06-08,,,,,,,,,,,,,,,,,,,,,,,,,,,,,,283.9,285.95,285.4,,284.0,,286.9,,287.95,,288.85,,289.5,,,,,,
2017-06-09,,,,,,,,,,,,,,,,,,,,,,,,,,,,,,281.3,285.7,284.3,,283.2,,285.4,,286.75,,286.55,,288.25,,,,,,
2017-06-12,,,,,,,,,,,,,,,,,,,,,,,,,,,,,,279.75,,280.8,,280.6,,281.9,,283.05,,284.0,,284.8,,,,,,
2017-06-13,,,,,,,,,,,,,,,,,,,,,,,,,,,,,,280.8,279.85,281.6,,,,281.6,,282.5,,,,284.5,,,,,,
2017-06-14,,,,,,,,,,,,,,,,,,,,,,,,,,,,,,281.8,280.0,281.45,,,,282.4,,282.1,,,,285.5,,,,,,
2017-06-15,,,,,,,,,,,,,,,,,,,,,,,,,,,,,,292.0,,283.7,,282.35,,284.65,,285.85,,286.55,,287.4,,,,,,
2017-06-16,,,,,,,,,,,,,,,,,,,,,,,,,,,,,,,,290.0,,,,279.8,,280.05,,,,283.05,,,,,,
2017-06-19,,,,,,,,,,,,,,,,,,,,,,,,,,,,,,,278.35,279.0,279.85,278.3,,279.8,,280.75,,281.75,,282.85,,,,,,
2017-06-20,,,,,,,,,,,,,,,,,,,,,,,,,,,,,,,,279.8,,277.5,,278.9,,280.2,,,,281.5,,,,,,
2017-06-21,,,,,,,,,,,,,,,,,,,,,,,,,,,,,,,,278.0,,277.6,,278.5,,,,,,281.05,,,,,,
2017-06-22,,,,,,,,,,,,,,,,,,,,,,,,,,,,,,,,280.3,280.3,,,280.3,,281.8,,,,282.85,,,,,,
2017-06-23,,,,,,,,,,,,,,,,,,,,,,,,,,,,,,,,,,,,280.55,,,,,,283.2,,,,,,
2017-06-26,,,,,,,,,,,,,,,,,,,,,,,,,,,,,,,280.1,280.05,,279.65,,281.55,,,,,,283.7,,,,,,
2017-06-27,,,,,,,,,,,,,,,,,,,,,,,,,,,,,,,280.1,279.85,,277.8,,279.45,,280.5,,,,282.05,,,,,,
2017-06-28,,,,,,,,,,,,,,,,,,,,,,,,,,,,,,,,278.15,279.15,278.15,,279.3,,280.35,,281.45,,282.0,,,,,,
2017-06-29,,,,,,,,,,,,,,,,,,,,,,,,,,,,,,,,,,278.2,,279.15,,280.25,,281.15,,281.9,,,,,,
2017-06-30,,,,,,,,,,,,,,,,,,,,,,,,,,,,,,,,275.85,275.0,276.5,,277.35,,,,,,280.3,,,,,,
2017-07-03,,,,,,,,,,,,,,,,,,,,,,,,,,,,,,,,273.8,275.05,275.1,,276.3,,,,278.85,,279.0,,,,,,
2017-07-04,,,,,,,,,,,,,,,,,,,,,,,,,,,,,,,,272.05,272.3,273.6,,273.35,,275.05,,275.05,,276.85,,,,,,
2017-07-05,,,,,,,,,,,,,,,,,,,,,,,,,,,,,,,,270.65,272.75,272.8,,273.3,,275.45,,275.75,,276.1,,,,,,
2017-07-06,,,,,,,,,,,,,,,,,,,,,,,,,,,,,,,,,,271.5,,273.2,,274.65,,275.4,,275.85,,,,,,
2017-07-07,,,,,,,,,,,,,,,,,,,,,,,,,,,,,,,,271.8,272.15,271.8,,273.25,,274.05,,275.75,,275.85,,,,,,
2017-07-10,,,,,,,,,,,,,,,,,,,,,,,,,,,,,,,,,268.45,270.95,,272.35,,270.65,,272.05,,274.9,,,,,,
2017-07-11,,,,,,,,,,,,,,,,,,,,,,,,,,,,,,,,268.3,,270.45,,270.7,,271.65,,272.95,,273.4,,,,,,
2017-07-12,,,,,,,,,,,,,,,,,,,,,,,,,,,,,,,,,271.2,270.4,,271.65,,,,,,274.35,,,,,,
2017-07-13,,,,,,,,,,,,,,,,,,,,,,,,,,,,,,,,270.55,271.65,271.7,,272.45,,273.25,,,,275.3,,,,,,
2017-07-14,,,,,,,,,,,,,,,,,,,,,,,,,,,,,,,,269.8,270.7,,,271.5,,272.5,,273.5,,274.2,,,,,,
2017-07-17,,,,,,,,,,,,,,,,,,,,,,,,,,,,,,,,271.45,272.95,272.55,,273.45,,274.4,,275.5,,276.0,,,,,,
2017-07-18,,,,,,,,,,,,,,,,,,,,,,,,,,,,,,,,273.95,,273.8,,274.4,,275.05,,,,277.0,,278.75,,,,
2017-07-19,,,,,,,,,,,,,,,,,,,,,,,,,,,,,,,,272.85,,,,274.75,,275.6,,,,277.15,,,,,,
2017-07-20,,,,,,,,,,,,,,,,,,,,,,,,,,,,,,,,,272.45,273.95,,274.75,,274.8,,,,277.35,,,,,,
2017-07-21,,,,,,,,,,,,,,,,,,,,,,,,,,,,,,,,272.2,,275.1,,275.85,,277.05,,278.25,,278.65,,,,,,
2017-07-24,,,,,,,,,,,,,,,,,,,,,,,,,,,,,,,,274.5,277.85,276.4,,277.45,,277.55,,,,280.95,,,,,,
2017-07-25,,,,,,,,,,,,,,,,,,,,,,,,,,,,,,,,273.9,,276.35,,277.4,,277.5,,279.45,,280.1,,,,,,
2017-07-26,,,,,,,,,,,,,,,,,,,,,,,,,,,,,,,,273.2,276.25,275.6,,276.5,,277.45,,278.4,,279.4,,282.6,,,,
2017-07-27,,,,,,,,,,,,,,,,,,,,,,,,,,,,,,,,275.3,274.3,277.55,,278.05,,278.55,,280.75,,280.95,,,,,,
2017-07-28,,,,,,,,,,,,,,,,,,,,,,,,,,,,,,,,273.3,,,,277.95,,278.4,,279.95,,280.65,,,,,,
2017-07-31,,,,,,,,,,,,,,,,,,,,,,,,,,,,,,,,278.4,,277.25,,278.95,,282.8,,,,281.7,,,,,,
2017-08-01,,,,,,,,,,,,,,,,,,,,,,,,,,,,,,,,271.1,,,,278.5,,279.25,,,,281.25,,,,,,
2017-08-02,,,,,,,,,,,,,,,,,,,,,,,,,,,,,,,,,,278.35,,279.05,,279.55,,,,281.8,,,,,,
2017-08-03,,,,,,,,,,,,,,,,,,,,,,,,,,,,,,,,,,,,278.8,,278.35,,,,281.55,,,,,,
2017-08-04,,,,,,,,,,,,,,,,,,,,,,,,,,,,,,,,,,,,278.55,,278.45,,,,281.45,,,,,,
2017-08-07,,,,,,,,,,,,,,,,,,,,,,,,,,,,,,,,,,276.65,,277.25,,277.1,,278.9,,280.1,,,,,,
2017-08-08,,,,,,,,,,,,,,,,,,,,,,,,,,,,,,,,,,275.9,,276.5,,277.0,,,,279.35,,,,,,
2017-08-09,,,,,,,,,,,,,,,,,,,,,,,,,,,,,,,,,,275.85,,277.6,,277.0,,279.35,,280.0,,,,,,
2017-08-10,,,,,,,,,,,,,,,,,,,,,,,,,,,,,,,,284.35,,277.45,,278.8,,278.5,,280.95,,281.7,,,,,,
2017-08-11,,,,,,,,,,,,,,,,,,,,,,,,,,,,,,,,,,279.4,,280.3,,280.8,,282.5,,283.15,,,,,,
2017-08-14,,,,,,,,,,,,,,,,,,,,,,,,,,,,,,,,,,279.3,,280.3,,280.8,,283.65,,283.25,,284.2,,,,
2017-08-15,,,,,,,,,,,,,,,,,,,,,,,,,,,,,,,,,,278.85,,279.75,,280.25,,280.5,,282.6,,,,,,
2017-08-16,,,,,,,,,,,,,,,,,,,,,,,,,,,,,,,,,,277.25,,277.9,,,,280.35,,280.65,,,,,,
2017-08-17,,,,,,,,,,,,,,,,,,,,,,,,,,,,,,,,,277.9,279.85,,280.45,,281.25,,283.3,,283.45,,283.8,,,,
2017-08-18,,,,,,,,,,,,,,,,,,,,,,,,,,,,,,,,,,279.55,,280.5,,281.0,,,,283.5,,,,,,
2017-08-21,,,,,,,,,,,,,,,,,,,,,,,,,,,,,,,,,,279.15,281.85,282.6,,283.3,,282.65,,285.55,,284.2,,,,
2017-08-22,,,,,,,,,,,,,,,,,,,,,,,,,,,,,,,,,,280.2,279.85,280.95,,282.75,,,,284.0,,,,,,
2017-08-23,,,,,,,,,,,,,,,,,,,,,,,,,,,,,,,,,,278.55,279.5,280.4,,280.3,,282.2,,283.35,,,,,,
2017-08-24,,,,,,,,,,,,,,,,,,,,,,,,,,,,,,,,,,279.1,,279.9,,280.5,,282.6,,282.9,,,,,,
2017-08-25,,,,,,,,,,,,,,,,,,,,,,,,,,,,,,,,,,279.1,,279.75,,279.75,,,,282.8,,,,,,
2017-08-28,,,,,,,,,,,,,,,,,,,,,,,,,,,,,,,,,,279.1,278.85,280.9,,281.05,,,,283.9,,,,,,
2017-08-29,,,,,,,,,,,,,,,,,,,,,,,,,,,,,,,,,,282.35,286.25,283.8,,284.75,,286.0,,287.0,,284.1,,,,
2017-08-30,,,,,,,,,,,,,,,,,,,,,,,,,,,,,,,,,277.9,282.85,277.7,284.3,,284.9,,,,287.45,,285.0,,,,
2017-08-31,,,,,,,,,,,,,,,,,,,,,,,,,,,,,,,,,277.9,278.95,,281.3,,280.95,,,,284.5,,,,,,
2017-09-01,,,,,,,,,,,,,,,,,,,,,,,,,,,,,,,,,,278.55,,282.65,,282.85,,,,285.9,,,,,,
2017-09-04,,,,,,,,,,,,,,,,,,,,,,,,,,,,,,,,,,282.85,,285.0,,285.7,,,,288.0,,,,,,
2017-09-05,,,,,,,,,,,,,,,,,,,,,,,,,,,,,,,,,,281.6,,284.05,,284.4,,286.2,,287.35,,,,,,
2017-09-06,,,,,,,,,,,,,,,,,,,,,,,,,,,,,,,,,,,,284.45,,285.0,,286.55,,287.75,,,,,,
2017-09-07,,,,,,,,,,,,,,,,,,,,,,,,,,,,,,,,,,281.2,286.85,284.1,,284.5,,,,287.45,,,,,,
2017-09-08,,,,,,,,,,,,,,,,,,,,,,,,,,,,,,,,,,,,283.95,,284.75,,286.65,,287.3,,288.8,,,,
2017-09-11,,,,,,,,,,,,,,,,,,,,,,,,,,,,,,,,,,281.15,,283.85,,283.9,,286.05,,287.25,,,,,,
2017-09-12,,,,,,,,,,,,,,,,,,,,,,,,,,,,,,,,,,,284.4,282.75,,283.15,,,,286.15,,286.35,,,,
2017-09-13,,,,,,,,,,,,,,,,,,,,,,,,,,,,,,,,,,280.5,,282.05,,,,,,285.45,,,,,,
2017-09-14,,,,,,,,,,,,,,,,,,,,,,,,,,,,,,,,,,280.25,281.45,282.05,,283.45,,283.75,,285.5,,285.85,,,,
2017-09-15,,,,,,,,,,,,,,,,,,,,,,,,,,,,,,,,,,281.05,280.7,282.9,,,,,,286.4,,287.0,,,,
2017-09-18,,,,,,,,,,,,,,,,,,,,,,,,,,,,,,,,,,294.35,279.9,281.95,,282.55,,296.55,,285.4,,,,,,
2017-09-19,,,,,,,,,,,,,,,,,,,,,,,,,,,,,,,,,,278.6,,280.3,,280.8,,282.85,,283.85,,,284.3,,,
2017-09-20,,,,,,,,,,,,,,,,,,,,,,,,,,,,,,,,,,280.4,,280.35,,282.2,,283.4,,283.95,,285.3,,,,
2017-09-21,,,,,,,,,,,,,,,,,,,,,,,,,,,,,,,,,,276.3,,280.95,,281.45,,284.4,,284.5,,284.2,,,,
2017-09-22,,,,,,,,,,,,,,,,,,,,,,,,,,,,,,,,,,277.1,,278.0,,278.6,,280.25,,281.55,,282.45,,,,
2017-09-25,,,,,,,,,,,,,,,,,,,,,,,,,,,,,,,,,,275.95,,277.85,,278.35,,280.3,,281.35,,,,,,
2017-09-26,,,,,,,,,,,,,,,,,,,,,,,,,,,,,,,,,,281.3,,282.15,,282.1,,284.75,,285.65,,286.95,286.2,,,
2017-09-27,,,,,,,,,,,,,,,,,,,,,,,,,,,,,,,,,,279.85,,281.2,,282.0,,284.5,,284.6,,285.7,,,,
2017-09-28,,,,,,,,,,,,,,,,,,,,,,,,,,,,,,,,,,279.9,,278.95,,279.8,,280.9,,282.45,,283.65,282.5,,,
2017-09-29,,,,,,,,,,,,,,,,,,,,,,,,,,,,,,,,,,278.1,,279.05,,280.2,,,,282.65,,,,,,
2017-10-09,,,,,,,,,,,,,,,,,,,,,,,,,,,,,,,,,,,278.2,277.6,,278.9,,280.85,,280.95,,,,,,
2017-10-10,,,,,,,,,,,,,,,,,,,,,,,,,,,,,,,,,,,276.9,277.3,,278.25,,,,280.9,,,,,,
2017-10-11,,,,,,,,,,,,,,,,,,,,,,,,,,,,,,,,,,,276.6,277.3,,278.0,,280.0,,280.75,,281.2,,,,
2017-10-12,,,,,,,,,,,,,,,,,,,,,,,,,,,,,,,,,,,,277.5,,278.45,,280.3,,281.15,,,,,,
2017-10-13,,,,,,,,,,,,,,,,,,,,,,,,,,,,,,,,,,,,277.5,,278.2,,,,281.1,,,,,,
2017-10-16,,,,,,,,,,,,,,,,,,,,,,,,,,,,,,,,,,,,278.85,,279.25,,281.7,,282.4,,,283.7,,,
2017-10-17,,,,,,,,,,,,,,,,,,,,,,,,,,,,,,,,,,,,279.05,,279.35,,281.8,,282.7,,,,,,
2017-10-18,,,,,,,,,,,,,,,,,,,,,,,,,,,,,,,,,,,,276.95,278.25,277.9,,279.8,,280.3,,281.85,,,,
2017-10-19,,,,,,,,,,,,,,,,,,,,,,,,,,,,,,,,,,,,276.45,279.35,277.25,,279.25,,279.75,,,,,,
2017-10-20,,,,,,,,,,,,,,,,,,,,,,,,,,,,,,,,,,,,276.9,279.3,277.35,,279.05,,280.25,,,,,,
2017-10-23,,,,,,,,,,,,,,,,,,,,,,,,,,,,,,,,,,,,276.05,276.1,277.15,,,,279.25,,,,,,
2017-10-24,,,,,,,,,,,,,,,,,,,,,,,,,,,,,,,,,,,281.05,276.25,277.65,277.15,,279.6,,279.45,,,,,,
2017-10-25,,,,,,,,,,,,,,,,,,,,,,,,,,,,,,,,,,,,275.45,,276.1,,279.1,,278.85,,,,,,
2017-10-26,,,,,,,,,,,,,,,,,,,,,,,,,,,,,,,,,,,,275.85,,276.9,,278.65,,279.5,,,,,,
2017-10-27,,,,,,,,,,,,,,,,,,,,,,,,,,,,,,,,,,,,275.65,275.95,276.15,,,,279.3,,,,,,
2017-10-30,,,,,,,,,,,,,,,,,,,,,,,,,,,,,,,,,,,273.05,274.8,,276.15,,277.85,,278.4,,,,,,
2017-10-31,,,,,,,,,,,,,,,,,,,,,,,,,,,,,,,,,,,,275.15,276.55,276.5,,278.6,,279.45,,280.6,280.5,,,
2017-11-01,,,,,,,,,,,,,,,,,,,,,,,,,,,,,,,,,,,,274.15,277.85,275.9,,,,278.35,,,,,,
2017-11-02,,,,,,,,,,,,,,,,,,,,,,,,,,,,,,,,,,,,274.2,275.05,276.0,,277.4,,278.2,,,,,,
2017-11-03,,,,,,,,,,,,,,,,,,,,,,,,,,,,,,,,,,,,274.8,,276.45,,,,278.9,,,280.9,,,
2017-11-06,,,,,,,,,,,,,,,,,,,,,,,,,,,,,,,,,,,,274.65,275.75,276.55,,,,278.75,,279.65,,,,
2017-11-07,,,,,,,,,,,,,,,,,,,,,,,,,,,,,,,,,,,,275.4,278.3,277.05,,,,279.65,,,280.0,,,
2017-11-08,,,,,,,,,,,,,,,,,,,,,,,,,,,,,,,,,,,,275.05,277.05,277.75,,,,279.25,,281.35,281.05,,,
2017-11-09,,,,,,,,,,,,,,,,,,,,,,,,,,,,,,,,,,,,276.15,277.4,279.25,,,,280.4,,282.15,281.55,,,
2017-11-10,,,,,,,,,,,,,,,,,,,,,,,,,,,,,,,,,,,,276.95,277.7,279.1,,,,281.2,,283.0,,,,
2017-11-13,,,,,,,,,,,,,,,,,,,,,,,,,,,,,,,,,,,,276.9,277.75,278.9,,,,281.15,,283.0,,,,
2017-11-14,,,,,,,,,,,,,,,,,,,,,,,,,,,,,,,,,,,,275.85,276.75,277.9,,279.35,,280.15,,281.9,,,,
2017-11-15,,,,,,,,,,,,,,,,,,,,,,,,,,,,,,,,,,,,275.95,279.55,278.1,,,,280.3,,280.9,281.75,,,
2017-11-16,,,,,,,,,,,,,,,,,,,,,,,,,,,,,,,,,,,,276.5,277.25,278.1,,,,280.65,,,282.2,285.85,,
2017-11-17,,,,,,,,,,,,,,,,,,,,,,,,,,,,,,,,,,,,276.2,,278.1,,279.85,,280.1,,281.95,,283.45,,
2017-11-20,,,,,,,,,,,,,,,,,,,,,,,,,,,,,,,,,,,,278.5,,279.8,,281.5,,284.15,,283.75,283.85,285.0,,
2017-11-21,,,,,,,,,,,,,,,,,,,,,,,,,,,,,,,,,,,,277.75,,278.95,,,,282.0,,283.4,283.5,285.6,,
2017-11-22,,,,,,,,,,,,,,,,,,,,,,,,,,,,,,,,,,,,276.65,276.4,278.2,,280.0,,280.6,,,,283.85,,
2017-11-23,,,,,,,,,,,,,,,,,,,,,,,,,,,,,,,,,,,,276.8,276.6,278.35,,280.35,,280.95,,,,284.3,,
2017-11-24,,,,,,,,,,,,,,,,,,,,,,,,,,,,,,,,,,,,276.45,277.65,278.15,,279.95,,280.45,,,,284.35,,
2017-11-27,,,,,,,,,,,,,,,,,,,,,,,,,,,,,,,,,,,,276.45,277.7,278.05,,,,280.5,,,281.95,284.3,,
2017-11-28,,,,,,,,,,,,,,,,,,,,,,,,,,,,,,,,,,,,278.0,278.3,279.15,,280.85,,282.4,,283.5,,285.6,,
2017-11-29,,,,,,,,,,,,,,,,,,,,,,,,,,,,,,,,,,,,277.65,278.6,278.75,,281.6,,282.05,,282.2,,285.9,,
2017-11-30,,,,,,,,,,,,,,,,,,,,,,,,,,,,,,,,,,,,277.25,276.85,278.6,,279.0,,281.6,,,281.25,284.0,,
2017-12-01,,,,,,,,,,,,,,,,,,,,,,,,,,,,,,,,,,,,274.05,275.8,276.5,,,,279.35,,280.15,279.85,284.9,,
2017-12-04,,,,,,,,,,,,,,,,,,,,,,,,,,,,,,,,,,,,274.25,273.8,276.95,,279.25,,279.95,,281.35,279.75,284.3,,
2017-12-05,,,,,,,,,,,,,,,,,,,,,,,,,,,,,,,,,,,,272.45,274.05,275.7,,278.5,,278.3,,279.5,279.7,281.75,,
2017-12-06,,,,,,,,,,,,,,,,,,,,,,,,,,,,,,,,,,,,271.85,273.3,273.85,,275.45,,277.7,,277.6,278.6,281.75,,
2017-12-07,,,,,,,,,,,,,,,,,,,,,,,,,,,,,,,,,,,,270.7,,273.4,,276.2,,276.35,,278.2,278.1,279.9,,
2017-12-08,,,,,,,,,,,,,,,,,,,,,,,,,,,,,,,,,,,,268.0,269.3,271.55,,274.8,,273.95,,275.85,,278.3,,
2017-12-11,,,,,,,,,,,,,,,,,,,,,,,,,,,,,,,,,,,,266.55,267.4,270.4,,272.25,,273.2,,274.65,,277.35,,
2017-12-12,,,,,,,,,,,,,,,,,,,,,,,,,,,,,,,,,,,,266.3,271.25,269.6,,270.15,,272.9,,273.9,274.15,276.85,,
2017-12-13,,,,,,,,,,,,,,,,,,,,,,,,,,,,,,,,,,,,265.6,268.95,269.5,,,,272.05,,275.55,273.1,275.9,,
2017-12-14,,,,,,,,,,,,,,,,,,,,,,,,,,,,,,,,,,,,268.25,271.8,271.4,,270.2,,275.15,,276.95,277.25,278.95,,
2017-12-15,,,,,,,,,,,,,,,,,,,,,,,,,,,,,,,,,,,,268.5,271.5,270.75,,272.15,,274.6,,276.35,,278.25,,
2017-12-18,,,,,,,,,,,,,,,,,,,,,,,,,,,,,,,,,,,,,269.85,271.15,,272.75,,275.3,,277.15,,279.15,,
2017-12-19,,,,,,,,,,,,,,,,,,,,,,,,,,,,,,,,,,,,,271.0,271.55,,,,275.9,,277.95,,279.9,,
2017-12-20,,,,,,,,,,,,,,,,,,,,,,,,,,,,,,,,,,,,,271.3,271.35,,,,275.5,,,,279.95,,
2017-12-21,,,,,,,,,,,,,,,,,,,,,,,,,,,,,,,,,,,,,270.05,271.0,,,,275.3,,276.55,,290.9,,
2017-12-22,,,,,,,,,,,,,,,,,,,,,,,,,,,,,,,,,,,,,269.9,271.0,,,,275.05,,,,279.15,,
2017-12-25,,,,,,,,,,,,,,,,,,,,,,,,,,,,,,,,,,,,,271.65,272.75,,,,276.75,,277.85,279.3,280.95,,
2017-12-26,,,,,,,,,,,,,,,,,,,,,,,,,,,,,,,,,,,,,271.8,272.2,,274.05,,276.6,,,,280.75,,
2017-12-27,,,,,,,,,,,,,,,,,,,,,,,,,,,,,,,,,,,,,271.75,272.9,,275.25,,277.2,,,,281.35,,
2017-12-28,,,,,,,,,,,,,,,,,,,,,,,,,,,,,,,,,,,,,273.6,274.45,,276.15,,278.55,,280.45,,282.55,,
2017-12-29,,,,,,,,,,,,,,,,,,,,,,,,,,,,,,,,,,,,,273.5,274.0,,275.85,,278.3,,,,282.2,,
2018-01-02,,,,,,,,,,,,,,,,,,,,,,,,,,,,,,,,,,,,,,275.25,,276.6,,279.9,,,,283.65,,
2018-01-03,,,,,,,,,,,,,,,,,,,,,,,,,,,,,,,,,,,,,,277.25,,277.5,,281.45,,283.3,,286.0,,
2018-01-04,,,,,,,,,,,,,,,,,,,,,,,,,,,,,,,,,,,,,,277.7,,,,280.5,,282.65,281.25,284.4,,
2018-01-05,,,,,,,,,,,,,,,,,,,,,,,,,,,,,,,,,,,,,,276.3,,277.05,,280.5,,,,284.45,,
2018-01-08,,,,,,,,,,,,,,,,,,,,,,,,,,,,,,,,,,,,,,276.6,,,,280.8,,,282.4,284.2,,
2018-01-09,,,,,,,,,,,,,,,,,,,,,,,,,,,,,,,,,,,,,,277.0,,,,281.0,,282.4,283.5,284.55,,
2018-01-10,,,,,,,,,,,,,,,,,,,,,,,,,,,,,,,,,,,,,,277.15,277.05,277.85,,280.85,,283.0,,284.6,,
2018-01-11,,,,,,,,,,,,,,,,,,,,,,,,,,,,,,,,,,,,,,278.05,,278.6,,281.85,,283.5,,285.4,,
2018-01-12,,,,,,,,,,,,,,,,,,,,,,,,,,,,,,,,,,,,,,279.05,,278.55,,281.8,,,,285.45,,
2018-01-15,,,,,,,,,,,,,,,,,,,,,,,,,,,,,,,,,,,,,,279.0,279.1,280.0,,282.6,,284.6,,286.3,,
2018-01-16,,,,,,,,,,,,,,,,,,,,,,,,,,,,,,,,,,,,,,278.75,278.9,279.95,,282.35,,284.35,,286.15,,
2018-01-17,,,,,,,,,,,,,,,,,,,,,,,,,,,,,,,,,,,,,,278.55,,,,281.9,,,,285.65,,
2018-01-18,,,,,,,,,,,,,,,,,,,,,,,,,,,,,,,,,,,,,,277.5,,278.55,,281.0,,,,284.9,,
2018-01-19,,,,,,,,,,,,,,,,,,,,,,,,,,,,,,,,,,,,,,,,276.45,,279.4,,,,283.2,,
2018-01-22,,,,,,,,,,,,,,,,,,,,,,,,,,,,,,,,,,,,,,276.45,,,,279.15,,,,283.55,,
2018-01-23,,,,,,,,,,,,,,,,,,,,,,,,,,,,,,,,,,,,,,276.65,,,,279.6,,,,283.75,,
2018-01-24,,,,,,,,,,,,,,,,,,,,,,,,,,,,,,,,,,,,,,277.3,,278.3,,280.7,,,,284.75,,
2018-01-25,,,,,,,,,,,,,,,,,,,,,,,,,,,,,,,,,,,,,,278.15,,279.9,,282.1,,,,286.2,,
2018-01-26,,,,,,,,,,,,,,,,,,,,,,,,,,,,,,,,,,,,,,278.55,277.25,,,281.25,,,,285.85,,
2018-01-29,,,,,,,,,,,,,,,,,,,,,,,,,,,,,,,,,,,,,,276.2,,276.65,,280.0,,282.1,,284.25,,
2018-01-30,,,,,,,,,,,,,,,,,,,,,,,,,,,,,,,,,,,,,,277.05,275.0,275.3,,278.75,,,279.75,282.8,,
2018-01-31,,,,,,,,,,,,,,,,,,,,,,,,,,,,,,,,,,,,,,274.1,,,,278.05,,,,282.2,,
2018-02-01,,,,,,,,,,,,,,,,,,,,,,,,,,,,,,,,,,,,,,273.1,,274.7,,276.8,,278.15,278.75,280.9,,
2018-02-02,,,,,,,,,,,,,,,,,,,,,,,,,,,,,,,,,,,,,,273.3,,,,276.85,,277.9,,280.95,,
2018-02-05,,,,,,,,,,,,,,,,,,,,,,,,,,,,,,,,,,,,,,,,,,276.5,,277.95,276.35,280.55,,
2018-02-06,,,,,,,,,,,,,,,,,,,,,,,,,,,,,,,,,,,,,,273.2,,,,277.4,,,,281.3,,
2018-02-07,,,,,,,,,,,,,,,,,,,,,,,,,,,,,,,,,,,,,,,,270.0,,274.95,,275.9,,278.85,,
2018-02-08,,,,,,,,,,,,,,,,,,,,,,,,,,,,,,,,,,,,,,,269.6,,,272.15,,,,276.15,,
2018-02-09,,,,,,,,,,,,,,,,,,,,,,,,,,,,,,,,,,,,,,,,,,274.5,,275.55,275.2,278.2,,
2018-02-12,,,,,,,,,,,,,,,,,,,,,,,,,,,,,,,,,,,,,,,273.4,,272.2,273.1,,275.0,,277.05,,
2018-02-13,,,,,,,,,,,,,,,,,,,,,,,,,,,,,,,,,,,,,,,,271.95,,274.35,,,,278.45,,
2018-02-14,,,,,,,,,,,,,,,,,,,,,,,,,,,,,,,,,,,,,,,272.05,272.45,276.25,276.15,,,,280.3,,
2018-02-22,,,,,,,,,,,,,,,,,,,,,,,,,,,,,,,,,,,,,,,,272.6,272.65,274.8,,275.4,,278.65,,
2018-02-23,,,,,,,,,,,,,,,,,,,,,,,,,,,,,,,,,,,,,,,274.25,273.35,,275.0,,275.85,276.6,279.15,,
2018-02-26,,,,,,,,,,,,,,,,,,,,,,,,,,,,,,,,,,,,,,,273.6,274.15,,275.95,,276.25,,280.1,,
2018-02-27,,,,,,,,,,,,,,,,,,,,,,,,,,,,,,,,,,,,,,,272.95,272.9,274.8,275.6,,275.85,278.0,279.7,,
2018-02-28,,,,,,,,,,,,,,,,,,,,,,,,,,,,,,,,,,,,,,,270.6,270.35,273.75,274.4,,275.4,,278.5,,
2018-03-01,,,,,,,,,,,,,,,,,,,,,,,,,,,,,,,,,,,,,,,,270.85,272.3,272.75,,273.5,,276.9,,
2018-03-02,,,,,,,,,,,,,,,,,,,,,,,,,,,,,,,,,,,,,,,,270.5,271.9,273.05,,274.0,,277.25,,
2018-03-05,,,,,,,,,,,,,,,,,,,,,,,,,,,,,,,,,,,,,,,,272.55,273.5,273.9,,274.9,,278.1,,
2018-03-06,,,,,,,,,,,,,,,,,,,,,,,,,,,,,,,,,,,,,,,,272.25,272.85,273.5,,274.5,,277.75,,
2018-03-07,,,,,,,,,,,,,,,,,,,,,,,,,,,,,,,,,,,,,,,,273.9,,275.3,,276.0,,279.6,,
2018-03-08,,,,,,,,,,,,,,,,,,,,,,,,,,,,,,,,,,,,,,,,,,274.35,,275.0,,278.75,,
2018-03-09,,,,,,,,,,,,,,,,,,,,,,,,,,,,,,,,,,,,,,,,273.0,274.6,274.15,,274.35,275.35,278.35,,
2018-03-12,,,,,,,,,,,,,,,,,,,,,,,,,,,,,,,,,,,,,,,,,272.15,273.25,,274.05,275.15,277.5,,
2018-03-13,,,,,,,,,,,,,,,,,,,,,,,,,,,,,,,,,,,,,,,,,271.85,272.9,,273.8,,277.0,,
2018-03-14,,,,,,,,,,,,,,,,,,,,,,,,,,,,,,,,,,,,,,,,272.0,273.1,273.6,,,,277.8,,
2018-03-15,,,,,,,,,,,,,,,,,,,,,,,,,,,,,,,,,,,,,,,,,,272.85,,273.05,,276.9,,
2018-03-16,,,,,,,,,,,,,,,,,,,,,,,,,,,,,,,,,,,,,,,,270.35,270.3,271.9,,273.05,,276.05,277.25,
2018-03-19,,,,,,,,,,,,,,,,,,,,,,,,,,,,,,,,,,,,,,,,271.25,271.25,271.6,,272.55,,275.7,276.6,
2018-03-20,,,,,,,,,,,,,,,,,,,,,,,,,,,,,,,,,,,,,,,,270.5,270.8,271.5,,273.0,,275.6,275.1,
2018-03-21,,,,,,,,,,,,,,,,,,,,,,,,,,,,,,,,,,,,,,,,270.75,,271.3,,273.4,,275.4,,
2018-03-22,,,,,,,,,,,,,,,,,,,,,,,,,,,,,,,,,,,,,,,,272.4,273.0,274.25,,275.6,,278.5,,
2018-03-23,,,,,,,,,,,,,,,,,,,,,,,,,,,,,,,,,,,,,,,,273.0,276.05,276.55,,277.9,,281.15,280.85,
2018-03-26,,,,,,,,,,,,,,,,,,,,,,,,,,,,,,,,,,,,,,,,274.3,276.9,277.25,,,,282.05,283.8,282.45
2018-03-27,,,,,,,,,,,,,,,,,,,,,,,,,,,,,,,,,,,,,,,,274.3,,276.65,,278.1,,281.1,282.65,
2018-03-28,,,,,,,,,,,,,,,,,,,,,,,,,,,,,,,,,,,,,,,,272.5,274.7,275.15,,276.65,,279.45,280.85,280.75
2018-03-29,,,,,,,,,,,,,,,,,,,,,,,,,,,,,,,,,,,,,,,,272.85,,273.7,,275.55,,278.05,276.9,
2018-03-30,,,,,,,,,,,,,,,,,,,,,,,,,,,,,,,,,,,,,,,,270.0,270.8,271.6,,273.05,,275.7,,
2018-04-02,,,,,,,,,,,,,,,,,,,,,,,,,,,,,,,,,,,,,,,,,273.45,272.35,,,,276.4,276.3,
2018-04-03,,,,,,,,,,,,,,,,,,,,,,,,,,,,,,,,,,,,,,,,,274.55,274.6,,276.0,,278.8,,
2018-04-04,,,,,,,,,,,,,,,,,,,,,,,,,,,,,,,,,,,,,,,,269.6,274.05,273.5,,274.7,,277.9,,
2018-04-09,,,,,,,,,,,,,,,,,,,,,,,,,,,,,,,,,,,,,,,,,272.4,273.2,,275.0,,277.5,,
2018-04-10,,,,,,,,,,,,,,,,,,,,,,,,,,,,,,,,,,,,,,,,,273.3,274.15,,,,278.25,278.7,
2018-04-11,,,,,,,,,,,,,,,,,,,,,,,,,,,,,,,,,,,,,,,,272.8,,274.35,,275.95,275.95,278.45,,
2018-04-12,,,,,,,,,,,,,,,,,,,,,,,,,,,,,,,,,,,,,,,,,276.0,276.8,,279.25,,281.25,289.55,
2018-04-13,,,,,,,,,,,,,,,,,,,,,,,,,,,,,,,,,,,,,,,,,273.8,274.65,,275.95,,279.0,280.55,279.35
2018-04-16,,,,,,,,,,,,,,,,,,,,,,,,,,,,,,,,,,,,,,,,,,274.9,,276.55,,279.2,,281.3
2018-04-17,,,,,,,,,,,,,,,,,,,,,,,,,,,,,,,,,,,,,,,,,273.7,274.85,,276.6,,279.05,,
2018-04-18,,,,,,,,,,,,,,,,,,,,,,,,,,,,,,,,,,,,,,,,,,274.75,,276.3,,278.8,,284.7
2018-04-19,,,,,,,,,,,,,,,,,,,,,,,,,,,,,,,,,,,,,,,,,,275.8,,277.3,,280.05,281.35,282.2
2018-04-20,,,,,,,,,,,,,,,,,,,,,,,,,,,,,,,,,,,,,,,,,275.0,274.75,,276.5,,279.0,,
2018-04-23,,,,,,,,,,,,,,,,,,,,,,,,,,,,,,,,,,,,,,,,,,273.65,,275.2,,277.7,,279.55
2018-04-24,,,,,,,,,,,,,,,,,,,,,,,,,,,,,,,,,,,,,,,,,,272.2,,274.85,,276.2,,279.3
2018-04-25,,,,,,,,,,,,,,,,,,,,,,,,,,,,,,,,,,,,,,,,,,272.65,272.95,274.6,,276.5,278.1,279.35
2018-04-26,,,,,,,,,,,,,,,,,,,,,,,,,,,,,,,,,,,,,,,,,272.75,272.05,,273.75,,276.05,277.7,
