,JD1501.DCE,JD1502.DCE,JD1503.DCE,JD1504.DCE,JD1505.DCE,JD1506.DCE,JD1509.DCE,JD1510.DCE,JD1511.DCE,JD1512.DCE,JD1601.DCE,JD1602.DCE,JD1603.DCE,JD1604.DCE,JD1605.DCE,JD1606.DCE,JD1609.DCE,JD1610.DCE,JD1611.DCE,JD1612.DCE,JD1701.DCE,JD1702.DCE,JD1703.DCE,JD1704.DCE,JD1705.DCE,JD1706.DCE,JD1707.DCE,JD1708.DCE,JD1709.DCE,JD1710.DCE,JD1711.DCE,JD1712.DCE,JD1801.DCE,JD1802.DCE,JD1803.DCE,JD1804.DCE,JD1805.DCE,JD1806.DCE,JD1807.DCE,JD1808.DCE,JD1809.DCE,JD1810.DCE,JD1811.DCE,JD1812.DCE,JD1901.DCE,JD1902.DCE,JD1903.DCE,JD1904.DCE
2015-01-05,4700.0,,4220.0,,4309.0,4300.0,4549.0,4427.0,,4444.0,,,,,,,,,,,,,,,,,,,,,,,,,,,,,,,,,,,,,,
2015-01-06,4918.0,,4213.0,,4321.0,4273.0,4568.0,,4277.0,,,,,,,,,,,,,,,,,,,,,,,,,,,,,,,,,,,,,,,
2015-01-07,4690.0,4545.0,4197.0,4155.0,4296.0,,4606.0,4429.0,4315.0,,,,,,,,,,,,,,,,,,,,,,,,,,,,,,,,,,,,,,,
2015-01-08,4587.0,4398.0,4190.0,,4300.0,,4603.0,,,,,,,,,,,,,,,,,,,,,,,,,,,,,,,,,,,,,,,,,
2015-01-09,4587.0,4500.0,4200.0,,4293.0,,4613.0,,,4440.0,,,,,,,,,,,,,,,,,,,,,,,,,,,,,,,,,,,,,,
2015-01-12,,,4227.0,4209.0,4305.0,4300.0,4656.0,4420.0,4340.0,4415.0,,,,,,,,,,,,,,,,,,,,,,,,,,,,,,,,,,,,,,
2015-01-13,4312.0,4500.0,4197.0,4180.0,4260.0,4240.0,4619.0,4388.0,4281.0,,,,,,,,,,,,,,,,,,,,,,,,,,,,,,,,,,,,,,,
2015-01-14,,4533.0,4270.0,4169.0,4190.0,4160.0,4590.0,4321.0,4212.0,,,,,,,,,,,,,,,,,,,,,,,,,,,,,,,,,,,,,,,
2015-01-15,,4484.0,4205.0,4145.0,4162.0,4213.0,4520.0,4344.0,4265.0,4338.0,,,,,,,,,,,,,,,,,,,,,,,,,,,,,,,,,,,,,,
2015-01-16,4430.0,4510.0,4218.0,,4174.0,4155.0,4524.0,4328.0,4220.0,4260.0,,,,,,,,,,,,,,,,,,,,,,,,,,,,,,,,,,,,,,
2015-01-19,,4498.0,4221.0,4215.0,4204.0,4208.0,4540.0,4288.0,4247.0,4298.0,4163.0,,,,,,,,,,,,,,,,,,,,,,,,,,,,,,,,,,,,,
2015-01-20,,4500.0,4202.0,,4186.0,,4538.0,,,4288.0,4145.0,,,,,,,,,,,,,,,,,,,,,,,,,,,,,,,,,,,,,
2015-01-21,,,4265.0,4204.0,4184.0,4157.0,4562.0,4332.0,,,4163.0,,,,,,,,,,,,,,,,,,,,,,,,,,,,,,,,,,,,,
2015-01-22,,,4260.0,4121.0,4123.0,4153.0,4515.0,4263.0,4207.0,4234.0,4111.0,,,,,,,,,,,,,,,,,,,,,,,,,,,,,,,,,,,,,
2015-01-23,,4506.0,4231.0,,4128.0,4157.0,4517.0,,4225.0,4217.0,4105.0,,,,,,,,,,,,,,,,,,,,,,,,,,,,,,,,,,,,,
2015-01-26,,4596.0,4247.0,,4182.0,4161.0,4624.0,4369.0,4193.0,,4134.0,,,,,,,,,,,,,,,,,,,,,,,,,,,,,,,,,,,,,
2015-01-27,,4500.0,4313.0,,4235.0,4234.0,4725.0,4450.0,4280.0,,4190.0,,,,,,,,,,,,,,,,,,,,,,,,,,,,,,,,,,,,,
2015-01-28,,4500.0,4246.0,,4195.0,4176.0,4702.0,4392.0,4194.0,,4171.0,,,,,,,,,,,,,,,,,,,,,,,,,,,,,,,,,,,,,
2015-01-29,,4717.0,4219.0,,4188.0,4177.0,4650.0,,4206.0,,4187.0,,,,,,,,,,,,,,,,,,,,,,,,,,,,,,,,,,,,,
2015-01-30,,,4199.0,,4135.0,4200.0,4648.0,4335.0,4207.0,4188.0,4166.0,,,,,,,,,,,,,,,,,,,,,,,,,,,,,,,,,,,,,
2015-02-02,,,,,4145.0,,4647.0,4362.0,,,4182.0,,,,,,,,,,,,,,,,,,,,,,,,,,,,,,,,,,,,,
2015-02-03,,,4233.0,,4160.0,,4637.0,4421.0,4227.0,,4163.0,,,,,,,,,,,,,,,,,,,,,,,,,,,,,,,,,,,,,
2015-02-04,,,4253.0,4229.0,4186.0,4225.0,4656.0,4410.0,4267.0,,4182.0,,,,,,,,,,,,,,,,,,,,,,,,,,,,,,,,,,,,,
2015-02-05,,,,4220.0,4196.0,,4660.0,,4275.0,,4191.0,,,,,,,,,,,,,,,,,,,,,,,,,,,,,,,,,,,,,
2015-02-06,,,,4168.0,4196.0,4267.0,4628.0,4398.0,4227.0,,4185.0,,,,,,,,,,,,,,,,,,,,,,,,,,,,,,,,,,,,,
2015-02-09,,,4236.0,4217.0,4230.0,4250.0,4647.0,4359.0,4230.0,4190.0,4205.0,,,,,,,,,,,,,,,,,,,,,,,,,,,,,,,,,,,,,
2015-02-10,,,4244.0,,4184.0,,4552.0,4392.0,4200.0,4141.0,4148.0,,,,,,,,,,,,,,,,,,,,,,,,,,,,,,,,,,,,,
2015-02-11,,,4223.0,4147.0,4160.0,4216.0,4561.0,4365.0,,4211.0,4128.0,,,,,,,,,,,,,,,,,,,,,,,,,,,,,,,,,,,,,
2015-02-12,,,4240.0,,4134.0,4255.0,4550.0,4358.0,4176.0,,4120.0,,,,,,,,,,,,,,,,,,,,,,,,,,,,,,,,,,,,,
2015-02-13,,,4201.0,,4131.0,,4540.0,4368.0,4226.0,4165.0,4117.0,,,,,,,,,,,,,,,,,,,,,,,,,,,,,,,,,,,,,
2015-02-16,,,,,4138.0,4174.0,4536.0,,,4111.0,4116.0,,,,,,,,,,,,,,,,,,,,,,,,,,,,,,,,,,,,,
2015-02-17,,,4210.0,4180.0,4128.0,4252.0,4530.0,4444.0,,4192.0,4116.0,,,,,,,,,,,,,,,,,,,,,,,,,,,,,,,,,,,,,
2015-02-25,,,4296.0,,4202.0,4269.0,4599.0,4399.0,,4217.0,4140.0,,,,,,,,,,,,,,,,,,,,,,,,,,,,,,,,,,,,,
2015-02-26,,,4224.0,4147.0,4215.0,4275.0,4607.0,,4194.0,,4151.0,,,,,,,,,,,,,,,,,,,,,,,,,,,,,,,,,,,,,
2015-02-27,,,4266.0,4299.0,4279.0,4330.0,4649.0,4436.0,4227.0,4203.0,4184.0,,,,,,,,,,,,,,,,,,,,,,,,,,,,,,,,,,,,,
2015-03-02,,,4200.0,4270.0,4308.0,4350.0,4666.0,4479.0,4346.0,4241.0,4198.0,,,,,,,,,,,,,,,,,,,,,,,,,,,,,,,,,,,,,
2015-03-03,,,,,4299.0,4350.0,4657.0,,4250.0,,4194.0,,,,,,,,,,,,,,,,,,,,,,,,,,,,,,,,,,,,,
2015-03-04,,,,,4332.0,,4672.0,,,,4203.0,,,,,,,,,,,,,,,,,,,,,,,,,,,,,,,,,,,,,
2015-03-05,,,,,4243.0,4331.0,4645.0,4471.0,,,4189.0,4298.0,,,,,,,,,,,,,,,,,,,,,,,,,,,,,,,,,,,,
2015-03-06,,,,4250.0,4257.0,4331.0,4664.0,,,,4188.0,,,,,,,,,,,,,,,,,,,,,,,,,,,,,,,,,,,,,
2015-03-09,,,,,4146.0,4289.0,4601.0,,,4173.0,4165.0,,,,,,,,,,,,,,,,,,,,,,,,,,,,,,,,,,,,,
2015-03-10,,,,,4140.0,4291.0,4618.0,,,,4177.0,,,,,,,,,,,,,,,,,,,,,,,,,,,,,,,,,,,,,
2015-03-11,,,,,4151.0,,4646.0,4481.0,4424.0,4249.0,4186.0,,,,,,,,,,,,,,,,,,,,,,,,,,,,,,,,,,,,,
2015-03-12,,,3615.0,4100.0,4181.0,4348.0,4697.0,4612.0,,,4228.0,,,,,,,,,,,,,,,,,,,,,,,,,,,,,,,,,,,,,
2015-03-13,,,3327.0,4260.0,4147.0,4336.0,4676.0,,,,4209.0,,,,,,,,,,,,,,,,,,,,,,,,,,,,,,,,,,,,,
2015-03-16,,,,,4165.0,4346.0,4690.0,,,,4209.0,4248.0,,,,,,,,,,,,,,,,,,,,,,,,,,,,,,,,,,,,
2015-03-17,,,,,4168.0,4344.0,4690.0,,,,4212.0,4217.0,,,,,,,,,,,,,,,,,,,,,,,,,,,,,,,,,,,,
2015-03-18,,,,,4156.0,4324.0,4675.0,4554.0,,4214.0,4205.0,,,,,,,,,,,,,,,,,,,,,,,,,,,,,,,,,,,,,
2015-03-19,,,,3931.0,4198.0,4352.0,4721.0,,4330.0,,4229.0,,4209.0,,,,,,,,,,,,,,,,,,,,,,,,,,,,,,,,,,,
2015-03-20,,,,3750.0,4135.0,4299.0,4677.0,,,,4203.0,4214.0,4103.0,,,,,,,,,,,,,,,,,,,,,,,,,,,,,,,,,,,
2015-03-23,,,,,4145.0,4305.0,4685.0,4454.0,,,4238.0,4122.0,4140.0,,,,,,,,,,,,,,,,,,,,,,,,,,,,,,,,,,,
2015-03-24,,,,3900.0,4163.0,4310.0,4710.0,,,,4250.0,,4099.0,,,,,,,,,,,,,,,,,,,,,,,,,,,,,,,,,,,
2015-03-25,,,,,4115.0,4278.0,4666.0,4450.0,,,4231.0,,4107.0,,,,,,,,,,,,,,,,,,,,,,,,,,,,,,,,,,,
2015-03-26,,,,3788.0,3944.0,4254.0,4580.0,,,,4198.0,,4097.0,,,,,,,,,,,,,,,,,,,,,,,,,,,,,,,,,,,
2015-03-27,,,,,3917.0,4232.0,4585.0,,,4287.0,4196.0,4223.0,4071.0,,,,,,,,,,,,,,,,,,,,,,,,,,,,,,,,,,,
2015-03-30,,,,3888.0,3927.0,4228.0,4598.0,,,4326.0,4203.0,,4064.0,,,,,,,,,,,,,,,,,,,,,,,,,,,,,,,,,,,
2015-03-31,,,,3937.0,3949.0,4216.0,4580.0,,,,4205.0,,4079.0,,,,,,,,,,,,,,,,,,,,,,,,,,,,,,,,,,,
2015-04-01,,,,3488.0,3973.0,4201.0,4587.0,,,,4213.0,4163.0,4071.0,,,,,,,,,,,,,,,,,,,,,,,,,,,,,,,,,,,
2015-04-02,,,,,3924.0,4181.0,4532.0,4304.0,4280.0,,4187.0,4122.0,4051.0,,,,,,,,,,,,,,,,,,,,,,,,,,,,,,,,,,,
2015-04-03,,,,,3860.0,4051.0,4388.0,4327.0,,,4114.0,4083.0,4011.0,,,,,,,,,,,,,,,,,,,,,,,,,,,,,,,,,,,
2015-04-07,,,,,3776.0,4063.0,4305.0,4221.0,,4106.0,4030.0,3921.0,3971.0,,,,,,,,,,,,,,,,,,,,,,,,,,,,,,,,,,,
2015-04-08,,,,,3677.0,3940.0,4277.0,4220.0,4182.0,,4005.0,,3956.0,,,,,,,,,,,,,,,,,,,,,,,,,,,,,,,,,,,
2015-04-09,,,,,3699.0,3939.0,4286.0,,4146.0,4145.0,4005.0,,3934.0,,,,,,,,,,,,,,,,,,,,,,,,,,,,,,,,,,,
2015-04-10,,,,,3788.0,4010.0,4382.0,4299.0,4190.0,4161.0,4047.0,3961.0,3967.0,,,,,,,,,,,,,,,,,,,,,,,,,,,,,,,,,,,
2015-04-13,,,,,3798.0,3993.0,4380.0,4300.0,,,4049.0,,3931.0,,,,,,,,,,,,,,,,,,,,,,,,,,,,,,,,,,,
2015-04-14,,,,,3815.0,4008.0,4428.0,4330.0,,4143.0,4077.0,4029.0,3966.0,,,,,,,,,,,,,,,,,,,,,,,,,,,,,,,,,,,
2015-04-15,,,,,3859.0,3985.0,4397.0,4260.0,,,4064.0,4020.0,3945.0,,,,,,,,,,,,,,,,,,,,,,,,,,,,,,,,,,,
2015-04-16,,,,,3828.0,3984.0,4422.0,4370.0,,,4083.0,4063.0,3973.0,3913.0,,,,,,,,,,,,,,,,,,,,,,,,,,,,,,,,,,
2015-04-17,,,,,3840.0,4010.0,4480.0,4391.0,,,4116.0,,,,,,,,,,,,,,,,,,,,,,,,,,,,,,,,,,,,,
2015-04-20,,,,,3913.0,4002.0,4507.0,4380.0,4312.0,,4138.0,4094.0,3979.0,,,,,,,,,,,,,,,,,,,,,,,,,,,,,,,,,,,
2015-04-21,,,,,3860.0,4008.0,4480.0,,,4173.0,4127.0,,4099.0,4098.0,,,,,,,,,,,,,,,,,,,,,,,,,,,,,,,,,,
2015-04-22,,,,,3852.0,3991.0,4470.0,,4358.0,,4130.0,,4083.0,4090.0,,,,,,,,,,,,,,,,,,,,,,,,,,,,,,,,,,
2015-04-23,,,,,3849.0,4007.0,4488.0,,,,4135.0,4100.0,4079.0,,,,,,,,,,,,,,,,,,,,,,,,,,,,,,,,,,,
2015-04-24,,,,,3854.0,4016.0,4504.0,4387.0,,4214.0,4148.0,,4078.0,4079.0,,,,,,,,,,,,,,,,,,,,,,,,,,,,,,,,,,
2015-04-27,,,,,3838.0,4008.0,4488.0,4380.0,,4188.0,4157.0,4080.0,4079.0,,,,,,,,,,,,,,,,,,,,,,,,,,,,,,,,,,,
2015-04-28,,,,,3825.0,4049.0,4566.0,4422.0,,4234.0,4209.0,4142.0,4099.0,4099.0,,,,,,,,,,,,,,,,,,,,,,,,,,,,,,,,,,
2015-04-29,,,,,3799.0,4050.0,4538.0,,4377.0,,4190.0,4057.0,4069.0,,,,,,,,,,,,,,,,,,,,,,,,,,,,,,,,,,,
2015-04-30,,,,,3780.0,4045.0,4520.0,4379.0,,,4177.0,4099.0,4059.0,4055.0,,,,,,,,,,,,,,,,,,,,,,,,,,,,,,,,,,
2015-05-04,,,,,3700.0,4016.0,4495.0,,,4176.0,4180.0,4087.0,4068.0,4049.0,,,,,,,,,,,,,,,,,,,,,,,,,,,,,,,,,,
2015-05-05,,,,,3569.0,3928.0,4525.0,,,,4203.0,4084.0,4058.0,4044.0,,,,,,,,,,,,,,,,,,,,,,,,,,,,,,,,,,
2015-05-06,,,,,3480.0,3923.0,4541.0,4403.0,,4275.0,4215.0,4212.0,4046.0,4030.0,,,,,,,,,,,,,,,,,,,,,,,,,,,,,,,,,,
2015-05-07,,,,,,3884.0,4517.0,,,,4208.0,4065.0,4044.0,4035.0,,,,,,,,,,,,,,,,,,,,,,,,,,,,,,,,,,
2015-05-08,,,,,3381.0,3849.0,4485.0,4341.0,,,4184.0,,3992.0,4009.0,,,,,,,,,,,,,,,,,,,,,,,,,,,,,,,,,,
2015-05-11,,,,,,3810.0,4419.0,4327.0,,4277.0,4125.0,4024.0,3997.0,3995.0,,,,,,,,,,,,,,,,,,,,,,,,,,,,,,,,,,
2015-05-12,,,,,3480.0,3809.0,4395.0,,,4242.0,4103.0,3999.0,3982.0,3990.0,,,,,,,,,,,,,,,,,,,,,,,,,,,,,,,,,,
2015-05-13,,,,,3181.0,3744.0,4399.0,4267.0,4297.0,,4108.0,4072.0,3999.0,4009.0,,,,,,,,,,,,,,,,,,,,,,,,,,,,,,,,,,
2015-05-14,,,,,3200.0,3696.0,4440.0,4218.0,4255.0,,4137.0,4099.0,4008.0,4007.0,,,,,,,,,,,,,,,,,,,,,,,,,,,,,,,,,,
2015-05-15,,,,,2865.0,3786.0,4472.0,4260.0,,,4166.0,4177.0,4063.0,,,,,,,,,,,,,,,,,,,,,,,,,,,,,,,,,,,
2015-05-18,,,,,,3721.0,4485.0,,4357.0,4239.0,4193.0,,3981.0,3999.0,4028.0,,,,,,,,,,,,,,,,,,,,,,,,,,,,,,,,,
2015-05-19,,,,,,3663.0,4455.0,,,,4163.0,4120.0,3968.0,3965.0,4005.0,,,,,,,,,,,,,,,,,,,,,,,,,,,,,,,,,
2015-05-20,,,,,,3628.0,4392.0,,,4182.0,4118.0,4083.0,3945.0,3925.0,3965.0,,,,,,,,,,,,,,,,,,,,,,,,,,,,,,,,,
2015-05-21,,,,,,3600.0,4389.0,,,,4109.0,,3933.0,,3961.0,,,,,,,,,,,,,,,,,,,,,,,,,,,,,,,,,
2015-05-22,,,,,,3469.0,4397.0,,4219.0,4169.0,4120.0,4072.0,3935.0,3923.0,3960.0,,,,,,,,,,,,,,,,,,,,,,,,,,,,,,,,,
2015-05-25,,,,,,3446.0,4368.0,4120.0,,,4100.0,4046.0,3899.0,,3954.0,,,,,,,,,,,,,,,,,,,,,,,,,,,,,,,,,
2015-05-26,,,,,,3370.0,4316.0,4152.0,4101.0,4128.0,4098.0,4060.0,,,3950.0,,,,,,,,,,,,,,,,,,,,,,,,,,,,,,,,,
2015-05-27,,,,,,3325.0,4305.0,,4131.0,4106.0,4118.0,,3926.0,,3969.0,,,,,,,,,,,,,,,,,,,,,,,,,,,,,,,,,
2015-05-28,,,,,,3348.0,4310.0,4109.0,,,4128.0,,3908.0,,3980.0,,,,,,,,,,,,,,,,,,,,,,,,,,,,,,,,,
2015-05-29,,,,,,3280.0,4294.0,,,4157.0,4110.0,,,,3964.0,,,,,,,,,,,,,,,,,,,,,,,,,,,,,,,,,
2015-06-01,,,,,,3027.0,4349.0,4107.0,4135.0,4151.0,4160.0,,3950.0,,4015.0,,,,,,,,,,,,,,,,,,,,,,,,,,,,,,,,,
2015-06-02,,,,,,,4293.0,,,,4129.0,,3928.0,,3994.0,,,,,,,,,,,,,,,,,,,,,,,,,,,,,,,,,
2015-06-03,,,,,,3000.0,4308.0,4098.0,4118.0,4114.0,4148.0,4109.0,3957.0,,4008.0,,,,,,,,,,,,,,,,,,,,,,,,,,,,,,,,,
2015-06-04,,,,,,3179.0,4208.0,4130.0,4084.0,4092.0,4125.0,,3911.0,3956.0,3995.0,,,,,,,,,,,,,,,,,,,,,,,,,,,,,,,,,
2015-06-05,,,,,,,4194.0,4106.0,,4116.0,4162.0,,4076.0,,4010.0,,,,,,,,,,,,,,,,,,,,,,,,,,,,,,,,,
2015-06-08,,,,,,,4200.0,4100.0,4154.0,,4145.0,4109.0,3935.0,3971.0,4006.0,,,,,,,,,,,,,,,,,,,,,,,,,,,,,,,,,
2015-06-09,,,,,,3369.0,4233.0,4138.0,,,4176.0,4143.0,3950.0,,4020.0,,,,,,,,,,,,,,,,,,,,,,,,,,,,,,,,,
2015-06-10,,,,,,,4245.0,4119.0,4126.0,,4190.0,4111.0,3935.0,3979.0,4029.0,,,,,,,,,,,,,,,,,,,,,,,,,,,,,,,,,
2015-06-11,,,,,,,4220.0,,4160.0,,4176.0,,3948.0,3988.0,4016.0,,,,,,,,,,,,,,,,,,,,,,,,,,,,,,,,,
2015-06-12,,,,,,,4218.0,4087.0,,4076.0,4149.0,,3933.0,3926.0,4018.0,,,,,,,,,,,,,,,,,,,,,,,,,,,,,,,,,
2015-06-15,,,,,,,4110.0,4014.0,4058.0,4060.0,4095.0,4054.0,3916.0,3939.0,3995.0,,,,,,,,,,,,,,,,,,,,,,,,,,,,,,,,,
2015-06-16,,,,,,,4076.0,4049.0,4057.0,,4100.0,4064.0,3945.0,3971.0,4006.0,,,,,,,,,,,,,,,,,,,,,,,,,,,,,,,,,
2015-06-17,,,,,,,4099.0,4030.0,3994.0,4064.0,4105.0,,3960.0,,4008.0,,,,,,,,,,,,,,,,,,,,,,,,,,,,,,,,,
2015-06-18,,,,,,,4045.0,4010.0,3968.0,4059.0,4089.0,,3958.0,,4026.0,4150.0,,,,,,,,,,,,,,,,,,,,,,,,,,,,,,,,
2015-06-19,,,,,,,4060.0,,3931.0,3962.0,4097.0,,3965.0,,4049.0,,,,,,,,,,,,,,,,,,,,,,,,,,,,,,,,,
2015-06-23,,,,,,,4088.0,3996.0,3920.0,,4109.0,,3980.0,,4068.0,,,,,,,,,,,,,,,,,,,,,,,,,,,,,,,,,
2015-06-24,,,,,,,4082.0,,3926.0,4077.0,4122.0,,,,4068.0,,,,,,,,,,,,,,,,,,,,,,,,,,,,,,,,,
2015-06-25,,,,,,,4173.0,4047.0,3931.0,4119.0,4171.0,,3999.0,4007.0,4106.0,4107.0,,,,,,,,,,,,,,,,,,,,,,,,,,,,,,,,
2015-06-26,,,,,,,4145.0,4059.0,3911.0,4106.0,4172.0,4095.0,3999.0,3985.0,4116.0,,,,,,,,,,,,,,,,,,,,,,,,,,,,,,,,,
2015-06-29,,,,,,,4090.0,4025.0,4020.0,,4170.0,,4000.0,,4196.0,,,,,,,,,,,,,,,,,,,,,,,,,,,,,,,,,
2015-06-30,,,,,,,4060.0,3965.0,3889.0,4070.0,4160.0,4000.0,3964.0,3975.0,4111.0,,,,,,,,,,,,,,,,,,,,,,,,,,,,,,,,,
2015-07-01,,,,,,,4112.0,3988.0,3918.0,,4213.0,,4063.0,4002.0,4155.0,,,,,,,,,,,,,,,,,,,,,,,,,,,,,,,,,
2015-07-02,,,,,,,4029.0,3967.0,3937.0,,4168.0,,,,4124.0,,,,,,,,,,,,,,,,,,,,,,,,,,,,,,,,,
2015-07-03,,,,,,,4057.0,3983.0,3914.0,,4198.0,4000.0,4011.0,3971.0,4167.0,,,,,,,,,,,,,,,,,,,,,,,,,,,,,,,,,
2015-07-06,,,,,,,4079.0,4019.0,3886.0,4105.0,4232.0,4098.0,4013.0,,4180.0,4168.0,,,,,,,,,,,,,,,,,,,,,,,,,,,,,,,,
2015-07-07,,,,,,,4065.0,3999.0,3910.0,4044.0,4206.0,4050.0,3981.0,4006.0,4180.0,,,,,,,,,,,,,,,,,,,,,,,,,,,,,,,,,
2015-07-08,,,,,,,3970.0,3900.0,3800.0,3929.0,4082.0,3985.0,3886.0,3900.0,4126.0,4002.0,,,,,,,,,,,,,,,,,,,,,,,,,,,,,,,,
2015-07-09,,,,,,,4080.0,3998.0,3934.0,4040.0,4193.0,,3948.0,,4172.0,4150.0,,,,,,,,,,,,,,,,,,,,,,,,,,,,,,,,
2015-07-10,,,,,,,4165.0,4017.0,3961.0,4149.0,4220.0,4100.0,3947.0,3905.0,4178.0,,,,,,,,,,,,,,,,,,,,,,,,,,,,,,,,,
2015-07-13,,,,,,,4188.0,3991.0,3989.0,,4220.0,,3905.0,4002.0,4197.0,4055.0,,,,,,,,,,,,,,,,,,,,,,,,,,,,,,,,
2015-07-14,,,,,,,4226.0,4108.0,4080.0,,4317.0,,3958.0,,4222.0,4161.0,,,,,,,,,,,,,,,,,,,,,,,,,,,,,,,,
2015-07-15,,,,,,,4188.0,4059.0,4000.0,,4267.0,,3949.0,,4184.0,,,,,,,,,,,,,,,,,,,,,,,,,,,,,,,,,
2015-07-16,,,,,,,4199.0,3995.0,3998.0,,4278.0,4200.0,3930.0,,4192.0,,,,,,,,,,,,,,,,,,,,,,,,,,,,,,,,,
2015-07-17,,,,,,,4178.0,4115.0,3997.0,,4274.0,,3941.0,,4185.0,,,,,,,,,,,,,,,,,,,,,,,,,,,,,,,,,
2015-07-20,,,,,,,4257.0,4099.0,4028.0,,4305.0,,3978.0,3994.0,4230.0,4154.0,,,,,,,,,,,,,,,,,,,,,,,,,,,,,,,,
2015-07-21,,,,,,,4329.0,4150.0,4097.0,,4355.0,4198.0,3998.0,4035.0,4297.0,,,,,,,,,,,,,,,,,,,,,,,,,,,,,,,,,
2015-07-22,,,,,,,4322.0,,4090.0,,4350.0,4171.0,4167.0,,4298.0,,,,,,,,,,,,,,,,,,,,,,,,,,,,,,,,,
2015-07-23,,,,,,,4370.0,4129.0,4147.0,,4326.0,,4030.0,4053.0,4298.0,,,,,,,,,,,,,,,,,,,,,,,,,,,,,,,,,
2015-07-24,,,,,,,4387.0,4188.0,4119.0,4200.0,4350.0,4177.0,4028.0,,4330.0,,,,,,,,,,,,,,,,,,,,,,,,,,,,,,,,,
2015-07-27,,,,,,,4389.0,4181.0,4119.0,4196.0,4299.0,,4009.0,,4273.0,,,,,,,,,,,,,,,,,,,,,,,,,,,,,,,,,
2015-07-28,,,,,,,4470.0,4194.0,4083.0,4209.0,4276.0,,4018.0,,4256.0,,,,,,,,,,,,,,,,,,,,,,,,,,,,,,,,,
2015-07-29,,,,,,,4470.0,4175.0,4114.0,,4274.0,4145.0,4065.0,3982.0,4235.0,,,,,,,,,,,,,,,,,,,,,,,,,,,,,,,,,
2015-07-30,,,,,,,4440.0,4170.0,4120.0,,4245.0,,4012.0,3974.0,4194.0,4176.0,,,,,,,,,,,,,,,,,,,,,,,,,,,,,,,,
2015-07-31,,,,,,,4422.0,4171.0,4123.0,,4295.0,4223.0,4000.0,3935.0,4216.0,,,,,,,,,,,,,,,,,,,,,,,,,,,,,,,,,
2015-08-03,,,,,,,4435.0,4198.0,4111.0,,4340.0,,4007.0,,4229.0,,,,,,,,,,,,,,,,,,,,,,,,,,,,,,,,,
2015-08-04,,,,,,,4377.0,,4098.0,,4325.0,,3970.0,,4220.0,,,,,,,,,,,,,,,,,,,,,,,,,,,,,,,,,
2015-08-05,,,,,,,4343.0,4138.0,4032.0,4119.0,4321.0,4104.0,4015.0,3931.0,4198.0,4075.0,,,,,,,,,,,,,,,,,,,,,,,,,,,,,,,,
2015-08-06,,,,,,,4279.0,4048.0,,4094.0,4248.0,,,3911.0,4146.0,,,,,,,,,,,,,,,,,,,,,,,,,,,,,,,,,
2015-08-07,,,,,,,4245.0,4044.0,3988.0,4078.0,4156.0,4080.0,3969.0,3864.0,4091.0,,,,,,,,,,,,,,,,,,,,,,,,,,,,,,,,,
2015-08-10,,,,,,,4268.0,4010.0,3989.0,,4143.0,,4003.0,3968.0,4040.0,,,,,,,,,,,,,,,,,,,,,,,,,,,,,,,,,
2015-08-11,,,,,,,4278.0,4052.0,3995.0,4128.0,4185.0,4009.0,4009.0,,4050.0,,,,,,,,,,,,,,,,,,,,,,,,,,,,,,,,,
2015-08-12,,,,,,,4268.0,4210.0,,,4163.0,,4000.0,,4029.0,,,,,,,,,,,,,,,,,,,,,,,,,,,,,,,,,
2015-08-13,,,,,,,4293.0,4119.0,4040.0,,4151.0,,4002.0,,4046.0,4024.0,,,,,,,,,,,,,,,,,,,,,,,,,,,,,,,,
2015-08-14,,,,,,,4383.0,4109.0,4056.0,,4193.0,3972.0,4018.0,4000.0,4072.0,,,,,,,,,,,,,,,,,,,,,,,,,,,,,,,,,
2015-08-17,,,,,,,4350.0,4000.0,4015.0,4112.0,4140.0,3973.0,3999.0,4000.0,4038.0,,,,,,,,,,,,,,,,,,,,,,,,,,,,,,,,,
2015-08-18,,,,,,,4345.0,3999.0,4043.0,4031.0,4137.0,4046.0,4000.0,,4020.0,,,,,,,,,,,,,,,,,,,,,,,,,,,,,,,,,
2015-08-19,,,,,,,4336.0,3972.0,3986.0,4042.0,4145.0,3960.0,4002.0,3934.0,4025.0,4005.0,,,,,,,,,,,,,,,,,,,,,,,,,,,,,,,,
2015-08-20,,,,,,,4365.0,3998.0,,,4142.0,4017.0,3998.0,3969.0,4020.0,,,,,,,,,,,,,,,,,,,,,,,,,,,,,,,,,
2015-08-21,,,,,,,4348.0,4000.0,3983.0,,4105.0,,4000.0,3916.0,3992.0,,,,,,,,,,,,,,,,,,,,,,,,,,,,,,,,,
2015-08-24,,,,,,,4339.0,3997.0,3950.0,3979.0,4050.0,3963.0,4098.0,3907.0,3945.0,3958.0,,,,,,,,,,,,,,,,,,,,,,,,,,,,,,,,
2015-08-25,,,,,,,4364.0,4037.0,3967.0,4038.0,4070.0,3990.0,3991.0,3899.0,3958.0,,,,,,,,,,,,,,,,,,,,,,,,,,,,,,,,,
2015-08-26,,,,,,,4333.0,3989.0,3902.0,4229.0,4044.0,3880.0,3930.0,3865.0,3868.0,3900.0,,,,,,,,,,,,,,,,,,,,,,,,,,,,,,,,
2015-08-27,,,,,,,4255.0,3937.0,3918.0,3962.0,3960.0,,3915.0,3865.0,3819.0,,,,,,,,,,,,,,,,,,,,,,,,,,,,,,,,,
2015-08-28,,,,,,,4242.0,3949.0,3950.0,4049.0,4046.0,3949.0,3910.0,,3853.0,3941.0,,,,,,,,,,,,,,,,,,,,,,,,,,,,,,,,
2015-08-31,,,,,,,4180.0,3880.0,3896.0,,3945.0,3886.0,3889.0,,3810.0,,,,,,,,,,,,,,,,,,,,,,,,,,,,,,,,,
2015-09-01,,,,,,,3986.0,3853.0,3944.0,3931.0,3950.0,3945.0,3866.0,,3798.0,,,,,,,,,,,,,,,,,,,,,,,,,,,,,,,,,
2015-09-02,,,,,,,3918.0,3786.0,3802.0,3930.0,3928.0,3905.0,3953.0,,3793.0,,,,,,,,,,,,,,,,,,,,,,,,,,,,,,,,,
2015-09-07,,,,,,,3885.0,3769.0,3835.0,,3962.0,3915.0,3872.0,,3820.0,,,,,,,,,,,,,,,,,,,,,,,,,,,,,,,,,
2015-09-08,,,,,,,4118.0,3776.0,3841.0,3904.0,3968.0,3890.0,3871.0,,3806.0,,,,,,,,,,,,,,,,,,,,,,,,,,,,,,,,,
2015-09-09,,,,,,,,3819.0,3802.0,3972.0,3998.0,3941.0,3930.0,3804.0,3830.0,,,,,,,,,,,,,,,,,,,,,,,,,,,,,,,,,
2015-09-10,,,,,,,3985.0,3813.0,3819.0,3939.0,3963.0,3891.0,3891.0,,3793.0,,,,,,,,,,,,,,,,,,,,,,,,,,,,,,,,,
2015-09-11,,,,,,,,3815.0,,,3957.0,3890.0,3885.0,,3790.0,,,,,,,,,,,,,,,,,,,,,,,,,,,,,,,,,
2015-09-14,,,,,,,,3839.0,3800.0,3856.0,3966.0,,3866.0,3819.0,3779.0,,,,,,,,,,,,,,,,,,,,,,,,,,,,,,,,,
2015-09-15,,,,,,,3960.0,3806.0,3790.0,3830.0,3940.0,3841.0,3836.0,3725.0,3728.0,,,,,,,,,,,,,,,,,,,,,,,,,,,,,,,,,
2015-09-16,,,,,,,,3785.0,3769.0,3780.0,3890.0,3801.0,3799.0,3688.0,3683.0,3721.0,,,,,,,,,,,,,,,,,,,,,,,,,,,,,,,,
2015-09-17,,,,,,,,3771.0,3760.0,3808.0,3887.0,3794.0,3751.0,3680.0,3686.0,,3994.0,,,,,,,,,,,,,,,,,,,,,,,,,,,,,,,
2015-09-18,,,,,,,,3770.0,3756.0,3750.0,3871.0,,3769.0,3709.0,3661.0,,4059.0,,,,,,,,,,,,,,,,,,,,,,,,,,,,,,,
2015-09-21,,,,,,,,3770.0,3738.0,3762.0,3879.0,3669.0,3767.0,,3663.0,,4051.0,,,,,,,,,,,,,,,,,,,,,,,,,,,,,,,
2015-09-22,,,,,,,,3768.0,3699.0,3748.0,3858.0,3707.0,3723.0,3661.0,3656.0,3615.0,4056.0,,,,,,,,,,,,,,,,,,,,,,,,,,,,,,,
2015-09-23,,,,,,,,3768.0,3698.0,3724.0,3810.0,,3707.0,3634.0,3622.0,,4020.0,,,,,,,,,,,,,,,,,,,,,,,,,,,,,,,
2015-09-24,,,,,,,,3766.0,3720.0,3698.0,3809.0,3706.0,,3664.0,3612.0,,3998.0,,,,,,,,,,,,,,,,,,,,,,,,,,,,,,,
2015-09-25,,,,,,,,3760.0,,3702.0,3839.0,,3703.0,,3633.0,,4013.0,,,,,,,,,,,,,,,,,,,,,,,,,,,,,,,
2015-09-28,,,,,,,,3720.0,3698.0,3689.0,3827.0,3716.0,3703.0,3668.0,3609.0,,3968.0,,,,,,,,,,,,,,,,,,,,,,,,,,,,,,,
2015-09-29,,,,,,,,3699.0,3679.0,3618.0,3818.0,3701.0,3665.0,,3599.0,,3883.0,,,,,,,,,,,,,,,,,,,,,,,,,,,,,,,
2015-09-30,,,,,,,,3509.0,3535.0,3618.0,3779.0,3738.0,3641.0,3610.0,3568.0,,3825.0,,,,,,,,,,,,,,,,,,,,,,,,,,,,,,,
2015-10-08,,,,,,,,3396.0,3539.0,3759.0,3808.0,3600.0,3545.0,3544.0,3550.0,3600.0,3836.0,,,,,,,,,,,,,,,,,,,,,,,,,,,,,,,
2015-10-09,,,,,,,,3350.0,3452.0,3644.0,3800.0,3587.0,3559.0,,3536.0,,3804.0,,,,,,,,,,,,,,,,,,,,,,,,,,,,,,,
2015-10-12,,,,,,,,,3424.0,3626.0,3758.0,3550.0,3509.0,3450.0,3503.0,,3790.0,,,,,,,,,,,,,,,,,,,,,,,,,,,,,,,
2015-10-13,,,,,,,,,3477.0,3491.0,3693.0,3500.0,3509.0,3478.0,3486.0,3500.0,3779.0,,,,,,,,,,,,,,,,,,,,,,,,,,,,,,,
2015-10-14,,,,,,,,,,3499.0,3698.0,,3487.0,3488.0,3500.0,,3818.0,,,,,,,,,,,,,,,,,,,,,,,,,,,,,,,
2015-10-15,,,,,,,,,3338.0,3504.0,3696.0,3546.0,,3508.0,3528.0,,3993.0,,,,,,,,,,,,,,,,,,,,,,,,,,,,,,,
2015-10-16,,,,,,,,,3289.0,3506.0,3702.0,3534.0,3516.0,3490.0,3543.0,,3937.0,,,,,,,,,,,,,,,,,,,,,,,,,,,,,,,
2015-10-19,,,,,,,,,3324.0,3481.0,3687.0,3503.0,3496.0,3432.0,3528.0,,3893.0,,,,,,,,,,,,,,,,,,,,,,,,,,,,,,,
2015-10-20,,,,,,,,,3300.0,3475.0,3649.0,3490.0,,3502.0,3520.0,,3888.0,,,,,,,,,,,,,,,,,,,,,,,,,,,,,,,
2015-10-21,,,,,,,,,3332.0,3489.0,3671.0,3515.0,,3524.0,3529.0,,3896.0,,,,,,,,,,,,,,,,,,,,,,,,,,,,,,,
2015-10-22,,,,,,,,,,3483.0,3680.0,3536.0,3496.0,3488.0,3527.0,,3887.0,,,,,,,,,,,,,,,,,,,,,,,,,,,,,,,
2015-10-23,,,,,,,,,3339.0,3498.0,3688.0,3540.0,3479.0,3464.0,3524.0,3460.0,3887.0,,,,,,,,,,,,,,,,,,,,,,,,,,,,,,,
2015-10-26,,,,,,,,,3281.0,3496.0,3682.0,3513.0,3494.0,3464.0,3510.0,3565.0,3865.0,,,,,,,,,,,,,,,,,,,,,,,,,,,,,,,
2015-10-27,,,,,,,,,3191.0,3460.0,3693.0,3469.0,3465.0,3618.0,3496.0,3533.0,3853.0,,,,,,,,,,,,,,,,,,,,,,,,,,,,,,,
2015-10-28,,,,,,,,,3179.0,,3699.0,3475.0,3433.0,3468.0,3460.0,3450.0,3818.0,,,,,,,,,,,,,,,,,,,,,,,,,,,,,,,
2015-10-29,,,,,,,,,3149.0,3377.0,3670.0,3464.0,3433.0,3420.0,3443.0,,3817.0,3567.0,,,,,,,,,,,,,,,,,,,,,,,,,,,,,,
2015-10-30,,,,,,,,,3062.0,3322.0,3675.0,3487.0,3408.0,3428.0,3455.0,3440.0,3863.0,3571.0,,,,,,,,,,,,,,,,,,,,,,,,,,,,,,
2015-11-02,,,,,,,,,3070.0,3257.0,3670.0,3456.0,3370.0,3405.0,3443.0,,3845.0,3570.0,,,,,,,,,,,,,,,,,,,,,,,,,,,,,,
2015-11-03,,,,,,,,,,,3750.0,3498.0,3444.0,3454.0,3500.0,,3867.0,,,,,,,,,,,,,,,,,,,,,,,,,,,,,,,
2015-11-04,,,,,,,,,,,3766.0,3501.0,3448.0,3469.0,3508.0,3486.0,3873.0,3566.0,,,,,,,,,,,,,,,,,,,,,,,,,,,,,,
2015-11-05,,,,,,,,,,3299.0,3778.0,3500.0,3473.0,3478.0,3510.0,,3872.0,3576.0,,,,,,,,,,,,,,,,,,,,,,,,,,,,,,
2015-11-06,,,,,,,,,,3374.0,3792.0,3479.0,3464.0,3436.0,3504.0,,3868.0,,,,,,,,,,,,,,,,,,,,,,,,,,,,,,,
2015-11-09,,,,,,,,,3051.0,3410.0,3820.0,,3433.0,3449.0,3481.0,,3885.0,,,,,,,,,,,,,,,,,,,,,,,,,,,,,,,
2015-11-10,,,,,,,,,3050.0,3400.0,3766.0,3442.0,3419.0,3406.0,3465.0,3431.0,3865.0,3570.0,,,,,,,,,,,,,,,,,,,,,,,,,,,,,,
2015-11-11,,,,,,,,,,3507.0,3760.0,3454.0,3411.0,3413.0,3450.0,3430.0,3851.0,,,,,,,,,,,,,,,,,,,,,,,,,,,,,,,
2015-11-12,,,,,,,,,,3410.0,3800.0,,3392.0,3438.0,3461.0,3450.0,3861.0,,,,,,,,,,,,,,,,,,,,,,,,,,,,,,,
2015-11-13,,,,,,,,,,3402.0,3807.0,,3387.0,3419.0,3462.0,3452.0,3868.0,,,,,,,,,,,,,,,,,,,,,,,,,,,,,,,
2015-11-16,,,,,,,,,,3333.0,3784.0,3401.0,3361.0,3400.0,3448.0,3442.0,3860.0,,,,,,,,,,,,,,,,,,,,,,,,,,,,,,,
2015-11-17,,,,,,,,,,3170.0,3731.0,3329.0,3306.0,3355.0,3348.0,3332.0,3813.0,3485.0,,,,,,,,,,,,,,,,,,,,,,,,,,,,,,
2015-11-18,,,,,,,,,,3324.0,3698.0,3341.0,3302.0,3300.0,3325.0,,3797.0,3474.0,,,,,,,,,,,,,,,,,,,,,,,,,,,,,,
2015-11-19,,,,,,,,,,3420.0,3716.0,3427.0,3329.0,3301.0,3279.0,3226.0,3778.0,,,,,,,,,,,,,,,,,,,,,,,,,,,,,,,
2015-11-20,,,,,,,,,,3441.0,3800.0,3400.0,3332.0,3276.0,3283.0,3344.0,3815.0,3425.0,,,,,,,,,,,,,,,,,,,,,,,,,,,,,,
2015-11-23,,,,,,,,,,3612.0,3848.0,3355.0,3225.0,3235.0,3266.0,3300.0,3805.0,,,,,,,,,,,,,,,,,,,,,,,,,,,,,,,
2015-11-24,,,,,,,,,,,3792.0,3250.0,3205.0,3194.0,3210.0,3164.0,3780.0,3483.0,,,,,,,,,,,,,,,,,,,,,,,,,,,,,,
2015-11-25,,,,,,,,,,3460.0,3772.0,3195.0,3295.0,3223.0,3248.0,3282.0,3789.0,3399.0,,,,,,,,,,,,,,,,,,,,,,,,,,,,,,
2015-11-26,,,,,,,,,,,3795.0,3275.0,3279.0,3273.0,3312.0,3354.0,3744.0,3350.0,,,,,,,,,,,,,,,,,,,,,,,,,,,,,,
2015-11-27,,,,,,,,,,,3737.0,3220.0,3230.0,3208.0,3248.0,3300.0,3708.0,3345.0,,,,,,,,,,,,,,,,,,,,,,,,,,,,,,
2015-11-30,,,,,,,,,,3365.0,3809.0,3289.0,3260.0,3268.0,3307.0,3356.0,3720.0,3336.0,3424.0,,,,,,,,,,,,,,,,,,,,,,,,,,,,,
2015-12-01,,,,,,,,,,3360.0,3830.0,3325.0,3268.0,3292.0,3338.0,3293.0,3748.0,3313.0,,,,,,,,,,,,,,,,,,,,,,,,,,,,,,
2015-12-02,,,,,,,,,,,3824.0,,3265.0,3242.0,3336.0,3324.0,3750.0,3357.0,,,,,,,,,,,,,,,,,,,,,,,,,,,,,,
2015-12-03,,,,,,,,,,,3786.0,3250.0,3240.0,3227.0,3325.0,3287.0,3745.0,3340.0,,,,,,,,,,,,,,,,,,,,,,,,,,,,,,
2015-12-04,,,,,,,,,,,3782.0,3202.0,,3250.0,3295.0,3271.0,3737.0,3341.0,,,,,,,,,,,,,,,,,,,,,,,,,,,,,,
2015-12-07,,,,,,,,,,,3783.0,3209.0,3226.0,,3298.0,3275.0,3729.0,3356.0,3459.0,,,,,,,,,,,,,,,,,,,,,,,,,,,,,
2015-12-08,,,,,,,,,,3280.0,3770.0,3176.0,3200.0,3211.0,3257.0,3211.0,3717.0,3332.0,3411.0,,,,,,,,,,,,,,,,,,,,,,,,,,,,,
2015-12-09,,,,,,,,,,,3777.0,3187.0,3217.0,3178.0,3220.0,3204.0,3703.0,3339.0,3274.0,,,,,,,,,,,,,,,,,,,,,,,,,,,,,
2015-12-10,,,,,,,,,,,3747.0,,3169.0,3191.0,3210.0,3203.0,3690.0,3301.0,,,,,,,,,,,,,,,,,,,,,,,,,,,,,,
2015-12-11,,,,,,,,,,,3710.0,3167.0,3179.0,,3205.0,3206.0,3698.0,3325.0,,,,,,,,,,,,,,,,,,,,,,,,,,,,,,
2015-12-14,,,,,,,,,,,3709.0,3167.0,3158.0,3158.0,3185.0,,3688.0,3305.0,,,,,,,,,,,,,,,,,,,,,,,,,,,,,,
2015-12-15,,,,,,,,,,,3719.0,3215.0,3196.0,3221.0,3219.0,3194.0,3699.0,3378.0,,,,,,,,,,,,,,,,,,,,,,,,,,,,,,
2015-12-16,,,,,,,,,,,3690.0,3222.0,3188.0,3175.0,3205.0,,3695.0,3310.0,,,,,,,,,,,,,,,,,,,,,,,,,,,,,,
2015-12-17,,,,,,,,,,,3692.0,3360.0,3182.0,,3211.0,3198.0,3697.0,3309.0,3264.0,,,,,,,,,,,,,,,,,,,,,,,,,,,,,
2015-12-18,,,,,,,,,,,3713.0,3309.0,3202.0,,3219.0,3207.0,3708.0,3319.0,,,,,,,,,,,,,,,,,,,,,,,,,,,,,,
2015-12-21,,,,,,,,,,,3755.0,3302.0,3236.0,3232.0,3296.0,3299.0,3775.0,3358.0,3363.0,3437.0,,,,,,,,,,,,,,,,,,,,,,,,,,,,
2015-12-22,,,,,,,,,,,3762.0,3310.0,3252.0,,3320.0,,3792.0,3387.0,,,,,,,,,,,,,,,,,,,,,,,,,,,,,,
2015-12-23,,,,,,,,,,,3765.0,3304.0,3219.0,3266.0,3296.0,3233.0,3782.0,3356.0,,,,,,,,,,,,,,,,,,,,,,,,,,,,,,
2015-12-24,,,,,,,,,,,3760.0,,3220.0,3218.0,3300.0,3258.0,3791.0,3360.0,,,,,,,,,,,,,,,,,,,,,,,,,,,,,,
2015-12-25,,,,,,,,,,,3757.0,,3209.0,3214.0,3296.0,,3795.0,3367.0,3399.0,,,,,,,,,,,,,,,,,,,,,,,,,,,,,
2015-12-28,,,,,,,,,,,3740.0,,3160.0,,3255.0,3226.0,3760.0,3342.0,3387.0,,,,,,,,,,,,,,,,,,,,,,,,,,,,,
2015-12-29,,,,,,,,,,,3690.0,3267.0,3199.0,3216.0,3216.0,3218.0,3703.0,3340.0,3360.0,,,,,,,,,,,,,,,,,,,,,,,,,,,,,
2015-12-30,,,,,,,,,,,3688.0,3165.0,3171.0,,3248.0,3238.0,3736.0,3315.0,,,,,,,,,,,,,,,,,,,,,,,,,,,,,,
2015-12-31,,,,,,,,,,,3678.0,3293.0,3179.0,3170.0,3228.0,3245.0,3699.0,3333.0,3407.0,,,,,,,,,,,,,,,,,,,,,,,,,,,,,
2016-01-04,,,,,,,,,,,3696.0,3198.0,3157.0,3148.0,3245.0,3238.0,3710.0,3322.0,3333.0,,,,,,,,,,,,,,,,,,,,,,,,,,,,,
2016-01-05,,,,,,,,,,,3451.0,3176.0,3175.0,,3250.0,3219.0,3705.0,3332.0,,3398.0,,,,,,,,,,,,,,,,,,,,,,,,,,,,
2016-01-06,,,,,,,,,,,3639.0,3214.0,3167.0,,3264.0,3238.0,3708.0,3380.0,,,,,,,,,,,,,,,,,,,,,,,,,,,,,,
2016-01-07,,,,,,,,,,,3710.0,3151.0,3186.0,3198.0,3282.0,3254.0,3699.0,3355.0,,,,,,,,,,,,,,,,,,,,,,,,,,,,,,
2016-01-08,,,,,,,,,,,3710.0,3197.0,3176.0,3189.0,3278.0,3249.0,3665.0,3340.0,,,,,,,,,,,,,,,,,,,,,,,,,,,,,,
2016-01-11,,,,,,,,,,,3795.0,3209.0,3167.0,3193.0,3270.0,3213.0,3635.0,3350.0,3270.0,3255.0,,,,,,,,,,,,,,,,,,,,,,,,,,,,
2016-01-12,,,,,,,,,,,3810.0,3225.0,3142.0,3162.0,3225.0,3221.0,3583.0,3313.0,,,,,,,,,,,,,,,,,,,,,,,,,,,,,,
2016-01-13,,,,,,,,,,,3950.0,3180.0,3140.0,,3208.0,3192.0,3580.0,3316.0,3288.0,3393.0,,,,,,,,,,,,,,,,,,,,,,,,,,,,
2016-01-14,,,,,,,,,,,4130.0,3279.0,3160.0,3142.0,3164.0,3179.0,3545.0,3294.0,3266.0,,,,,,,,,,,,,,,,,,,,,,,,,,,,,
2016-01-15,,,,,,,,,,,,3267.0,3170.0,,3175.0,3152.0,3548.0,3301.0,3270.0,,,,,,,,,,,,,,,,,,,,,,,,,,,,,
2016-01-18,,,,,,,,,,,,3400.0,3250.0,,3246.0,3222.0,3580.0,3311.0,3268.0,3299.0,3331.0,,,,,,,,,,,,,,,,,,,,,,,,,,,
2016-01-19,,,,,,,,,,,,3455.0,3275.0,3218.0,3260.0,3207.0,3602.0,3333.0,3261.0,,3340.0,,,,,,,,,,,,,,,,,,,,,,,,,,,
2016-01-20,,,,,,,,,,,,3495.0,3293.0,3226.0,3264.0,3217.0,3577.0,3317.0,3271.0,,3342.0,,,,,,,,,,,,,,,,,,,,,,,,,,,
2016-01-21,,,,,,,,,,,,3526.0,3356.0,3265.0,3325.0,3239.0,3620.0,3318.0,3281.0,,3350.0,,,,,,,,,,,,,,,,,,,,,,,,,,,
2016-01-22,,,,,,,,,,,,3580.0,3422.0,3312.0,3391.0,3335.0,3679.0,3336.0,3338.0,3355.0,3390.0,,,,,,,,,,,,,,,,,,,,,,,,,,,
2016-01-25,,,,,,,,,,,,3500.0,3402.0,3204.0,3318.0,3289.0,3598.0,3300.0,,3330.0,3339.0,,,,,,,,,,,,,,,,,,,,,,,,,,,
2016-01-26,,,,,,,,,,,,3328.0,3241.0,3217.0,3285.0,3250.0,3594.0,3305.0,,,3330.0,,,,,,,,,,,,,,,,,,,,,,,,,,,
2016-01-27,,,,,,,,,,,,3309.0,3193.0,3175.0,3288.0,3256.0,3596.0,3300.0,,,3329.0,,,,,,,,,,,,,,,,,,,,,,,,,,,
2016-01-28,,,,,,,,,,,,3333.0,3176.0,3183.0,3292.0,3230.0,3585.0,3290.0,,,3331.0,,,,,,,,,,,,,,,,,,,,,,,,,,,
2016-01-29,,,,,,,,,,,,3260.0,3172.0,3135.0,3230.0,3181.0,3561.0,3279.0,,,3314.0,,,,,,,,,,,,,,,,,,,,,,,,,,,
2016-02-01,,,,,,,,,,,,3000.0,3175.0,3150.0,3248.0,3198.0,3569.0,3290.0,,,3302.0,,,,,,,,,,,,,,,,,,,,,,,,,,,
2016-02-02,,,,,,,,,,,,2878.0,3093.0,3096.0,3242.0,3192.0,3598.0,3310.0,,,3289.0,,,,,,,,,,,,,,,,,,,,,,,,,,,
2016-02-03,,,,,,,,,,,,,3092.0,3094.0,3239.0,3170.0,3600.0,3297.0,,,3285.0,,,,,,,,,,,,,,,,,,,,,,,,,,,
2016-02-04,,,,,,,,,,,,,3111.0,3120.0,3270.0,3198.0,3650.0,3303.0,3225.0,,3302.0,,,,,,,,,,,,,,,,,,,,,,,,,,,
2016-02-05,,,,,,,,,,,,3000.0,3091.0,3094.0,3231.0,3183.0,3609.0,3289.0,,,3290.0,,,,,,,,,,,,,,,,,,,,,,,,,,,
2016-02-15,,,,,,,,,,,,,3056.0,3049.0,3175.0,3163.0,3583.0,3274.0,3196.0,3316.0,3289.0,,,,,,,,,,,,,,,,,,,,,,,,,,,
2016-02-16,,,,,,,,,,,,2950.0,3028.0,2999.0,3112.0,3113.0,3564.0,3253.0,3144.0,3199.0,3299.0,,,,,,,,,,,,,,,,,,,,,,,,,,,
2016-02-17,,,,,,,,,,,,2890.0,3050.0,2999.0,3115.0,3115.0,3572.0,3243.0,3160.0,,3299.0,,,,,,,,,,,,,,,,,,,,,,,,,,,
2016-02-18,,,,,,,,,,,,,3035.0,3000.0,3095.0,3089.0,3585.0,3259.0,3108.0,,3303.0,,,,,,,,,,,,,,,,,,,,,,,,,,,
2016-02-19,,,,,,,,,,,,,3158.0,3088.0,3108.0,3100.0,3584.0,3259.0,3118.0,,3300.0,,,,,,,,,,,,,,,,,,,,,,,,,,,
2016-02-22,,,,,,,,,,,,,3108.0,3065.0,3131.0,3116.0,3612.0,3344.0,3130.0,3266.0,3320.0,,,,,,,,,,,,,,,,,,,,,,,,,,,
2016-02-23,,,,,,,,,,,,,3066.0,3014.0,3109.0,3095.0,3590.0,3245.0,3115.0,3221.0,3322.0,,,,,,,,,,,,,,,,,,,,,,,,,,,
2016-02-24,,,,,,,,,,,,,3005.0,2991.0,3090.0,3091.0,3580.0,3252.0,3115.0,3214.0,3320.0,,,,,,,,,,,,,,,,,,,,,,,,,,,
2016-02-25,,,,,,,,,,,,,3057.0,2906.0,3070.0,3081.0,3535.0,3224.0,3116.0,3188.0,3290.0,3245.0,,,,,,,,,,,,,,,,,,,,,,,,,,
2016-02-26,,,,,,,,,,,,,3025.0,2900.0,3066.0,3070.0,3472.0,3210.0,3126.0,3154.0,3270.0,3168.0,,,,,,,,,,,,,,,,,,,,,,,,,,
2016-02-29,,,,,,,,,,,,,2976.0,2876.0,3030.0,3095.0,3458.0,3209.0,3089.0,,3246.0,,,,,,,,,,,,,,,,,,,,,,,,,,,
2016-03-01,,,,,,,,,,,,,2765.0,2886.0,3037.0,3088.0,3488.0,3223.0,3064.0,3137.0,3243.0,3105.0,,,,,,,,,,,,,,,,,,,,,,,,,,
2016-03-02,,,,,,,,,,,,,2571.0,2859.0,3036.0,3069.0,3474.0,3223.0,3065.0,,3215.0,3110.0,,,,,,,,,,,,,,,,,,,,,,,,,,
2016-03-03,,,,,,,,,,,,,2417.0,2868.0,3075.0,3069.0,3493.0,3200.0,3080.0,,3227.0,3108.0,,,,,,,,,,,,,,,,,,,,,,,,,,
2016-03-04,,,,,,,,,,,,,,2889.0,3098.0,3098.0,3530.0,3225.0,3120.0,,3255.0,3109.0,,,,,,,,,,,,,,,,,,,,,,,,,,
2016-03-07,,,,,,,,,,,,,,2912.0,3199.0,3140.0,3603.0,3299.0,3159.0,,3305.0,3151.0,,,,,,,,,,,,,,,,,,,,,,,,,,
2016-03-08,,,,,,,,,,,,,,2885.0,3150.0,3096.0,3565.0,3256.0,3148.0,3218.0,3280.0,3147.0,,,,,,,,,,,,,,,,,,,,,,,,,,
2016-03-09,,,,,,,,,,,,,,2885.0,3142.0,3120.0,3609.0,3279.0,3170.0,3213.0,3298.0,3157.0,,,,,,,,,,,,,,,,,,,,,,,,,,
2016-03-10,,,,,,,,,,,,,2877.0,2889.0,3148.0,3118.0,3632.0,3299.0,3184.0,,3319.0,3180.0,,,,,,,,,,,,,,,,,,,,,,,,,,
2016-03-11,,,,,,,,,,,,,2980.0,2881.0,3143.0,3123.0,3658.0,3315.0,3220.0,3217.0,3352.0,3200.0,,,,,,,,,,,,,,,,,,,,,,,,,,
2016-03-14,,,,,,,,,,,,,,2918.0,3172.0,3134.0,3679.0,3330.0,3305.0,,3363.0,3235.0,,,,,,,,,,,,,,,,,,,,,,,,,,
2016-03-15,,,,,,,,,,,,,,2908.0,3204.0,3144.0,3697.0,3328.0,3289.0,3217.0,3375.0,3241.0,3225.0,,,,,,,,,,,,,,,,,,,,,,,,,
2016-03-16,,,,,,,,,,,,,,2889.0,3223.0,3145.0,3690.0,3341.0,3294.0,3246.0,3386.0,3220.0,3179.0,,,,,,,,,,,,,,,,,,,,,,,,,
2016-03-17,,,,,,,,,,,,,,,3203.0,3147.0,3648.0,3331.0,3264.0,3255.0,3356.0,3219.0,3193.0,,,,,,,,,,,,,,,,,,,,,,,,,
2016-03-18,,,,,,,,,,,,,,3009.0,3281.0,3188.0,3705.0,3376.0,3300.0,3364.0,3401.0,3258.0,3239.0,,,,,,,,,,,,,,,,,,,,,,,,,
2016-03-21,,,,,,,,,,,,,,2944.0,3232.0,3171.0,3665.0,3364.0,3277.0,3352.0,3394.0,3262.0,3256.0,,,,,,,,,,,,,,,,,,,,,,,,,
2016-03-22,,,,,,,,,,,,,,2940.0,3265.0,3189.0,3744.0,3409.0,3330.0,,3460.0,3298.0,3298.0,,,,,,,,,,,,,,,,,,,,,,,,,
2016-03-23,,,,,,,,,,,,,,2904.0,3278.0,3278.0,3781.0,3533.0,3350.0,3438.0,3486.0,3361.0,3320.0,,,,,,,,,,,,,,,,,,,,,,,,,
2016-03-24,,,,,,,,,,,,,,2856.0,3244.0,3238.0,3794.0,3462.0,3369.0,,3498.0,3340.0,3352.0,,,,,,,,,,,,,,,,,,,,,,,,,
2016-03-25,,,,,,,,,,,,,,2894.0,3236.0,3245.0,3815.0,3488.0,3398.0,3439.0,3514.0,3323.0,3406.0,,,,,,,,,,,,,,,,,,,,,,,,,
2016-03-28,,,,,,,,,,,,,,2915.0,3225.0,3227.0,3813.0,3480.0,3443.0,3442.0,3495.0,3306.0,3300.0,,,,,,,,,,,,,,,,,,,,,,,,,
2016-03-29,,,,,,,,,,,,,,2850.0,3180.0,3176.0,3778.0,3470.0,3357.0,3375.0,3460.0,3278.0,3256.0,,,,,,,,,,,,,,,,,,,,,,,,,
2016-03-30,,,,,,,,,,,,,,2885.0,3174.0,3176.0,3765.0,3436.0,3340.0,,3445.0,3248.0,3259.0,,,,,,,,,,,,,,,,,,,,,,,,,
2016-03-31,,,,,,,,,,,,,,2827.0,3161.0,3151.0,3725.0,3459.0,3313.0,3300.0,3418.0,3199.0,3202.0,,,,,,,,,,,,,,,,,,,,,,,,,
2016-04-01,,,,,,,,,,,,,,2700.0,3122.0,3122.0,3685.0,3397.0,3277.0,3282.0,3378.0,3188.0,3199.0,,,,,,,,,,,,,,,,,,,,,,,,,
2016-04-05,,,,,,,,,,,,,,2862.0,3160.0,3159.0,3784.0,3495.0,3380.0,3330.0,3451.0,3231.0,3237.0,,,,,,,,,,,,,,,,,,,,,,,,,
2016-04-06,,,,,,,,,,,,,,2691.0,3171.0,3163.0,3786.0,3465.0,3363.0,3320.0,3450.0,3229.0,3237.0,,,,,,,,,,,,,,,,,,,,,,,,,
2016-04-07,,,,,,,,,,,,,,,3197.0,3197.0,3800.0,3450.0,3380.0,,3446.0,3236.0,3230.0,,,,,,,,,,,,,,,,,,,,,,,,,
2016-04-08,,,,,,,,,,,,,,,3178.0,3176.0,3786.0,3430.0,3353.0,,3403.0,,3228.0,,,,,,,,,,,,,,,,,,,,,,,,,
2016-04-11,,,,,,,,,,,,,,2810.0,3199.0,3198.0,3875.0,3449.0,3384.0,3381.0,3440.0,3236.0,3247.0,,,,,,,,,,,,,,,,,,,,,,,,,
2016-04-12,,,,,,,,,,,,,,2978.0,3193.0,3196.0,3886.0,3428.0,3367.0,,3435.0,3230.0,3231.0,,,,,,,,,,,,,,,,,,,,,,,,,
2016-04-13,,,,,,,,,,,,,,3010.0,3230.0,3277.0,3989.0,3529.0,3447.0,3413.0,3498.0,3290.0,3312.0,,,,,,,,,,,,,,,,,,,,,,,,,
2016-04-14,,,,,,,,,,,,,,3180.0,3198.0,3257.0,3951.0,3519.0,3381.0,3401.0,3477.0,3293.0,3277.0,,,,,,,,,,,,,,,,,,,,,,,,,
2016-04-15,,,,,,,,,,,,,,,3199.0,3243.0,3938.0,3528.0,3403.0,,3498.0,3293.0,3295.0,,,,,,,,,,,,,,,,,,,,,,,,,
2016-04-18,,,,,,,,,,,,,,,3195.0,3269.0,4014.0,3569.0,3449.0,,3558.0,3331.0,3335.0,3433.0,,,,,,,,,,,,,,,,,,,,,,,,
2016-04-19,,,,,,,,,,,,,,,3195.0,3277.0,4005.0,3563.0,3459.0,,3568.0,3343.0,3341.0,3379.0,,,,,,,,,,,,,,,,,,,,,,,,
2016-04-20,,,,,,,,,,,,,,,3230.0,3378.0,4178.0,3700.0,3602.0,,3696.0,3469.0,3479.0,3404.0,,,,,,,,,,,,,,,,,,,,,,,,
2016-04-21,,,,,,,,,,,,,,,3370.0,3474.0,4301.0,3807.0,3717.0,,3809.0,3587.0,3591.0,3574.0,,,,,,,,,,,,,,,,,,,,,,,,
2016-04-22,,,,,,,,,,,,,,,3330.0,3625.0,4251.0,3792.0,3780.0,,3780.0,3550.0,3655.0,3541.0,,,,,,,,,,,,,,,,,,,,,,,,
2016-04-25,,,,,,,,,,,,,,,3224.0,3483.0,4145.0,3717.0,3679.0,3620.0,3686.0,3485.0,3536.0,3568.0,,,,,,,,,,,,,,,,,,,,,,,,
2016-04-26,,,,,,,,,,,,,,,3207.0,3458.0,4160.0,3749.0,3700.0,3581.0,3700.0,3487.0,3530.0,,,,,,,,,,,,,,,,,,,,,,,,,
2016-04-27,,,,,,,,,,,,,,,3208.0,3359.0,4120.0,3722.0,3644.0,,3685.0,3498.0,3517.0,3451.0,,,,,,,,,,,,,,,,,,,,,,,,
2016-04-28,,,,,,,,,,,,,,,3181.0,3350.0,4030.0,3643.0,3613.0,,3653.0,3482.0,3498.0,3450.0,,,,,,,,,,,,,,,,,,,,,,,,
2016-04-29,,,,,,,,,,,,,,,3161.0,3344.0,4044.0,3688.0,3621.0,,3668.0,3468.0,3504.0,3452.0,,,,,,,,,,,,,,,,,,,,,,,,
2016-05-03,,,,,,,,,,,,,,,3150.0,3316.0,4098.0,3705.0,3655.0,,3686.0,3492.0,3520.0,3562.0,,,,,,,,,,,,,,,,,,,,,,,,
2016-05-04,,,,,,,,,,,,,,,,3285.0,4079.0,3699.0,3620.0,3558.0,3664.0,3479.0,3496.0,3501.0,,,,,,,,,,,,,,,,,,,,,,,,
2016-05-05,,,,,,,,,,,,,,,,3280.0,4108.0,3631.0,3618.0,3602.0,3674.0,3478.0,3476.0,,,,,,,,,,,,,,,,,,,,,,,,,
2016-05-06,,,,,,,,,,,,,,,3188.0,3280.0,4000.0,3584.0,3594.0,3550.0,3600.0,3438.0,3435.0,3414.0,,,,,,,,,,,,,,,,,,,,,,,,
2016-05-09,,,,,,,,,,,,,,,,3276.0,3965.0,3640.0,3548.0,,3585.0,3405.0,3528.0,,,,,,,,,,,,,,,,,,,,,,,,,
2016-05-10,,,,,,,,,,,,,,,3195.0,3258.0,3920.0,3578.0,3516.0,3531.0,3516.0,3398.0,3394.0,,,,,,,,,,,,,,,,,,,,,,,,,
2016-05-11,,,,,,,,,,,,,,,3190.0,3271.0,3985.0,3643.0,3604.0,,3566.0,3426.0,3477.0,,,,,,,,,,,,,,,,,,,,,,,,,
2016-05-12,,,,,,,,,,,,,,,3370.0,3259.0,3940.0,3600.0,3525.0,,3550.0,3409.0,3416.0,3420.0,,,,,,,,,,,,,,,,,,,,,,,,
2016-05-13,,,,,,,,,,,,,,,3390.0,3210.0,3858.0,3628.0,3500.0,3468.0,3490.0,3388.0,3363.0,3387.0,,,,,,,,,,,,,,,,,,,,,,,,
2016-05-16,,,,,,,,,,,,,,,,3191.0,3853.0,3584.0,3535.0,,3485.0,3375.0,3374.0,,,,,,,,,,,,,,,,,,,,,,,,,
2016-05-17,,,,,,,,,,,,,,,,3178.0,3846.0,3600.0,,,3498.0,3378.0,3369.0,3329.0,3300.0,,,,,,,,,,,,,,,,,,,,,,,
2016-05-18,,,,,,,,,,,,,,,,3200.0,3938.0,3660.0,3572.0,,3568.0,3414.0,3393.0,3360.0,3360.0,,,,,,,,,,,,,,,,,,,,,,,
2016-05-19,,,,,,,,,,,,,,,,3165.0,3850.0,3565.0,3514.0,,3516.0,3389.0,3349.0,,3320.0,,,,,,,,,,,,,,,,,,,,,,,
2016-05-20,,,,,,,,,,,,,,,,3174.0,3868.0,3556.0,3480.0,,3522.0,3388.0,3434.0,3340.0,3318.0,,,,,,,,,,,,,,,,,,,,,,,
2016-05-23,,,,,,,,,,,,,,,,3157.0,3798.0,3511.0,3497.0,3500.0,3489.0,3383.0,3340.0,3377.0,3310.0,,,,,,,,,,,,,,,,,,,,,,,
2016-05-24,,,,,,,,,,,,,,,,3143.0,3837.0,3530.0,,3518.0,3516.0,3390.0,3355.0,3348.0,3310.0,,,,,,,,,,,,,,,,,,,,,,,
2016-05-25,,,,,,,,,,,,,,,,3139.0,3894.0,3570.0,3551.0,,3540.0,3416.0,3374.0,3363.0,3330.0,,,,,,,,,,,,,,,,,,,,,,,
2016-05-26,,,,,,,,,,,,,,,,3132.0,3920.0,3577.0,,3517.0,3563.0,3392.0,3395.0,3362.0,3344.0,,,,,,,,,,,,,,,,,,,,,,,
2016-05-27,,,,,,,,,,,,,,,,3137.0,3995.0,3598.0,3580.0,3558.0,3613.0,3431.0,3393.0,3441.0,3340.0,,,,,,,,,,,,,,,,,,,,,,,
2016-05-30,,,,,,,,,,,,,,,,3084.0,4016.0,3606.0,3592.0,,3617.0,3440.0,3411.0,,3346.0,,,,,,,,,,,,,,,,,,,,,,,
2016-05-31,,,,,,,,,,,,,,,,3019.0,4014.0,3600.0,3584.0,3560.0,3625.0,3399.0,3388.0,,3348.0,,,,,,,,,,,,,,,,,,,,,,,
2016-06-01,,,,,,,,,,,,,,,,3098.0,3920.0,3561.0,3532.0,3523.0,3588.0,3371.0,3398.0,3364.0,3333.0,,,,,,,,,,,,,,,,,,,,,,,
2016-06-02,,,,,,,,,,,,,,,,3120.0,3879.0,3520.0,3545.0,3448.0,3570.0,3379.0,3361.0,3382.0,3333.0,,,,,,,,,,,,,,,,,,,,,,,
2016-06-03,,,,,,,,,,,,,,,,,3884.0,3532.0,3538.0,,3575.0,3388.0,3376.0,,3341.0,,,,,,,,,,,,,,,,,,,,,,,
2016-06-06,,,,,,,,,,,,,,,,,3950.0,3560.0,3631.0,,3596.0,3398.0,3390.0,,3365.0,,,,,,,,,,,,,,,,,,,,,,,
2016-06-07,,,,,,,,,,,,,,,,,3972.0,3571.0,3558.0,,3603.0,,3396.0,,3370.0,,,,,,,,,,,,,,,,,,,,,,,
2016-06-08,,,,,,,,,,,,,,,,,3958.0,3567.0,3551.0,,3598.0,,3413.0,,3384.0,,,,,,,,,,,,,,,,,,,,,,,
2016-06-13,,,,,,,,,,,,,,,,3080.0,4067.0,3600.0,3590.0,3580.0,3689.0,3447.0,3521.0,3453.0,3484.0,,,,,,,,,,,,,,,,,,,,,,,
2016-06-14,,,,,,,,,,,,,,,,3203.0,4048.0,3581.0,3515.0,,3673.0,3429.0,3439.0,,3469.0,,,,,,,,,,,,,,,,,,,,,,,
2016-06-15,,,,,,,,,,,,,,,,,4034.0,3527.0,3465.0,3420.0,3644.0,3376.0,3386.0,,3448.0,,,,,,,,,,,,,,,,,,,,,,,
2016-06-16,,,,,,,,,,,,,,,,3120.0,3880.0,3490.0,3447.0,,3552.0,3373.0,3355.0,3408.0,3379.0,,,,,,,,,,,,,,,,,,,,,,,
2016-06-17,,,,,,,,,,,,,,,,,3918.0,3512.0,3461.0,,3598.0,3397.0,3392.0,,3413.0,3234.0,,,,,,,,,,,,,,,,,,,,,,
2016-06-20,,,,,,,,,,,,,,,,,3929.0,3512.0,3489.0,,3600.0,3410.0,3400.0,,3414.0,3380.0,,,,,,,,,,,,,,,,,,,,,,
2016-06-21,,,,,,,,,,,,,,,,,3903.0,3498.0,3433.0,3498.0,3589.0,3393.0,3400.0,,3409.0,3363.0,,,,,,,,,,,,,,,,,,,,,,
2016-06-22,,,,,,,,,,,,,,,,,3840.0,3488.0,,,3561.0,3396.0,,,3387.0,,,,,,,,,,,,,,,,,,,,,,,
2016-06-23,,,,,,,,,,,,,,,,,3849.0,3493.0,3442.0,3375.0,3579.0,3403.0,,,3400.0,,,,,,,,,,,,,,,,,,,,,,,
2016-06-24,,,,,,,,,,,,,,,,,3874.0,3500.0,3449.0,,3579.0,3395.0,3410.0,,3406.0,3400.0,,,,,,,,,,,,,,,,,,,,,,
2016-06-27,,,,,,,,,,,,,,,,,3988.0,3570.0,3502.0,3525.0,3645.0,3420.0,3438.0,,3450.0,3435.0,,,,,,,,,,,,,,,,,,,,,,
2016-06-28,,,,,,,,,,,,,,,,,4049.0,3555.0,3484.0,,3673.0,3440.0,3440.0,,3483.0,,,,,,,,,,,,,,,,,,,,,,,
2016-06-29,,,,,,,,,,,,,,,,,4138.0,3600.0,3540.0,3507.0,3750.0,3466.0,3452.0,3526.0,3636.0,3474.0,,,,,,,,,,,,,,,,,,,,,,
2016-06-30,,,,,,,,,,,,,,,,,4110.0,3569.0,,3519.0,3712.0,3464.0,3450.0,,3540.0,3542.0,,,,,,,,,,,,,,,,,,,,,,
2016-07-01,,,,,,,,,,,,,,,,,4187.0,3618.0,3536.0,3559.0,3727.0,3474.0,3473.0,3500.0,3554.0,,,,,,,,,,,,,,,,,,,,,,,
2016-07-04,,,,,,,,,,,,,,,,,4258.0,3620.0,3550.0,,3764.0,3508.0,3523.0,3590.0,3570.0,,,,,,,,,,,,,,,,,,,,,,,
2016-07-05,,,,,,,,,,,,,,,,,4237.0,3600.0,3498.0,3499.0,3798.0,3505.0,3526.0,3569.0,3580.0,3500.0,,,,,,,,,,,,,,,,,,,,,,
2016-07-06,,,,,,,,,,,,,,,,,4293.0,3625.0,3586.0,3600.0,3888.0,3584.0,3535.0,3580.0,3618.0,3637.0,,,,,,,,,,,,,,,,,,,,,,
2016-07-07,,,,,,,,,,,,,,,,,4312.0,3639.0,3528.0,3431.0,3899.0,3535.0,3529.0,3588.0,3620.0,,,,,,,,,,,,,,,,,,,,,,,
2016-07-08,,,,,,,,,,,,,,,,,4209.0,3598.0,3482.0,3499.0,3823.0,3439.0,3476.0,,3577.0,,,,,,,,,,,,,,,,,,,,,,,
2016-07-11,,,,,,,,,,,,,,,,,4290.0,3604.0,3507.0,3528.0,3812.0,3473.0,3500.0,,3555.0,3517.0,,,,,,,,,,,,,,,,,,,,,,
2016-07-12,,,,,,,,,,,,,,,,,4310.0,3619.0,3501.0,3509.0,3808.0,3478.0,3510.0,,3535.0,3456.0,,,,,,,,,,,,,,,,,,,,,,
2016-07-13,,,,,,,,,,,,,,,,,4248.0,3578.0,3479.0,3487.0,3755.0,3457.0,3483.0,,3500.0,,,,,,,,,,,,,,,,,,,,,,,
2016-07-14,,,,,,,,,,,,,,,,,4187.0,3529.0,3437.0,3480.0,3737.0,3427.0,3464.0,3504.0,3486.0,,,,,,,,,,,,,,,,,,,,,,,
2016-07-15,,,,,,,,,,,,,,,,,4190.0,3529.0,3448.0,,3724.0,,3440.0,,3465.0,,,,,,,,,,,,,,,,,,,,,,,
2016-07-18,,,,,,,,,,,,,,,,,4176.0,3510.0,3468.0,,3745.0,3459.0,3450.0,,3466.0,,,,,,,,,,,,,,,,,,,,,,,
2016-07-19,,,,,,,,,,,,,,,,,4148.0,3476.0,3410.0,3559.0,3720.0,3416.0,3449.0,3400.0,3457.0,3397.0,,,,,,,,,,,,,,,,,,,,,,
2016-07-20,,,,,,,,,,,,,,,,,4021.0,3426.0,3398.0,3449.0,3631.0,3367.0,3385.0,,3384.0,3372.0,3480.0,,,,,,,,,,,,,,,,,,,,,
2016-07-21,,,,,,,,,,,,,,,,,4030.0,3436.0,3401.0,3444.0,3639.0,3390.0,3375.0,,3379.0,3397.0,,,,,,,,,,,,,,,,,,,,,,
2016-07-22,,,,,,,,,,,,,,,,,4043.0,3457.0,3475.0,3410.0,3644.0,3386.0,3381.0,,3382.0,3369.0,,,,,,,,,,,,,,,,,,,,,,
2016-07-25,,,,,,,,,,,,,,,,,3919.0,3400.0,3390.0,3400.0,3570.0,3330.0,3301.0,,3329.0,3315.0,,,,,,,,,,,,,,,,,,,,,,
2016-07-26,,,,,,,,,,,,,,,,,3895.0,3388.0,3351.0,3397.0,3545.0,3323.0,3300.0,,3300.0,,,,,,,,,,,,,,,,,,,,,,,
2016-07-27,,,,,,,,,,,,,,,,,3905.0,3380.0,3319.0,3409.0,3550.0,3295.0,3303.0,,3316.0,3287.0,3389.0,,,,,,,,,,,,,,,,,,,,,
2016-07-28,,,,,,,,,,,,,,,,,3867.0,3364.0,3365.0,3361.0,3506.0,,3279.0,,3293.0,3293.0,3360.0,,,,,,,,,,,,,,,,,,,,,
2016-07-29,,,,,,,,,,,,,,,,,3898.0,3377.0,3394.0,3328.0,3521.0,3320.0,3280.0,,3289.0,,3370.0,,,,,,,,,,,,,,,,,,,,,
2016-08-01,,,,,,,,,,,,,,,,,3847.0,3360.0,3313.0,3320.0,3469.0,3225.0,3244.0,,3245.0,,3331.0,,,,,,,,,,,,,,,,,,,,,
2016-08-02,,,,,,,,,,,,,,,,,3856.0,3365.0,3281.0,3326.0,3460.0,3230.0,3231.0,,3259.0,3279.0,3334.0,,,,,,,,,,,,,,,,,,,,,
2016-08-03,,,,,,,,,,,,,,,,,3832.0,3339.0,3290.0,3288.0,3468.0,3243.0,3228.0,,3268.0,3273.0,3364.0,,,,,,,,,,,,,,,,,,,,,
2016-08-04,,,,,,,,,,,,,,,,,3742.0,3313.0,3250.0,3332.0,3496.0,3265.0,3249.0,,3291.0,3300.0,,,,,,,,,,,,,,,,,,,,,,
2016-08-05,,,,,,,,,,,,,,,,,3674.0,3269.0,3279.0,3288.0,3526.0,3281.0,3332.0,,3309.0,3322.0,3378.0,,,,,,,,,,,,,,,,,,,,,
2016-08-08,,,,,,,,,,,,,,,,,3697.0,3266.0,3261.0,3265.0,3516.0,3314.0,3259.0,,3315.0,3293.0,3369.0,,,,,,,,,,,,,,,,,,,,,
2016-08-09,,,,,,,,,,,,,,,,,3700.0,3246.0,3243.0,3251.0,3485.0,3267.0,3254.0,,3286.0,3289.0,,,,,,,,,,,,,,,,,,,,,,
2016-08-10,,,,,,,,,,,,,,,,,3719.0,3254.0,3250.0,3271.0,3510.0,3281.0,3268.0,,3302.0,,,,,,,,,,,,,,,,,,,,,,,
2016-08-11,,,,,,,,,,,,,,,,,3675.0,3277.0,3247.0,3253.0,3499.0,3278.0,3263.0,,3295.0,3289.0,,,,,,,,,,,,,,,,,,,,,,
2016-08-12,,,,,,,,,,,,,,,,,3679.0,3250.0,3231.0,3227.0,3469.0,3250.0,3258.0,,3284.0,,,,,,,,,,,,,,,,,,,,,,,
2016-08-15,,,,,,,,,,,,,,,,,3723.0,3267.0,3258.0,3251.0,3495.0,3276.0,3260.0,,3294.0,,3392.0,3420.0,,,,,,,,,,,,,,,,,,,,
2016-08-16,,,,,,,,,,,,,,,,,3754.0,3290.0,3273.0,3260.0,3515.0,3292.0,3274.0,,3309.0,,3448.0,3509.0,,,,,,,,,,,,,,,,,,,,
2016-08-17,,,,,,,,,,,,,,,,,3739.0,3286.0,3283.0,3264.0,3565.0,3310.0,3300.0,,3334.0,,3470.0,,,,,,,,,,,,,,,,,,,,,
2016-08-18,,,,,,,,,,,,,,,,,3700.0,3274.0,3269.0,3255.0,3562.0,3314.0,3298.0,,3330.0,3322.0,3499.0,3540.0,,,,,,,,,,,,,,,,,,,,
2016-08-19,,,,,,,,,,,,,,,,,3725.0,3280.0,3240.0,3267.0,3521.0,3256.0,3261.0,,3307.0,,3481.0,3536.0,,,,,,,,,,,,,,,,,,,,
2016-08-22,,,,,,,,,,,,,,,,,3734.0,3290.0,3242.0,3250.0,3520.0,3318.0,3285.0,,3305.0,3310.0,3485.0,3550.0,,,,,,,,,,,,,,,,,,,,
2016-08-23,,,,,,,,,,,,,,,,,3715.0,3269.0,3235.0,3248.0,3500.0,3291.0,3265.0,,3295.0,3225.0,3450.0,3545.0,,,,,,,,,,,,,,,,,,,,
2016-08-24,,,,,,,,,,,,,,,,,3734.0,3265.0,3209.0,3232.0,3407.0,3280.0,3220.0,,3233.0,3260.0,3498.0,3560.0,,,,,,,,,,,,,,,,,,,,
2016-08-25,,,,,,,,,,,,,,,,,3739.0,3277.0,3197.0,3230.0,3405.0,3240.0,3203.0,,3221.0,3240.0,,3549.0,,,,,,,,,,,,,,,,,,,,
2016-08-26,,,,,,,,,,,,,,,,,3730.0,3281.0,3198.0,3235.0,3392.0,3215.0,3180.0,3301.0,3204.0,3215.0,3469.0,3576.0,,,,,,,,,,,,,,,,,,,,
2016-08-29,,,,,,,,,,,,,,,,,3694.0,3261.0,3198.0,3251.0,3388.0,,3187.0,3201.0,3188.0,3197.0,3496.0,,,,,,,,,,,,,,,,,,,,,
2016-08-30,,,,,,,,,,,,,,,,,3645.0,3248.0,3199.0,3228.0,3393.0,3227.0,3187.0,,3193.0,,3470.0,,,,,,,,,,,,,,,,,,,,,
2016-08-31,,,,,,,,,,,,,,,,,3700.0,3249.0,3197.0,3221.0,3399.0,3228.0,3197.0,,3199.0,3175.0,3470.0,,,,,,,,,,,,,,,,,,,,,
2016-09-01,,,,,,,,,,,,,,,,,3560.0,3255.0,3180.0,3215.0,3374.0,,3178.0,,3177.0,3214.0,,,,,,,,,,,,,,,,,,,,,,
2016-09-02,,,,,,,,,,,,,,,,,3566.0,3269.0,3207.0,3242.0,3424.0,3245.0,3208.0,3179.0,3214.0,3213.0,3448.0,,,,,,,,,,,,,,,,,,,,,
2016-09-05,,,,,,,,,,,,,,,,,,3295.0,3201.0,3268.0,3396.0,3225.0,3198.0,,3194.0,3177.0,3420.0,3532.0,,,,,,,,,,,,,,,,,,,,
2016-09-06,,,,,,,,,,,,,,,,,,3240.0,3175.0,3204.0,3380.0,3199.0,3161.0,,3183.0,3160.0,,,,,,,,,,,,,,,,,,,,,,
2016-09-07,,,,,,,,,,,,,,,,,,3268.0,3186.0,3228.0,3415.0,3218.0,3202.0,,3215.0,3215.0,,3549.0,,,,,,,,,,,,,,,,,,,,
2016-09-08,,,,,,,,,,,,,,,,,3580.0,3245.0,3192.0,,3448.0,3249.0,3213.0,3158.0,3240.0,3236.0,,3580.0,,,,,,,,,,,,,,,,,,,,
2016-09-09,,,,,,,,,,,,,,,,,3786.0,3240.0,3197.0,3294.0,3445.0,3239.0,3202.0,,3243.0,,3476.0,3588.0,,,,,,,,,,,,,,,,,,,,
2016-09-12,,,,,,,,,,,,,,,,,,3231.0,3158.0,3234.0,3392.0,3194.0,3208.0,3174.0,3201.0,3266.0,3470.0,,,,,,,,,,,,,,,,,,,,,
2016-09-13,,,,,,,,,,,,,,,,,,3221.0,3156.0,3177.0,3378.0,,3187.0,3273.0,3196.0,3202.0,3407.0,3596.0,,,,,,,,,,,,,,,,,,,,
2016-09-14,,,,,,,,,,,,,,,,,3750.0,3213.0,3150.0,3199.0,3386.0,,3175.0,3200.0,3215.0,,,,,,,,,,,,,,,,,,,,,,,
2016-09-19,,,,,,,,,,,,,,,,,,3200.0,3128.0,,3430.0,3215.0,3210.0,,3242.0,3245.0,,3598.0,3673.0,,,,,,,,,,,,,,,,,,,
2016-09-20,,,,,,,,,,,,,,,,,,3170.0,3124.0,3187.0,3438.0,3209.0,3198.0,,3238.0,3244.0,,3650.0,3730.0,,,,,,,,,,,,,,,,,,,
2016-09-21,,,,,,,,,,,,,,,,,,3164.0,3139.0,3196.0,3460.0,3232.0,3190.0,3190.0,3250.0,,3377.0,3596.0,3742.0,,,,,,,,,,,,,,,,,,,
2016-09-22,,,,,,,,,,,,,,,,,,3160.0,3122.0,3219.0,3420.0,3209.0,3173.0,,3225.0,,,3596.0,3730.0,,,,,,,,,,,,,,,,,,,
2016-09-23,,,,,,,,,,,,,,,,,,3146.0,3112.0,3215.0,3412.0,3186.0,3179.0,3177.0,3217.0,3215.0,,3572.0,3698.0,,,,,,,,,,,,,,,,,,,
2016-09-26,,,,,,,,,,,,,,,,,,3115.0,3087.0,3199.0,3370.0,3170.0,3159.0,,3188.0,3200.0,,3576.0,3685.0,,,,,,,,,,,,,,,,,,,
2016-09-27,,,,,,,,,,,,,,,,,,3106.0,3049.0,3185.0,3364.0,3172.0,3150.0,3100.0,3187.0,3200.0,3397.0,3580.0,3683.0,,,,,,,,,,,,,,,,,,,
2016-09-28,,,,,,,,,,,,,,,,,,2920.0,2999.0,3172.0,3281.0,3120.0,3090.0,,3129.0,3152.0,,3569.0,3667.0,,,,,,,,,,,,,,,,,,,
2016-09-29,,,,,,,,,,,,,,,,,,2884.0,2939.0,3131.0,3287.0,3120.0,3107.0,,3135.0,3169.0,,3558.0,3677.0,,,,,,,,,,,,,,,,,,,
2016-09-30,,,,,,,,,,,,,,,,,,2849.0,2898.0,3120.0,3277.0,3137.0,3062.0,,3126.0,3249.0,3422.0,3561.0,3670.0,,,,,,,,,,,,,,,,,,,
2016-10-10,,,,,,,,,,,,,,,,,,,2925.0,3105.0,3311.0,3168.0,3059.0,3129.0,3150.0,3275.0,,3595.0,3685.0,,,,,,,,,,,,,,,,,,,
2016-10-11,,,,,,,,,,,,,,,,,,2999.0,2980.0,3128.0,3333.0,3147.0,3071.0,3131.0,3161.0,3200.0,,3600.0,3708.0,,,,,,,,,,,,,,,,,,,
2016-10-12,,,,,,,,,,,,,,,,,,,2994.0,3147.0,3405.0,3150.0,3085.0,,3195.0,3195.0,,3605.0,3726.0,,,,,,,,,,,,,,,,,,,
2016-10-13,,,,,,,,,,,,,,,,,,,3005.0,3145.0,3420.0,3154.0,3099.0,,3200.0,3240.0,3423.0,3611.0,3732.0,,,,,,,,,,,,,,,,,,,
2016-10-14,,,,,,,,,,,,,,,,,,,2991.0,3099.0,3430.0,3157.0,3108.0,,3222.0,3250.0,3430.0,3615.0,3735.0,,,,,,,,,,,,,,,,,,,
2016-10-17,,,,,,,,,,,,,,,,,,3111.0,3041.0,3145.0,3435.0,3142.0,3105.0,,3229.0,3251.0,3429.0,,3750.0,,,,,,,,,,,,,,,,,,,
2016-10-18,,,,,,,,,,,,,,,,,,3297.0,3169.0,3233.0,3567.0,3279.0,3190.0,,3309.0,3343.0,3430.0,3660.0,3815.0,,,,,,,,,,,,,,,,,,,
2016-10-19,,,,,,,,,,,,,,,,,,3476.0,3236.0,3202.0,3570.0,3248.0,3200.0,,3303.0,3300.0,3430.0,,3824.0,,,,,,,,,,,,,,,,,,,
2016-10-20,,,,,,,,,,,,,,,,,,3500.0,3349.0,3262.0,3643.0,3287.0,3255.0,3257.0,3350.0,3404.0,3450.0,3730.0,3888.0,,,,,,,,,,,,,,,,,,,
2016-10-21,,,,,,,,,,,,,,,,,,,3290.0,3219.0,3593.0,3245.0,3216.0,,3337.0,,,,3919.0,,,,,,,,,,,,,,,,,,,
2016-10-24,,,,,,,,,,,,,,,,,,,3292.0,3228.0,3632.0,3279.0,3237.0,,3352.0,3365.0,,3708.0,3899.0,3699.0,,,,,,,,,,,,,,,,,,
2016-10-25,,,,,,,,,,,,,,,,,,,3210.0,3229.0,3667.0,3262.0,3220.0,,3388.0,3332.0,3460.0,,3938.0,3599.0,,,,,,,,,,,,,,,,,,
2016-10-26,,,,,,,,,,,,,,,,,,,3210.0,3197.0,3586.0,3248.0,3215.0,3201.0,3326.0,3350.0,3400.0,,3882.0,,,,,,,,,,,,,,,,,,,
2016-10-27,,,,,,,,,,,,,,,,,,,3220.0,3218.0,3615.0,3295.0,3245.0,,3357.0,,,,3912.0,3584.0,,,,,,,,,,,,,,,,,,
2016-10-28,,,,,,,,,,,,,,,,,,,3211.0,3250.0,3666.0,3296.0,3255.0,,3386.0,3400.0,3430.0,3740.0,3926.0,3591.0,,,,,,,,,,,,,,,,,,
2016-10-31,,,,,,,,,,,,,,,,,,,3300.0,3238.0,3640.0,3266.0,3238.0,,3376.0,,3420.0,3699.0,3922.0,3659.0,,,,,,,,,,,,,,,,,,
2016-11-01,,,,,,,,,,,,,,,,,,,,3287.0,3625.0,3271.0,3241.0,,3370.0,3364.0,3400.0,,3917.0,3619.0,,,,,,,,,,,,,,,,,,
2016-11-02,,,,,,,,,,,,,,,,,,,,3259.0,3548.0,3210.0,3227.0,,3320.0,3346.0,3371.0,,3886.0,3560.0,,,,,,,,,,,,,,,,,,
2016-11-03,,,,,,,,,,,,,,,,,,,3285.0,3280.0,3488.0,3196.0,3198.0,,3295.0,,,3711.0,3868.0,,,,,,,,,,,,,,,,,,,
2016-11-04,,,,,,,,,,,,,,,,,,,3285.0,3300.0,3518.0,3233.0,3205.0,3223.0,3314.0,3360.0,,3681.0,3880.0,,,,,,,,,,,,,,,,,,,
2016-11-07,,,,,,,,,,,,,,,,,,,3335.0,3460.0,3655.0,3325.0,3348.0,3286.0,3416.0,3450.0,3460.0,3739.0,3956.0,3620.0,,,,,,,,,,,,,,,,,,
2016-11-08,,,,,,,,,,,,,,,,,,,,3460.0,3725.0,3337.0,3340.0,3335.0,3438.0,3490.0,3499.0,3759.0,3975.0,3650.0,,,,,,,,,,,,,,,,,,
2016-11-09,,,,,,,,,,,,,,,,,,,3335.0,3459.0,3732.0,3322.0,3333.0,3353.0,3423.0,3438.0,,,3984.0,3614.0,,,,,,,,,,,,,,,,,,
2016-11-10,,,,,,,,,,,,,,,,,,,,3546.0,3869.0,3470.0,3470.0,3507.0,3574.0,3554.0,3610.0,3884.0,4122.0,3762.0,,,,,,,,,,,,,,,,,,
2016-11-11,,,,,,,,,,,,,,,,,,,,3554.0,3879.0,3464.0,3470.0,3442.0,3611.0,3609.0,3649.0,,4125.0,,,,,,,,,,,,,,,,,,,
2016-11-14,,,,,,,,,,,,,,,,,,,,3459.0,3797.0,3369.0,3370.0,3381.0,3550.0,3545.0,3554.0,3763.0,4087.0,,,,,,,,,,,,,,,,,,,
2016-11-15,,,,,,,,,,,,,,,,,,,,3434.0,3780.0,3352.0,3385.0,3515.0,3536.0,3545.0,,,4068.0,,,,,,,,,,,,,,,,,,,
2016-11-16,,,,,,,,,,,,,,,,,,,,3447.0,3738.0,3304.0,3339.0,3383.0,3520.0,,3616.0,3829.0,4064.0,3600.0,3599.0,,,,,,,,,,,,,,,,,
2016-11-17,,,,,,,,,,,,,,,,,,,,,3674.0,3295.0,3304.0,3323.0,3485.0,,,3782.0,4045.0,3624.0,3567.0,,,,,,,,,,,,,,,,,
2016-11-18,,,,,,,,,,,,,,,,,,,,,3696.0,3361.0,3331.0,3333.0,3485.0,,,,4046.0,3630.0,,,,,,,,,,,,,,,,,,
2016-11-21,,,,,,,,,,,,,,,,,,,,3587.0,3772.0,3360.0,3370.0,3419.0,3535.0,,,3830.0,4076.0,3698.0,3610.0,,,,,,,,,,,,,,,,,
2016-11-22,,,,,,,,,,,,,,,,,,,,3500.0,3738.0,3349.0,3355.0,3407.0,3533.0,,3648.0,,4097.0,,,,,,,,,,,,,,,,,,,
2016-11-23,,,,,,,,,,,,,,,,,,,,,3757.0,3343.0,3348.0,3415.0,3550.0,3542.0,3566.0,,4120.0,3699.0,3654.0,,,,,,,,,,,,,,,,,
2016-11-24,,,,,,,,,,,,,,,,,,,,3380.0,3729.0,3320.0,3342.0,3466.0,3565.0,3567.0,3609.0,3801.0,4127.0,3786.0,3650.0,,,,,,,,,,,,,,,,,
2016-11-25,,,,,,,,,,,,,,,,,,,,3434.0,3643.0,3287.0,3301.0,,3505.0,3487.0,3610.0,,4072.0,,,,,,,,,,,,,,,,,,,
2016-11-28,,,,,,,,,,,,,,,,,,,,3520.0,3653.0,3336.0,3346.0,3470.0,3549.0,,3660.0,3830.0,4105.0,,,,,,,,,,,,,,,,,,,
2016-11-29,,,,,,,,,,,,,,,,,,,,3666.0,3648.0,3335.0,3369.0,,3607.0,3570.0,,3842.0,4122.0,3814.0,,,,,,,,,,,,,,,,,,
2016-11-30,,,,,,,,,,,,,,,,,,,,3648.0,3652.0,3351.0,3382.0,3514.0,3673.0,3644.0,3723.0,3890.0,4211.0,3838.0,3750.0,,,,,,,,,,,,,,,,,
2016-12-01,,,,,,,,,,,,,,,,,,,,3320.0,3621.0,3339.0,3368.0,3459.0,3685.0,3640.0,3734.0,,4199.0,3815.0,,,,,,,,,,,,,,,,,,
2016-12-02,,,,,,,,,,,,,,,,,,,,,3599.0,3330.0,3350.0,,3715.0,3679.0,3765.0,3877.0,4213.0,3799.0,,,,,,,,,,,,,,,,,,
2016-12-05,,,,,,,,,,,,,,,,,,,,,3558.0,3319.0,3331.0,3541.0,3709.0,3665.0,3729.0,,4210.0,3809.0,3741.0,,,,,,,,,,,,,,,,,
2016-12-06,,,,,,,,,,,,,,,,,,,,,3525.0,3307.0,3333.0,3565.0,3654.0,3588.0,3729.0,3851.0,4182.0,3786.0,,,,,,,,,,,,,,,,,,
2016-12-07,,,,,,,,,,,,,,,,,,,,,3499.0,3289.0,3294.0,,3649.0,,3686.0,,4179.0,,,,,,,,,,,,,,,,,,,
2016-12-08,,,,,,,,,,,,,,,,,,,,,3490.0,3298.0,3303.0,3391.0,3688.0,,3730.0,3851.0,4205.0,3726.0,,,,,,,,,,,,,,,,,,
2016-12-09,,,,,,,,,,,,,,,,,,,,,3438.0,3229.0,3225.0,3390.0,3539.0,3516.0,,3858.0,4110.0,,3648.0,,,,,,,,,,,,,,,,,
2016-12-12,,,,,,,,,,,,,,,,,,,,,3475.0,3230.0,3237.0,3383.0,3558.0,3518.0,,,4118.0,,,,,,,,,,,,,,,,,,,
2016-12-13,,,,,,,,,,,,,,,,,,,,,3489.0,3229.0,3240.0,3269.0,3575.0,3576.0,,,4135.0,3699.0,,,,,,,,,,,,,,,,,,
2016-12-14,,,,,,,,,,,,,,,,,,,,,3478.0,3229.0,3255.0,3308.0,3580.0,,,3805.0,4139.0,,,,,,,,,,,,,,,,,,,
2016-12-15,,,,,,,,,,,,,,,,,,,,,3460.0,3219.0,3221.0,,3553.0,,3600.0,3838.0,4121.0,,,,,,,,,,,,,,,,,,,
2016-12-16,,,,,,,,,,,,,,,,,,,,,3447.0,3234.0,3250.0,,3585.0,3562.0,3665.0,,4146.0,,,,,,,,,,,,,,,,,,,
2016-12-19,,,,,,,,,,,,,,,,,,,,,3440.0,3228.0,3250.0,,3580.0,3609.0,3647.0,3855.0,4143.0,3701.0,3735.0,,,,,,,,,,,,,,,,,
2016-12-20,,,,,,,,,,,,,,,,,,,,,3420.0,3190.0,3213.0,3313.0,3534.0,3442.0,3584.0,3790.0,4110.0,3650.0,,3633.0,,,,,,,,,,,,,,,,
2016-12-21,,,,,,,,,,,,,,,,,,,,,3359.0,3145.0,3147.0,3268.0,3424.0,3420.0,3577.0,3797.0,4038.0,3618.0,,,,,,,,,,,,,,,,,,
2016-12-22,,,,,,,,,,,,,,,,,,,,,3342.0,3128.0,3142.0,,3420.0,3425.0,,,4031.0,3618.0,3596.0,,,,,,,,,,,,,,,,,
2016-12-23,,,,,,,,,,,,,,,,,,,,,3330.0,3120.0,3140.0,3201.0,3430.0,,3510.0,3800.0,4030.0,3651.0,,,,,,,,,,,,,,,,,,
2016-12-26,,,,,,,,,,,,,,,,,,,,,3305.0,3096.0,3129.0,3280.0,3395.0,,,3762.0,4024.0,3517.0,,,,,,,,,,,,,,,,,,
2016-12-27,,,,,,,,,,,,,,,,,,,,,3293.0,3123.0,3140.0,,3430.0,,,3829.0,4034.0,,,,,,,,,,,,,,,,,,,
2016-12-28,,,,,,,,,,,,,,,,,,,,,3290.0,3115.0,3130.0,,3458.0,3434.0,,3781.0,4067.0,,,,,,,,,,,,,,,,,,,
2016-12-29,,,,,,,,,,,,,,,,,,,,,3290.0,3114.0,3111.0,,3428.0,,,3809.0,4049.0,,,,,,,,,,,,,,,,,,,
2016-12-30,,,,,,,,,,,,,,,,,,,,,3227.0,3084.0,3097.0,,3407.0,,,3771.0,4049.0,,3616.0,,,,,,,,,,,,,,,,,
2017-01-03,,,,,,,,,,,,,,,,,,,,,3015.0,3050.0,3067.0,3192.0,3390.0,,,3824.0,4032.0,,3599.0,,,,,,,,,,,,,,,,,
2017-01-04,,,,,,,,,,,,,,,,,,,,,,3034.0,3070.0,3179.0,3420.0,,,3793.0,4061.0,3671.0,3536.0,,,,,,,,,,,,,,,,,
2017-01-05,,,,,,,,,,,,,,,,,,,,,2901.0,3009.0,3059.0,3201.0,3452.0,,,3846.0,4077.0,,3684.0,,,,,,,,,,,,,,,,,
2017-01-06,,,,,,,,,,,,,,,,,,,,,2988.0,3005.0,3037.0,3121.0,3433.0,,3585.0,,4062.0,,,3678.0,,,,,,,,,,,,,,,,
2017-01-09,,,,,,,,,,,,,,,,,,,,,2909.0,2978.0,3028.0,,3375.0,,3662.0,3800.0,4070.0,,,,,,,,,,,,,,,,,,,
2017-01-10,,,,,,,,,,,,,,,,,,,,,,2950.0,3046.0,3168.0,3386.0,,3646.0,,4087.0,3679.0,3716.0,,,,,,,,,,,,,,,,,
2017-01-11,,,,,,,,,,,,,,,,,,,,,2909.0,2959.0,3092.0,3259.0,3502.0,3561.0,3765.0,3975.0,4195.0,3787.0,,,,,,,,,,,,,,,,,,
2017-01-12,,,,,,,,,,,,,,,,,,,,,,2943.0,3062.0,3211.0,3508.0,3530.0,3706.0,,4185.0,,3697.0,,,,,,,,,,,,,,,,,
2017-01-13,,,,,,,,,,,,,,,,,,,,,2975.0,2910.0,3015.0,3170.0,3485.0,3510.0,3633.0,,4172.0,3754.0,,,,,,,,,,,,,,,,,,
2017-01-16,,,,,,,,,,,,,,,,,,,,,,2888.0,2973.0,3157.0,3442.0,3464.0,3682.0,,4152.0,3750.0,,,,,,,,,,,,,,,,,,
2017-01-17,,,,,,,,,,,,,,,,,,,,,,2877.0,2994.0,3171.0,3479.0,3470.0,,,4178.0,3713.0,,3612.0,3800.0,,,,,,,,,,,,,,,
2017-01-18,,,,,,,,,,,,,,,,,,,,,,2867.0,2958.0,,3401.0,3445.0,,,4145.0,3717.0,,,3823.0,,,,,,,,,,,,,,,
2017-01-19,,,,,,,,,,,,,,,,,,,,,,2868.0,2979.0,3170.0,3447.0,3460.0,,,4173.0,3780.0,3629.0,,3868.0,,,,,,,,,,,,,,,
2017-01-20,,,,,,,,,,,,,,,,,,,,,,2859.0,2964.0,3183.0,3428.0,3430.0,,3880.0,4163.0,3715.0,3688.0,,3886.0,,,,,,,,,,,,,,,
2017-01-23,,,,,,,,,,,,,,,,,,,,,,2826.0,2946.0,3166.0,3423.0,3424.0,,,4171.0,3724.0,,,3860.0,,,,,,,,,,,,,,,
2017-01-24,,,,,,,,,,,,,,,,,,,,,,2716.0,2915.0,3198.0,3440.0,,3739.0,3901.0,4222.0,3782.0,,,3921.0,,,,,,,,,,,,,,,
2017-01-25,,,,,,,,,,,,,,,,,,,,,,2645.0,2830.0,3139.0,3417.0,3454.0,3675.0,3867.0,4207.0,3848.0,3716.0,,3932.0,,,,,,,,,,,,,,,
2017-01-26,,,,,,,,,,,,,,,,,,,,,,2680.0,2919.0,3156.0,3418.0,,,,4215.0,3774.0,,,3919.0,,,,,,,,,,,,,,,
2017-02-03,,,,,,,,,,,,,,,,,,,,,,2620.0,2852.0,3120.0,3380.0,3362.0,,,4201.0,,,,3920.0,,,,,,,,,,,,,,,
2017-02-06,,,,,,,,,,,,,,,,,,,,,,2674.0,2849.0,3101.0,3330.0,,3685.0,3899.0,4195.0,3787.0,,3784.0,3939.0,,,,,,,,,,,,,,,
2017-02-07,,,,,,,,,,,,,,,,,,,,,,2655.0,2838.0,3148.0,3332.0,,3689.0,,4193.0,3796.0,3755.0,,3943.0,,,,,,,,,,,,,,,
2017-02-08,,,,,,,,,,,,,,,,,,,,,,2610.0,2842.0,3109.0,3344.0,3382.0,3686.0,3859.0,4192.0,3786.0,3725.0,,3961.0,,,,,,,,,,,,,,,
2017-02-09,,,,,,,,,,,,,,,,,,,,,,2670.0,2837.0,3106.0,3336.0,3517.0,3668.0,3866.0,4153.0,,3726.0,3799.0,3961.0,,,,,,,,,,,,,,,
2017-02-10,,,,,,,,,,,,,,,,,,,,,,2675.0,2823.0,,3335.0,3375.0,3674.0,3837.0,4126.0,,,,3943.0,,,,,,,,,,,,,,,
2017-02-13,,,,,,,,,,,,,,,,,,,,,,2695.0,2813.0,3120.0,3385.0,3437.0,3695.0,3857.0,4165.0,3776.0,3719.0,,3959.0,,,,,,,,,,,,,,,
2017-02-14,,,,,,,,,,,,,,,,,,,,,,2698.0,2833.0,,3389.0,3397.0,,3816.0,4163.0,3793.0,,,3975.0,,,,,,,,,,,,,,,
2017-02-15,,,,,,,,,,,,,,,,,,,,,,2698.0,2799.0,3078.0,3355.0,3363.0,3638.0,3801.0,4150.0,3778.0,3810.0,,3956.0,,,,,,,,,,,,,,,
2017-02-16,,,,,,,,,,,,,,,,,,,,,,2660.0,2729.0,3029.0,3341.0,3350.0,3654.0,3815.0,4157.0,3775.0,3730.0,,3955.0,,,,,,,,,,,,,,,
2017-02-17,,,,,,,,,,,,,,,,,,,,,,,2683.0,2881.0,3328.0,3347.0,3579.0,3798.0,4153.0,3770.0,3720.0,,3960.0,3899.0,,,,,,,,,,,,,,
2017-02-20,,,,,,,,,,,,,,,,,,,,,,,2644.0,2821.0,3292.0,3296.0,3549.0,3815.0,4184.0,3800.0,,,3999.0,3879.0,,,,,,,,,,,,,,
2017-02-21,,,,,,,,,,,,,,,,,,,,,,,2637.0,2830.0,3310.0,3296.0,3552.0,3827.0,4217.0,3837.0,3784.0,,4019.0,3900.0,,,,,,,,,,,,,,
2017-02-22,,,,,,,,,,,,,,,,,,,,,,,2606.0,2815.0,3320.0,3308.0,3570.0,3830.0,4266.0,3869.0,3820.0,,4066.0,3938.0,,,,,,,,,,,,,,
2017-02-23,,,,,,,,,,,,,,,,,,,,,,,2575.0,2778.0,3326.0,3317.0,3587.0,3811.0,4287.0,3872.0,3799.0,,4087.0,3992.0,,,,,,,,,,,,,,
2017-02-24,,,,,,,,,,,,,,,,,,,,,,,2530.0,2715.0,3356.0,3342.0,3570.0,3860.0,4298.0,3958.0,,,4116.0,3950.0,,,,,,,,,,,,,,
2017-02-27,,,,,,,,,,,,,,,,,,,,,,,2488.0,2712.0,3366.0,3399.0,3598.0,3896.0,4339.0,3955.0,3899.0,,4140.0,3988.0,,,,,,,,,,,,,,
2017-02-28,,,,,,,,,,,,,,,,,,,,,,,2525.0,2701.0,3378.0,3439.0,3618.0,3949.0,4365.0,3946.0,3954.0,,4158.0,4062.0,,,,,,,,,,,,,,
2017-03-01,,,,,,,,,,,,,,,,,,,,,,,2546.0,2739.0,3352.0,3439.0,3588.0,4035.0,4369.0,3922.0,3884.0,,4160.0,4064.0,,,,,,,,,,,,,,
2017-03-02,,,,,,,,,,,,,,,,,,,,,,,2509.0,2784.0,3350.0,3400.0,3564.0,3922.0,4350.0,3915.0,3898.0,,4149.0,4019.0,,,,,,,,,,,,,,
2017-03-03,,,,,,,,,,,,,,,,,,,,,,,2500.0,2775.0,3343.0,3385.0,3566.0,3862.0,4335.0,3914.0,3873.0,4029.0,4133.0,4000.0,,,,,,,,,,,,,,
2017-03-06,,,,,,,,,,,,,,,,,,,,,,,2495.0,2743.0,3328.0,3376.0,3575.0,3886.0,4337.0,3924.0,3890.0,3998.0,4127.0,4016.0,,,,,,,,,,,,,,
2017-03-07,,,,,,,,,,,,,,,,,,,,,,,2549.0,2733.0,3304.0,3372.0,3554.0,3886.0,4321.0,3904.0,3887.0,,4129.0,4012.0,,,,,,,,,,,,,,
2017-03-08,,,,,,,,,,,,,,,,,,,,,,,2548.0,2739.0,3246.0,3350.0,3543.0,3862.0,4287.0,3879.0,3856.0,,4093.0,3986.0,,,,,,,,,,,,,,
2017-03-09,,,,,,,,,,,,,,,,,,,,,,,2547.0,2747.0,3225.0,3319.0,3538.0,3887.0,4306.0,3887.0,3859.0,4049.0,4110.0,3973.0,,,,,,,,,,,,,,
2017-03-10,,,,,,,,,,,,,,,,,,,,,,,2650.0,2742.0,3233.0,3342.0,3560.0,3876.0,4331.0,3892.0,,,4120.0,3967.0,,,,,,,,,,,,,,
2017-03-13,,,,,,,,,,,,,,,,,,,,,,,2684.0,2753.0,3232.0,3340.0,3580.0,3863.0,4313.0,3866.0,3855.0,,4100.0,3960.0,,,,,,,,,,,,,,
2017-03-14,,,,,,,,,,,,,,,,,,,,,,,,2753.0,3236.0,3306.0,3545.0,3856.0,4326.0,3947.0,3858.0,,4108.0,3985.0,,,,,,,,,,,,,,
2017-03-15,,,,,,,,,,,,,,,,,,,,,,,2645.0,2748.0,3241.0,3326.0,3560.0,3851.0,4350.0,3890.0,3853.0,3930.0,4115.0,3982.0,,,,,,,,,,,,,,
2017-03-16,,,,,,,,,,,,,,,,,,,,,,,2680.0,2732.0,3229.0,3308.0,3533.0,3862.0,4333.0,3864.0,3829.0,3932.0,4082.0,3951.0,,,,,,,,,,,,,,
2017-03-17,,,,,,,,,,,,,,,,,,,,,,,2730.0,2747.0,3173.0,3268.0,3510.0,3826.0,4253.0,3817.0,3769.0,,3989.0,3879.0,,,,,,,,,,,,,,
2017-03-20,,,,,,,,,,,,,,,,,,,,,,,2892.0,2867.0,3272.0,3322.0,3582.0,3865.0,4270.0,3844.0,3762.0,,4009.0,3896.0,,,,,,,,,,,,,,
2017-03-21,,,,,,,,,,,,,,,,,,,,,,,2900.0,2926.0,3320.0,3345.0,3595.0,3926.0,4313.0,3900.0,3802.0,,4022.0,3947.0,3809.0,,,,,,,,,,,,,
2017-03-22,,,,,,,,,,,,,,,,,,,,,,,2800.0,2876.0,3315.0,3338.0,3560.0,3848.0,4295.0,3872.0,,,4005.0,3899.0,3729.0,,,,,,,,,,,,,
2017-03-23,,,,,,,,,,,,,,,,,,,,,,,,2891.0,3305.0,3323.0,3560.0,,4292.0,3872.0,,3995.0,3996.0,3899.0,3760.0,,,,,,,,,,,,,
2017-03-24,,,,,,,,,,,,,,,,,,,,,,,2880.0,2888.0,3303.0,3323.0,3552.0,3888.0,4305.0,3900.0,,,3994.0,3899.0,3702.0,,,,,,,,,,,,,
2017-03-27,,,,,,,,,,,,,,,,,,,,,,,,2873.0,3287.0,3305.0,3540.0,3881.0,4330.0,3957.0,3880.0,,4003.0,3895.0,3780.0,,,,,,,,,,,,,
2017-03-28,,,,,,,,,,,,,,,,,,,,,,,,2865.0,3306.0,3300.0,3532.0,3886.0,4353.0,3920.0,3813.0,,4002.0,3903.0,,,,,,,,,,,,,,
2017-03-29,,,,,,,,,,,,,,,,,,,,,,,,2787.0,3233.0,3243.0,3495.0,3836.0,4269.0,3878.0,3800.0,,3975.0,3873.0,3784.0,,,,,,,,,,,,,
2017-03-30,,,,,,,,,,,,,,,,,,,,,,,,2758.0,3215.0,3221.0,3470.0,3805.0,4261.0,3853.0,3749.0,3829.0,3969.0,3838.0,3715.0,,,,,,,,,,,,,
2017-03-31,,,,,,,,,,,,,,,,,,,,,,,,2884.0,3161.0,3175.0,3441.0,3764.0,4108.0,3700.0,3613.0,,3876.0,3764.0,3605.0,,,,,,,,,,,,,
2017-04-05,,,,,,,,,,,,,,,,,,,,,,,,2580.0,3110.0,3152.0,3434.0,3731.0,4054.0,3691.0,3730.0,,3857.0,3745.0,3609.0,,,,,,,,,,,,,
2017-04-06,,,,,,,,,,,,,,,,,,,,,,,,2664.0,3073.0,3115.0,3415.0,3746.0,4036.0,3693.0,3668.0,,3856.0,3737.0,3610.0,,,,,,,,,,,,,
2017-04-07,,,,,,,,,,,,,,,,,,,,,,,,,3050.0,3114.0,3398.0,3716.0,4034.0,3719.0,3671.0,3701.0,3871.0,3740.0,3623.0,,,,,,,,,,,,,
2017-04-10,,,,,,,,,,,,,,,,,,,,,,,,2500.0,3000.0,3070.0,3378.0,3731.0,3994.0,3679.0,3646.0,3677.0,3862.0,3734.0,3638.0,,,,,,,,,,,,,
2017-04-11,,,,,,,,,,,,,,,,,,,,,,,,2450.0,2916.0,3009.0,3238.0,3662.0,3948.0,3694.0,3638.0,,3828.0,3712.0,3633.0,,,,,,,,,,,,,
2017-04-12,,,,,,,,,,,,,,,,,,,,,,,,2556.0,2910.0,2983.0,3188.0,3646.0,3970.0,3733.0,3635.0,,3827.0,3716.0,3632.0,,,,,,,,,,,,,
2017-04-13,,,,,,,,,,,,,,,,,,,,,,,,2500.0,2889.0,2968.0,3179.0,3638.0,3935.0,3690.0,3639.0,3617.0,3806.0,3721.0,3781.0,,,,,,,,,,,,,
2017-04-14,,,,,,,,,,,,,,,,,,,,,,,,,2895.0,2950.0,3156.0,3558.0,3899.0,3699.0,3609.0,,3741.0,3651.0,3609.0,,,,,,,,,,,,,
2017-04-17,,,,,,,,,,,,,,,,,,,,,,,,2500.0,2904.0,2925.0,3138.0,3559.0,3947.0,3708.0,3631.0,,3749.0,3646.0,3591.0,,,,,,,,,,,,,
2017-04-18,,,,,,,,,,,,,,,,,,,,,,,,,2890.0,2898.0,3081.0,3528.0,3935.0,3693.0,3632.0,3600.0,3741.0,3668.0,3575.0,,,,,,,,,,,,,
2017-04-19,,,,,,,,,,,,,,,,,,,,,,,,,2756.0,2777.0,2958.0,3335.0,3867.0,3658.0,3538.0,3540.0,3675.0,3570.0,3491.0,,,,,,,,,,,,,
2017-04-20,,,,,,,,,,,,,,,,,,,,,,,,,2652.0,2725.0,2922.0,3403.0,3818.0,3594.0,3525.0,3606.0,3668.0,3586.0,3489.0,,,,,,,,,,,,,
2017-04-21,,,,,,,,,,,,,,,,,,,,,,,,,2585.0,2688.0,2915.0,3426.0,3827.0,3599.0,3552.0,3595.0,3692.0,3619.0,3508.0,,,,,,,,,,,,,
2017-04-24,,,,,,,,,,,,,,,,,,,,,,,,,2508.0,2633.0,2893.0,3505.0,3836.0,3588.0,3682.0,3601.0,3746.0,3639.0,3530.0,,,,,,,,,,,,,
2017-04-25,,,,,,,,,,,,,,,,,,,,,,,,,2401.0,2779.0,2909.0,3477.0,3854.0,3619.0,3631.0,,3839.0,3699.0,3576.0,,,,,,,,,,,,,
2017-04-26,,,,,,,,,,,,,,,,,,,,,,,,,2418.0,2635.0,2944.0,3520.0,3920.0,3650.0,3631.0,3674.0,3890.0,3757.0,3597.0,3606.0,,,,,,,,,,,,
2017-04-27,,,,,,,,,,,,,,,,,,,,,,,,,2415.0,2636.0,2918.0,3546.0,3925.0,3673.0,3629.0,3674.0,3886.0,3723.0,3672.0,3605.0,,,,,,,,,,,,
2017-04-28,,,,,,,,,,,,,,,,,,,,,,,,,2353.0,2608.0,2918.0,3610.0,3942.0,3661.0,3646.0,3728.0,3896.0,3749.0,3644.0,3659.0,,,,,,,,,,,,
2017-05-02,,,,,,,,,,,,,,,,,,,,,,,,,2346.0,2675.0,3000.0,3669.0,3968.0,3696.0,3715.0,3786.0,3930.0,3753.0,3678.0,3723.0,,,,,,,,,,,,
2017-05-03,,,,,,,,,,,,,,,,,,,,,,,,,2260.0,2672.0,3000.0,3619.0,3935.0,3690.0,3683.0,,3932.0,3770.0,3687.0,3720.0,,,,,,,,,,,,
2017-05-04,,,,,,,,,,,,,,,,,,,,,,,,,2334.0,2665.0,2967.0,3569.0,3875.0,3699.0,3690.0,3758.0,3936.0,3766.0,3683.0,3713.0,,,,,,,,,,,,
2017-05-05,,,,,,,,,,,,,,,,,,,,,,,,,2440.0,2645.0,2951.0,3555.0,3849.0,3678.0,3677.0,,3918.0,3775.0,3730.0,3719.0,,,,,,,,,,,,
2017-05-08,,,,,,,,,,,,,,,,,,,,,,,,,2265.0,2570.0,2860.0,3520.0,3832.0,3630.0,3596.0,3755.0,3919.0,3750.0,3670.0,3720.0,,,,,,,,,,,,
2017-05-09,,,,,,,,,,,,,,,,,,,,,,,,,,2494.0,2748.0,3355.0,3630.0,3479.0,3545.0,3685.0,3858.0,3755.0,3685.0,3749.0,,,,,,,,,,,,
2017-05-10,,,,,,,,,,,,,,,,,,,,,,,,,,2504.0,2721.0,3329.0,3626.0,3455.0,3475.0,3643.0,3877.0,3750.0,3700.0,3756.0,,,,,,,,,,,,
2017-05-11,,,,,,,,,,,,,,,,,,,,,,,,,2300.0,2556.0,2811.0,3265.0,3638.0,3384.0,3371.0,3500.0,3810.0,3708.0,3655.0,3731.0,,,,,,,,,,,,
2017-05-12,,,,,,,,,,,,,,,,,,,,,,,,,2162.0,2555.0,2834.0,3269.0,3645.0,3387.0,3430.0,3514.0,3738.0,3659.0,3599.0,3620.0,,,,,,,,,,,,
2017-05-15,,,,,,,,,,,,,,,,,,,,,,,,,2260.0,2450.0,2731.0,3180.0,3586.0,3341.0,3329.0,3437.0,3706.0,3615.0,3538.0,3569.0,,,,,,,,,,,,
2017-05-16,,,,,,,,,,,,,,,,,,,,,,,,,2258.0,2340.0,2635.0,3069.0,3558.0,3302.0,3314.0,3418.0,3732.0,3677.0,3595.0,3620.0,,,,,,,,,,,,
2017-05-17,,,,,,,,,,,,,,,,,,,,,,,,,2099.0,2278.0,2540.0,3024.0,3555.0,3349.0,3338.0,3470.0,3782.0,3666.0,3590.0,3618.0,,,,,,,,,,,,
2017-05-18,,,,,,,,,,,,,,,,,,,,,,,,,1910.0,2295.0,2549.0,2965.0,3547.0,3415.0,3409.0,3515.0,3854.0,3719.0,3629.0,3639.0,,,,,,,,,,,,
2017-05-19,,,,,,,,,,,,,,,,,,,,,,,,,2024.0,2308.0,2566.0,2988.0,3575.0,3484.0,3477.0,3560.0,3878.0,3719.0,3635.0,3668.0,,,,,,,,,,,,
2017-05-22,,,,,,,,,,,,,,,,,,,,,,,,,2100.0,2290.0,2546.0,2985.0,3578.0,3489.0,3499.0,3619.0,3868.0,3759.0,3643.0,3655.0,,,,,,,,,,,,
2017-05-23,,,,,,,,,,,,,,,,,,,,,,,,,2125.0,2200.0,2477.0,2935.0,3541.0,3485.0,3477.0,3617.0,3824.0,3719.0,3631.0,3650.0,,,,,,,,,,,,
2017-05-24,,,,,,,,,,,,,,,,,,,,,,,,,,2199.0,2455.0,2920.0,3561.0,3500.0,3499.0,3622.0,3837.0,3737.0,3635.0,3640.0,,,,,,,,,,,,
2017-05-25,,,,,,,,,,,,,,,,,,,,,,,,,,2187.0,2425.0,2905.0,3555.0,3518.0,3505.0,3617.0,3801.0,3731.0,3650.0,3688.0,3850.0,,,,,,,,,,,
2017-05-26,,,,,,,,,,,,,,,,,,,,,,,,,,2155.0,2404.0,2864.0,3528.0,3451.0,3439.0,3590.0,3760.0,3702.0,3639.0,3695.0,3895.0,,,,,,,,,,,
2017-05-31,,,,,,,,,,,,,,,,,,,,,,,,,,2205.0,2465.0,2908.0,3456.0,3432.0,3427.0,3574.0,3791.0,3829.0,3765.0,3837.0,3998.0,,,,,,,,,,,
2017-06-01,,,,,,,,,,,,,,,,,,,,,,,,,,2178.0,2547.0,3026.0,3587.0,3546.0,3564.0,3698.0,3903.0,3869.0,3721.0,3770.0,3987.0,,,,,,,,,,,
2017-06-02,,,,,,,,,,,,,,,,,,,,,,,,,,2367.0,2720.0,3218.0,3648.0,3638.0,3647.0,3738.0,3896.0,3855.0,3725.0,3773.0,3933.0,,,,,,,,,,,
2017-06-05,,,,,,,,,,,,,,,,,,,,,,,,,,2298.0,2622.0,3161.0,3620.0,3550.0,3523.0,3627.0,3850.0,3833.0,3695.0,3897.0,3928.0,,,,,,,,,,,
2017-06-06,,,,,,,,,,,,,,,,,,,,,,,,,,2250.0,2594.0,3157.0,3642.0,3538.0,3535.0,3635.0,3877.0,3831.0,3694.0,3766.0,3925.0,,,,,,,,,,,
2017-06-07,,,,,,,,,,,,,,,,,,,,,,,,,,2155.0,2599.0,3180.0,3621.0,3538.0,3528.0,3617.0,3874.0,3819.0,3694.0,3745.0,3908.0,,,,,,,,,,,
2017-06-08,,,,,,,,,,,,,,,,,,,,,,,,,,2284.0,2678.0,3258.0,3685.0,3589.0,3590.0,3660.0,3917.0,3822.0,3688.0,3721.0,3859.0,,,,,,,,,,,
2017-06-09,,,,,,,,,,,,,,,,,,,,,,,,,,2196.0,2690.0,3293.0,3706.0,3614.0,3633.0,3698.0,3933.0,3813.0,3714.0,3706.0,3851.0,,,,,,,,,,,
2017-06-12,,,,,,,,,,,,,,,,,,,,,,,,,,2245.0,2718.0,3303.0,3734.0,3636.0,3640.0,3698.0,3906.0,3768.0,3656.0,3644.0,3810.0,,,,,,,,,,,
2017-06-13,,,,,,,,,,,,,,,,,,,,,,,,,,2325.0,2730.0,3296.0,3738.0,3661.0,3660.0,3749.0,3953.0,3780.0,3608.0,3581.0,3800.0,,,,,,,,,,,
2017-06-14,,,,,,,,,,,,,,,,,,,,,,,,,,2425.0,2826.0,3349.0,3750.0,3679.0,3684.0,3800.0,3975.0,3800.0,3606.0,3591.0,3759.0,,,,,,,,,,,
2017-06-15,,,,,,,,,,,,,,,,,,,,,,,,,,,2921.0,3489.0,3810.0,3734.0,3736.0,3861.0,3964.0,3791.0,3602.0,3583.0,3755.0,,,,,,,,,,,
2017-06-16,,,,,,,,,,,,,,,,,,,,,,,,,,,3110.0,3597.0,3862.0,3758.0,3768.0,3870.0,3950.0,3793.0,3602.0,3564.0,3710.0,,,,,,,,,,,
2017-06-19,,,,,,,,,,,,,,,,,,,,,,,,,,2668.0,3207.0,3677.0,3965.0,3802.0,3743.0,3826.0,3947.0,3787.0,3568.0,3550.0,3708.0,,,,,,,,,,,
2017-06-20,,,,,,,,,,,,,,,,,,,,,,,,,,2961.0,3345.0,3688.0,3980.0,3760.0,3706.0,3816.0,3929.0,3762.0,3556.0,3536.0,3687.0,,,,,,,,,,,
2017-06-21,,,,,,,,,,,,,,,,,,,,,,,,,,3200.0,3427.0,3803.0,4047.0,3928.0,3813.0,3848.0,3942.0,3748.0,3547.0,3528.0,3687.0,,,,,,,,,,,
2017-06-22,,,,,,,,,,,,,,,,,,,,,,,,,,,3671.0,3922.0,4075.0,3930.0,3830.0,3903.0,4040.0,3805.0,3580.0,3546.0,3683.0,,,,,,,,,,,
2017-06-23,,,,,,,,,,,,,,,,,,,,,,,,,,,3546.0,3753.0,4017.0,3818.0,3788.0,3859.0,3970.0,3758.0,3565.0,3544.0,3718.0,,,,,,,,,,,
2017-06-26,,,,,,,,,,,,,,,,,,,,,,,,,,3150.0,3272.0,3584.0,3988.0,3838.0,3820.0,3878.0,3977.0,3762.0,3560.0,3534.0,3706.0,,,,,,,,,,,
2017-06-27,,,,,,,,,,,,,,,,,,,,,,,,,,3130.0,3218.0,3637.0,4040.0,3895.0,3883.0,3927.0,4023.0,3795.0,3586.0,3553.0,3699.0,,,,,,,,,,,
2017-06-28,,,,,,,,,,,,,,,,,,,,,,,,,,,3200.0,3659.0,4059.0,3904.0,3888.0,3938.0,4045.0,3808.0,3584.0,3557.0,3723.0,3747.0,,,,,,,,,,
2017-06-29,,,,,,,,,,,,,,,,,,,,,,,,,,,3039.0,3596.0,4050.0,3897.0,3868.0,3923.0,4036.0,3798.0,3576.0,3543.0,3713.0,3683.0,,,,,,,,,,
2017-06-30,,,,,,,,,,,,,,,,,,,,,,,,,,,3069.0,3574.0,4033.0,3866.0,3856.0,3891.0,3989.0,3756.0,3533.0,3515.0,3672.0,3638.0,,,,,,,,,,
2017-07-03,,,,,,,,,,,,,,,,,,,,,,,,,,,3142.0,3484.0,4023.0,3843.0,3820.0,3869.0,3980.0,3765.0,3538.0,3505.0,3673.0,3658.0,,,,,,,,,,
2017-07-04,,,,,,,,,,,,,,,,,,,,,,,,,,,2939.0,3330.0,3979.0,3805.0,3753.0,3847.0,3958.0,3754.0,3527.0,3505.0,3652.0,3623.0,,,,,,,,,,
2017-07-05,,,,,,,,,,,,,,,,,,,,,,,,,,,2867.0,3185.0,3813.0,3679.0,3678.0,3751.0,3844.0,3733.0,3522.0,3487.0,3639.0,3634.0,,,,,,,,,,
2017-07-06,,,,,,,,,,,,,,,,,,,,,,,,,,,2890.0,3294.0,3963.0,3814.0,3797.0,3902.0,3984.0,3796.0,3599.0,3565.0,3675.0,3695.0,,,,,,,,,,
2017-07-07,,,,,,,,,,,,,,,,,,,,,,,,,,,2990.0,3511.0,4018.0,3896.0,3826.0,3884.0,3974.0,3788.0,3593.0,3560.0,3668.0,3651.0,,,,,,,,,,
2017-07-10,,,,,,,,,,,,,,,,,,,,,,,,,,,3099.0,3540.0,4029.0,3870.0,3796.0,3876.0,3979.0,3777.0,3589.0,3548.0,3677.0,3643.0,,,,,,,,,,
2017-07-11,,,,,,,,,,,,,,,,,,,,,,,,,,,3045.0,3480.0,3989.0,3835.0,3770.0,3844.0,3948.0,3743.0,3563.0,3531.0,3652.0,3630.0,,,,,,,,,,
2017-07-12,,,,,,,,,,,,,,,,,,,,,,,,,,,2926.0,3450.0,3968.0,3815.0,3743.0,3822.0,3938.0,3738.0,3559.0,3539.0,3655.0,3636.0,,,,,,,,,,
2017-07-13,,,,,,,,,,,,,,,,,,,,,,,,,,,2920.0,3378.0,3895.0,3775.0,3709.0,3809.0,3894.0,3709.0,3554.0,3526.0,3645.0,3634.0,,,,,,,,,,
2017-07-14,,,,,,,,,,,,,,,,,,,,,,,,,,,,3340.0,3932.0,3799.0,3736.0,3820.0,3914.0,3756.0,3583.0,3543.0,3649.0,3639.0,,,,,,,,,,
2017-07-17,,,,,,,,,,,,,,,,,,,,,,,,,,,2850.0,3408.0,3978.0,3851.0,3782.0,3881.0,3980.0,3790.0,3599.0,3576.0,3684.0,3665.0,,,,,,,,,,
2017-07-18,,,,,,,,,,,,,,,,,,,,,,,,,,,2920.0,3405.0,4010.0,3882.0,3804.0,3915.0,4001.0,3815.0,3617.0,3583.0,3698.0,3685.0,,,,,,,,,,
2017-07-19,,,,,,,,,,,,,,,,,,,,,,,,,,,,3503.0,4044.0,3910.0,3848.0,3930.0,4025.0,3827.0,3628.0,3585.0,3699.0,3683.0,,,,,,,,,,
2017-07-20,,,,,,,,,,,,,,,,,,,,,,,,,,,3005.0,3510.0,4027.0,3896.0,3823.0,3919.0,4005.0,3800.0,3616.0,3584.0,3690.0,3673.0,,,,,,,,,,
2017-07-21,,,,,,,,,,,,,,,,,,,,,,,,,,,3108.0,3439.0,3998.0,3868.0,3790.0,3910.0,3997.0,3800.0,3614.0,3575.0,3689.0,3677.0,,,,,,,,,,
2017-07-24,,,,,,,,,,,,,,,,,,,,,,,,,,,3150.0,3369.0,3949.0,3825.0,3785.0,3889.0,3981.0,3807.0,3615.0,3574.0,3683.0,3663.0,,,,,,,,,,
2017-07-25,,,,,,,,,,,,,,,,,,,,,,,,,,,3299.0,3566.0,4025.0,3893.0,3840.0,3963.0,4071.0,3879.0,3700.0,3598.0,3710.0,3700.0,,,,,,,,,,
2017-07-26,,,,,,,,,,,,,,,,,,,,,,,,,,,3300.0,3587.0,4034.0,3924.0,3880.0,3999.0,4109.0,3891.0,3698.0,3607.0,3727.0,3702.0,,,,,,,,,,
2017-07-27,,,,,,,,,,,,,,,,,,,,,,,,,,,,3524.0,3990.0,3894.0,3848.0,3985.0,4100.0,3888.0,3681.0,3594.0,3718.0,3695.0,3874.0,,,,,,,,,
2017-07-28,,,,,,,,,,,,,,,,,,,,,,,,,,,,3467.0,3983.0,3905.0,3850.0,3985.0,4120.0,3890.0,3685.0,3610.0,3768.0,3716.0,3818.0,,,,,,,,,
2017-07-31,,,,,,,,,,,,,,,,,,,,,,,,,,,,3575.0,4075.0,3976.0,3886.0,4000.0,4160.0,3900.0,3700.0,3638.0,3805.0,3767.0,3840.0,,,,,,,,,
2017-08-01,,,,,,,,,,,,,,,,,,,,,,,,,,,,3530.0,4030.0,3945.0,3860.0,3975.0,4130.0,3889.0,3681.0,3631.0,3811.0,3760.0,3845.0,,,,,,,,,
2017-08-02,,,,,,,,,,,,,,,,,,,,,,,,,,,,3465.0,3988.0,3878.0,3805.0,3949.0,4122.0,3858.0,3667.0,3622.0,3786.0,3746.0,3817.0,,,,,,,,,
2017-08-03,,,,,,,,,,,,,,,,,,,,,,,,,,,,3407.0,3983.0,3869.0,3800.0,3949.0,4111.0,3851.0,3689.0,3634.0,3789.0,3753.0,3820.0,,,,,,,,,
2017-08-04,,,,,,,,,,,,,,,,,,,,,,,,,,,,,4055.0,3957.0,3870.0,4030.0,4290.0,3937.0,3745.0,3706.0,3868.0,3863.0,3891.0,,,,,,,,,
2017-08-07,,,,,,,,,,,,,,,,,,,,,,,,,,,,3650.0,4169.0,4039.0,3992.0,4134.0,4410.0,4000.0,3818.0,3790.0,3945.0,3917.0,3930.0,,,,,,,,,
2017-08-08,,,,,,,,,,,,,,,,,,,,,,,,,,,,3655.0,4062.0,4059.0,4007.0,4132.0,4358.0,4057.0,3878.0,3805.0,3914.0,3913.0,3922.0,,,,,,,,,
2017-08-09,,,,,,,,,,,,,,,,,,,,,,,,,,,,3910.0,4165.0,4268.0,4150.0,4310.0,4520.0,4234.0,4028.0,3950.0,4012.0,4006.0,4009.0,,,,,,,,,
2017-08-10,,,,,,,,,,,,,,,,,,,,,,,,,,,,3950.0,4283.0,4300.0,4250.0,4375.0,4487.0,4219.0,4010.0,3936.0,4004.0,3988.0,4004.0,,,,,,,,,
2017-08-11,,,,,,,,,,,,,,,,,,,,,,,,,,,,3980.0,4329.0,4449.0,4356.0,4438.0,4535.0,4248.0,4030.0,3948.0,3994.0,3986.0,4005.0,,,,,,,,,
2017-08-14,,,,,,,,,,,,,,,,,,,,,,,,,,,,,4289.0,4428.0,4350.0,4460.0,4543.0,4306.0,4033.0,3930.0,3966.0,3985.0,3960.0,,,,,,,,,
2017-08-15,,,,,,,,,,,,,,,,,,,,,,,,,,,,3830.0,4279.0,4383.0,4309.0,4414.0,4526.0,4294.0,3994.0,3895.0,3946.0,3944.0,3958.0,,,,,,,,,
2017-08-16,,,,,,,,,,,,,,,,,,,,,,,,,,,,,4297.0,4368.0,4294.0,4415.0,4508.0,4319.0,4008.0,3901.0,3959.0,3945.0,3955.0,,,,,,,,,
2017-08-17,,,,,,,,,,,,,,,,,,,,,,,,,,,,,4269.0,4350.0,4292.0,4419.0,4510.0,4340.0,4008.0,3890.0,3948.0,3935.0,3940.0,,,,,,,,,
2017-08-18,,,,,,,,,,,,,,,,,,,,,,,,,,,,3985.0,4195.0,4269.0,4200.0,4355.0,4508.0,4315.0,4003.0,3898.0,3950.0,3935.0,3960.0,,,,,,,,,
2017-08-21,,,,,,,,,,,,,,,,,,,,,,,,,,,,,4265.0,4281.0,4218.0,4438.0,4626.0,4399.0,4040.0,3925.0,4001.0,3980.0,4006.0,,,,,,,,,
2017-08-22,,,,,,,,,,,,,,,,,,,,,,,,,,,,4200.0,4260.0,4275.0,4207.0,4410.0,4605.0,4401.0,4048.0,3928.0,4028.0,4028.0,4014.0,,,,,,,,,
2017-08-23,,,,,,,,,,,,,,,,,,,,,,,,,,,,4000.0,4188.0,4180.0,4133.0,4320.0,4551.0,4348.0,3999.0,3892.0,3965.0,3946.0,3990.0,,,,,,,,,
2017-08-24,,,,,,,,,,,,,,,,,,,,,,,,,,,,,4126.0,4054.0,4022.0,4224.0,4444.0,4246.0,3936.0,3831.0,3915.0,3978.0,3953.0,,,,,,,,,
2017-08-25,,,,,,,,,,,,,,,,,,,,,,,,,,,,,4061.0,4050.0,4011.0,4205.0,4396.0,4203.0,3900.0,3807.0,3879.0,3888.0,3932.0,,,,,,,,,
2017-08-28,,,,,,,,,,,,,,,,,,,,,,,,,,,,4100.0,4037.0,3979.0,3980.0,4178.0,4365.0,4180.0,3873.0,3780.0,3866.0,3872.0,3899.0,,,,,,,,,
2017-08-29,,,,,,,,,,,,,,,,,,,,,,,,,,,,,4063.0,4011.0,4060.0,4212.0,4386.0,4208.0,3887.0,3796.0,3893.0,3901.0,3921.0,4086.0,,,,,,,,
2017-08-30,,,,,,,,,,,,,,,,,,,,,,,,,,,,,4025.0,4028.0,4010.0,4190.0,4365.0,4181.0,3870.0,3789.0,3890.0,3872.0,3894.0,4077.0,,,,,,,,
2017-08-31,,,,,,,,,,,,,,,,,,,,,,,,,,,,,4065.0,3890.0,3868.0,4097.0,4269.0,4100.0,3822.0,3730.0,3823.0,3845.0,3869.0,4047.0,,,,,,,,
2017-09-01,,,,,,,,,,,,,,,,,,,,,,,,,,,,,4120.0,3893.0,3890.0,4107.0,4283.0,4098.0,3837.0,3744.0,3833.0,3849.0,3877.0,4048.0,,,,,,,,
2017-09-04,,,,,,,,,,,,,,,,,,,,,,,,,,,,,4100.0,3905.0,3886.0,4120.0,4325.0,4119.0,3880.0,3775.0,3876.0,3860.0,3892.0,4080.0,,,,,,,,
2017-09-05,,,,,,,,,,,,,,,,,,,,,,,,,,,,,4199.0,3928.0,3903.0,4098.0,4298.0,4097.0,3846.0,3738.0,3838.0,3898.0,3870.0,4069.0,,,,,,,,
2017-09-06,,,,,,,,,,,,,,,,,,,,,,,,,,,,,4250.0,3948.0,3884.0,4085.0,4300.0,4097.0,3845.0,3747.0,3831.0,3890.0,3887.0,4075.0,,,,,,,,
2017-09-07,,,,,,,,,,,,,,,,,,,,,,,,,,,,,4508.0,3914.0,3850.0,4069.0,4284.0,4086.0,3824.0,3736.0,3820.0,3905.0,3930.0,4068.0,,,,,,,,
2017-09-08,,,,,,,,,,,,,,,,,,,,,,,,,,,,,4230.0,3855.0,3785.0,3989.0,4198.0,3980.0,3771.0,3698.0,3793.0,3836.0,3848.0,4050.0,,,,,,,,
2017-09-11,,,,,,,,,,,,,,,,,,,,,,,,,,,,,4200.0,3817.0,3780.0,3982.0,4218.0,3982.0,3790.0,3718.0,3819.0,3815.0,3861.0,4077.0,,,,,,,,
2017-09-12,,,,,,,,,,,,,,,,,,,,,,,,,,,,,,3818.0,3767.0,3992.0,4236.0,4004.0,3804.0,3727.0,3823.0,3827.0,3875.0,4084.0,,,,,,,,
2017-09-13,,,,,,,,,,,,,,,,,,,,,,,,,,,,,,3815.0,3764.0,3977.0,4212.0,3985.0,3780.0,3715.0,3801.0,3799.0,3910.0,4062.0,,,,,,,,
2017-09-14,,,,,,,,,,,,,,,,,,,,,,,,,,,,,4494.0,3950.0,3759.0,3980.0,4202.0,3965.0,3756.0,3689.0,3758.0,3771.0,3850.0,4053.0,,,,,,,,
2017-09-15,,,,,,,,,,,,,,,,,,,,,,,,,,,,,4290.0,3832.0,3768.0,3986.0,4220.0,3984.0,3767.0,3685.0,3754.0,3789.0,3831.0,4042.0,,,,,,,,
2017-09-18,,,,,,,,,,,,,,,,,,,,,,,,,,,,,4120.0,3780.0,3720.0,3950.0,4148.0,3941.0,3716.0,3670.0,3721.0,3699.0,3847.0,4029.0,,,,,,,,
2017-09-19,,,,,,,,,,,,,,,,,,,,,,,,,,,,,,3643.0,3649.0,3865.0,4080.0,3870.0,3683.0,3615.0,3695.0,3699.0,3793.0,3988.0,,,,,,,,
2017-09-20,,,,,,,,,,,,,,,,,,,,,,,,,,,,,4150.0,3607.0,3641.0,3866.0,4089.0,3878.0,3687.0,3615.0,3692.0,3692.0,3781.0,3994.0,,,,,,,,
2017-09-21,,,,,,,,,,,,,,,,,,,,,,,,,,,,,4200.0,3688.0,3738.0,3987.0,4265.0,3980.0,3745.0,3648.0,3760.0,3736.0,3827.0,4038.0,,,,,,,,
2017-09-22,,,,,,,,,,,,,,,,,,,,,,,,,,,,,,3653.0,3701.0,3948.0,4229.0,3989.0,3766.0,3665.0,3767.0,3750.0,3824.0,4030.0,,,,,,,,
2017-09-25,,,,,,,,,,,,,,,,,,,,,,,,,,,,,4000.0,3544.0,3608.0,3900.0,4158.0,3934.0,3725.0,3654.0,3744.0,3721.0,3799.0,4005.0,,,,,,,,
2017-09-26,,,,,,,,,,,,,,,,,,,,,,,,,,,,,4250.0,3527.0,3596.0,3876.0,4150.0,3923.0,3726.0,3628.0,3723.0,3704.0,3786.0,4005.0,,,,,,,,
2017-09-27,,,,,,,,,,,,,,,,,,,,,,,,,,,,,,3524.0,3646.0,3882.0,4141.0,3908.0,3717.0,3613.0,3719.0,3694.0,3780.0,4008.0,4260.0,,,,,,,
2017-09-28,,,,,,,,,,,,,,,,,,,,,,,,,,,,,,3539.0,3689.0,3965.0,4216.0,3953.0,3741.0,3640.0,3754.0,3730.0,3800.0,4040.0,4297.0,,,,,,,
2017-09-29,,,,,,,,,,,,,,,,,,,,,,,,,,,,,,3677.0,3706.0,3954.0,4208.0,3946.0,3740.0,3634.0,3744.0,3727.0,3788.0,4045.0,4290.0,,,,,,,
2017-10-09,,,,,,,,,,,,,,,,,,,,,,,,,,,,,,3760.0,3780.0,4035.0,4265.0,3957.0,3735.0,3653.0,3762.0,3739.0,3803.0,4069.0,4325.0,,,,,,,
2017-10-10,,,,,,,,,,,,,,,,,,,,,,,,,,,,,,3749.0,3741.0,3998.0,4249.0,3979.0,3777.0,3692.0,3813.0,3774.0,3850.0,4105.0,4350.0,,,,,,,
2017-10-11,,,,,,,,,,,,,,,,,,,,,,,,,,,,,,,3795.0,4039.0,4288.0,4036.0,3800.0,3730.0,3873.0,3828.0,3902.0,4195.0,4365.0,,,,,,,
2017-10-12,,,,,,,,,,,,,,,,,,,,,,,,,,,,,,,3758.0,4025.0,4279.0,4029.0,3794.0,3739.0,3882.0,3850.0,3909.0,4193.0,4365.0,,,,,,,
2017-10-13,,,,,,,,,,,,,,,,,,,,,,,,,,,,,,,3756.0,4018.0,4265.0,4017.0,3778.0,3720.0,3872.0,3810.0,3891.0,4164.0,4358.0,,,,,,,
2017-10-16,,,,,,,,,,,,,,,,,,,,,,,,,,,,,,3560.0,3825.0,4025.0,4313.0,4035.0,3799.0,3758.0,3935.0,3840.0,3922.0,4218.0,4397.0,,,,,,,
2017-10-17,,,,,,,,,,,,,,,,,,,,,,,,,,,,,,,3799.0,4004.0,4296.0,4034.0,3795.0,3760.0,3912.0,3820.0,3899.0,4203.0,4390.0,,,,,,,
2017-10-18,,,,,,,,,,,,,,,,,,,,,,,,,,,,,,,3825.0,4019.0,4296.0,4031.0,3808.0,3759.0,3904.0,3797.0,3896.0,4205.0,4386.0,,,,,,,
2017-10-19,,,,,,,,,,,,,,,,,,,,,,,,,,,,,,,3866.0,4070.0,4343.0,4074.0,3862.0,3789.0,3920.0,3836.0,3920.0,4220.0,4390.0,,,,,,,
2017-10-20,,,,,,,,,,,,,,,,,,,,,,,,,,,,,,3809.0,3966.0,4199.0,4394.0,4137.0,3896.0,3820.0,3932.0,3860.0,3928.0,4212.0,4399.0,,,,,,,
2017-10-23,,,,,,,,,,,,,,,,,,,,,,,,,,,,,,,3911.0,4190.0,4359.0,4107.0,3861.0,3820.0,3910.0,3810.0,3895.0,4200.0,4410.0,,,,,,,
2017-10-24,,,,,,,,,,,,,,,,,,,,,,,,,,,,,,4020.0,3897.0,4159.0,4375.0,4125.0,3867.0,3795.0,3903.0,3800.0,3893.0,4197.0,4399.0,,,,,,,
2017-10-25,,,,,,,,,,,,,,,,,,,,,,,,,,,,,,,3918.0,4169.0,4364.0,4109.0,3856.0,3784.0,3895.0,3809.0,3886.0,4185.0,4390.0,,,,,,,
2017-10-26,,,,,,,,,,,,,,,,,,,,,,,,,,,,,,4100.0,3929.0,4174.0,4384.0,4119.0,3879.0,3792.0,3917.0,3829.0,3906.0,4197.0,4398.0,,,,,,,
2017-10-27,,,,,,,,,,,,,,,,,,,,,,,,,,,,,,,3921.0,4160.0,4355.0,4105.0,3850.0,3780.0,3904.0,3788.0,3904.0,4184.0,4389.0,4092.0,,,,,,
2017-10-30,,,,,,,,,,,,,,,,,,,,,,,,,,,,,,,3929.0,4150.0,4316.0,4088.0,3840.0,3755.0,3864.0,3758.0,3862.0,4141.0,4374.0,4040.0,,,,,,
2017-10-31,,,,,,,,,,,,,,,,,,,,,,,,,,,,,,,4000.0,4132.0,4259.0,4027.0,3790.0,3699.0,3800.0,3729.0,3829.0,4089.0,4320.0,3915.0,,,,,,
2017-11-01,,,,,,,,,,,,,,,,,,,,,,,,,,,,,,,3940.0,4159.0,4334.0,4085.0,3829.0,3726.0,3839.0,3734.0,3859.0,4135.0,4328.0,3907.0,,,,,,
2017-11-02,,,,,,,,,,,,,,,,,,,,,,,,,,,,,,,3977.0,4146.0,4318.0,4078.0,3818.0,3724.0,3809.0,3712.0,3828.0,4087.0,4308.0,3885.0,,,,,,
2017-11-03,,,,,,,,,,,,,,,,,,,,,,,,,,,,,,,4050.0,4150.0,4322.0,4082.0,3838.0,3720.0,3815.0,3715.0,3810.0,4090.0,4298.0,3884.0,,,,,,
2017-11-06,,,,,,,,,,,,,,,,,,,,,,,,,,,,,,,,4177.0,4375.0,4119.0,3840.0,3745.0,3838.0,3730.0,3815.0,4069.0,4315.0,3879.0,,,,,,
2017-11-07,,,,,,,,,,,,,,,,,,,,,,,,,,,,,,,4062.0,4270.0,4408.0,4144.0,3850.0,3752.0,3839.0,3735.0,3819.0,4076.0,4306.0,3879.0,,,,,,
2017-11-08,,,,,,,,,,,,,,,,,,,,,,,,,,,,,,,4135.0,4332.0,4445.0,4159.0,3860.0,3771.0,3860.0,3756.0,3830.0,4089.0,4315.0,3883.0,,,,,,
2017-11-09,,,,,,,,,,,,,,,,,,,,,,,,,,,,,,,,4336.0,4444.0,4137.0,3829.0,3737.0,3815.0,3712.0,3788.0,4028.0,4270.0,3839.0,,,,,,
2017-11-10,,,,,,,,,,,,,,,,,,,,,,,,,,,,,,,4193.0,4316.0,4468.0,4155.0,3850.0,3739.0,3828.0,3720.0,3784.0,4018.0,4268.0,3810.0,,,,,,
2017-11-13,,,,,,,,,,,,,,,,,,,,,,,,,,,,,,,4245.0,4351.0,4428.0,4151.0,3825.0,3717.0,3804.0,3692.0,3770.0,4027.0,4247.0,3798.0,,,,,,
2017-11-14,,,,,,,,,,,,,,,,,,,,,,,,,,,,,,,4280.0,4330.0,4438.0,4158.0,3817.0,3730.0,3809.0,3677.0,3766.0,4032.0,4247.0,3800.0,,,,,,
2017-11-15,,,,,,,,,,,,,,,,,,,,,,,,,,,,,,,,4327.0,4455.0,4171.0,3831.0,3727.0,3820.0,3651.0,3752.0,4031.0,4237.0,3790.0,,,,,,
2017-11-16,,,,,,,,,,,,,,,,,,,,,,,,,,,,,,,4272.0,4335.0,4430.0,4160.0,3829.0,3739.0,3856.0,3669.0,3753.0,4040.0,4257.0,3800.0,,,,,,
2017-11-17,,,,,,,,,,,,,,,,,,,,,,,,,,,,,,,,4326.0,4444.0,4172.0,3860.0,3779.0,3893.0,3705.0,3791.0,4088.0,4287.0,3827.0,,,,,,
2017-11-20,,,,,,,,,,,,,,,,,,,,,,,,,,,,,,,,4321.0,4410.0,4158.0,3860.0,3787.0,3895.0,3708.0,3791.0,4094.0,4301.0,3845.0,,,,,,
2017-11-21,,,,,,,,,,,,,,,,,,,,,,,,,,,,,,,,4334.0,4390.0,4164.0,3864.0,3788.0,3880.0,3714.0,3785.0,4087.0,4292.0,3837.0,,,,,,
2017-11-22,,,,,,,,,,,,,,,,,,,,,,,,,,,,,,,4528.0,4422.0,4495.0,4250.0,3907.0,3808.0,3905.0,3740.0,3798.0,4096.0,4297.0,3859.0,,,,,,
2017-11-23,,,,,,,,,,,,,,,,,,,,,,,,,,,,,,,4910.0,4482.0,4525.0,4299.0,3926.0,3829.0,3930.0,3756.0,3812.0,4110.0,4315.0,3858.0,,,,,,
2017-11-24,,,,,,,,,,,,,,,,,,,,,,,,,,,,,,,,4470.0,4516.0,4312.0,3937.0,3850.0,3961.0,3817.0,3839.0,4125.0,4315.0,3855.0,,,,,,
2017-11-27,,,,,,,,,,,,,,,,,,,,,,,,,,,,,,,,4470.0,4538.0,4325.0,3958.0,3878.0,3998.0,3850.0,3868.0,4145.0,4324.0,3867.0,,,,,,
2017-11-28,,,,,,,,,,,,,,,,,,,,,,,,,,,,,,,,4458.0,4515.0,4343.0,3970.0,3880.0,4005.0,3848.0,3862.0,4154.0,4319.0,3876.0,3844.0,,,,,
2017-11-29,,,,,,,,,,,,,,,,,,,,,,,,,,,,,,,,4488.0,4578.0,4435.0,4046.0,3946.0,4061.0,3890.0,3920.0,4214.0,4364.0,3901.0,3848.0,,,,,
2017-11-30,,,,,,,,,,,,,,,,,,,,,,,,,,,,,,,,4540.0,4588.0,4454.0,4070.0,4093.0,4086.0,3914.0,3938.0,4227.0,4399.0,3935.0,3855.0,,,,,
2017-12-01,,,,,,,,,,,,,,,,,,,,,,,,,,,,,,,,4700.0,4518.0,4408.0,4033.0,3939.0,4044.0,3860.0,3906.0,4201.0,4385.0,3925.0,3825.0,,,,,
2017-12-04,,,,,,,,,,,,,,,,,,,,,,,,,,,,,,,,4650.0,4515.0,4365.0,4018.0,3928.0,4035.0,3870.0,3891.0,4180.0,4387.0,3909.0,3846.0,,,,,
2017-12-05,,,,,,,,,,,,,,,,,,,,,,,,,,,,,,,,4600.0,4548.0,4373.0,4010.0,3928.0,4040.0,3876.0,3897.0,4194.0,4390.0,3936.0,3835.0,,,,,
2017-12-06,,,,,,,,,,,,,,,,,,,,,,,,,,,,,,,,,4530.0,4348.0,3968.0,3858.0,3945.0,3827.0,3849.0,4155.0,4358.0,3895.0,3818.0,,,,,
2017-12-07,,,,,,,,,,,,,,,,,,,,,,,,,,,,,,,,4551.0,4548.0,4350.0,3945.0,3847.0,3922.0,3830.0,3867.0,4145.0,4345.0,3897.0,3816.0,,,,,
2017-12-08,,,,,,,,,,,,,,,,,,,,,,,,,,,,,,,,,4558.0,4349.0,3935.0,3844.0,3875.0,3822.0,3825.0,4123.0,4315.0,3859.0,3808.0,,,,,
2017-12-11,,,,,,,,,,,,,,,,,,,,,,,,,,,,,,,,4599.0,4483.0,4294.0,3897.0,3817.0,3870.0,3804.0,3810.0,4093.0,4277.0,3815.0,3789.0,,,,,
2017-12-12,,,,,,,,,,,,,,,,,,,,,,,,,,,,,,,,,4441.0,4267.0,3885.0,3798.0,3844.0,3782.0,3792.0,4091.0,4263.0,3802.0,3762.0,,,,,
2017-12-13,,,,,,,,,,,,,,,,,,,,,,,,,,,,,,,,4699.0,4408.0,4285.0,3922.0,3816.0,3859.0,3809.0,3810.0,4105.0,4296.0,3845.0,3805.0,,,,,
2017-12-14,,,,,,,,,,,,,,,,,,,,,,,,,,,,,,,,,4458.0,4360.0,3918.0,3826.0,3870.0,3817.0,3817.0,4115.0,4300.0,3849.0,3836.0,,,,,
2017-12-15,,,,,,,,,,,,,,,,,,,,,,,,,,,,,,,,4699.0,4487.0,4350.0,3942.0,3847.0,3888.0,3831.0,3834.0,4123.0,4315.0,3869.0,3833.0,,,,,
2017-12-18,,,,,,,,,,,,,,,,,,,,,,,,,,,,,,,,,4537.0,4359.0,3958.0,3887.0,3910.0,3864.0,3873.0,4149.0,4318.0,3875.0,3812.0,,,,,
2017-12-19,,,,,,,,,,,,,,,,,,,,,,,,,,,,,,,,,4490.0,4320.0,3920.0,3866.0,3870.0,3845.0,3850.0,4101.0,4290.0,3831.0,3787.0,,,,,
2017-12-20,,,,,,,,,,,,,,,,,,,,,,,,,,,,,,,,4700.0,4448.0,4274.0,3865.0,3784.0,3819.0,3791.0,3798.0,4087.0,4252.0,3809.0,3780.0,,,,,
2017-12-21,,,,,,,,,,,,,,,,,,,,,,,,,,,,,,,,4982.0,4486.0,4296.0,3866.0,3803.0,3823.0,3785.0,3797.0,4134.0,4273.0,3810.0,3774.0,,,,,
2017-12-22,,,,,,,,,,,,,,,,,,,,,,,,,,,,,,,,,4492.0,4310.0,3875.0,3791.0,3799.0,3758.0,3769.0,4087.0,4258.0,3808.0,3773.0,,,,,
2017-12-25,,,,,,,,,,,,,,,,,,,,,,,,,,,,,,,,,4505.0,4325.0,3895.0,3809.0,3825.0,3777.0,3780.0,4095.0,4262.0,3817.0,3789.0,,,,,
2017-12-26,,,,,,,,,,,,,,,,,,,,,,,,,,,,,,,,,4453.0,4296.0,3893.0,3807.0,3810.0,3769.0,3783.0,4112.0,4250.0,3813.0,3763.0,,,,,
2017-12-27,,,,,,,,,,,,,,,,,,,,,,,,,,,,,,,,,4467.0,4292.0,3880.0,3798.0,3812.0,3757.0,3776.0,4087.0,4250.0,3819.0,3769.0,3834.0,,,,
2017-12-28,,,,,,,,,,,,,,,,,,,,,,,,,,,,,,,,,4480.0,4297.0,3871.0,3822.0,3845.0,3776.0,3796.0,4107.0,4265.0,3827.0,3775.0,3813.0,,,,
2017-12-29,,,,,,,,,,,,,,,,,,,,,,,,,,,,,,,,,4682.0,4275.0,3860.0,3806.0,3843.0,3780.0,3790.0,4147.0,4261.0,3822.0,3789.0,3816.0,,,,
2018-01-02,,,,,,,,,,,,,,,,,,,,,,,,,,,,,,,,,4831.0,4280.0,3860.0,3820.0,3857.0,3788.0,3802.0,4107.0,4265.0,3845.0,3825.0,3837.0,,,,
2018-01-03,,,,,,,,,,,,,,,,,,,,,,,,,,,,,,,,,4800.0,4293.0,3866.0,3815.0,3861.0,3786.0,3806.0,4135.0,4274.0,3846.0,3786.0,3818.0,,,,
2018-01-04,,,,,,,,,,,,,,,,,,,,,,,,,,,,,,,,,4810.0,4238.0,3831.0,3788.0,3814.0,3757.0,3800.0,4079.0,4244.0,3831.0,3764.0,3789.0,,,,
2018-01-05,,,,,,,,,,,,,,,,,,,,,,,,,,,,,,,,,4798.0,4200.0,3800.0,3776.0,3807.0,3755.0,3767.0,4072.0,4240.0,3878.0,3774.0,3784.0,,,,
2018-01-08,,,,,,,,,,,,,,,,,,,,,,,,,,,,,,,,,4770.0,4159.0,3765.0,3757.0,3803.0,3758.0,3769.0,4052.0,4240.0,3838.0,3773.0,3774.0,,,,
2018-01-09,,,,,,,,,,,,,,,,,,,,,,,,,,,,,,,,,4760.0,4052.0,3708.0,3705.0,3732.0,3697.0,3709.0,4028.0,4182.0,3836.0,3747.0,3765.0,,,,
2018-01-10,,,,,,,,,,,,,,,,,,,,,,,,,,,,,,,,,4750.0,4077.0,3701.0,3706.0,3737.0,3705.0,3717.0,4019.0,4177.0,3807.0,3746.0,3758.0,,,,
2018-01-11,,,,,,,,,,,,,,,,,,,,,,,,,,,,,,,,,,4070.0,3693.0,3693.0,3731.0,3684.0,3705.0,4018.0,4160.0,3791.0,3732.0,3758.0,,,,
2018-01-12,,,,,,,,,,,,,,,,,,,,,,,,,,,,,,,,,4800.0,4055.0,3697.0,3686.0,3742.0,3693.0,3709.0,4021.0,4167.0,3789.0,3710.0,3750.0,,,,
2018-01-15,,,,,,,,,,,,,,,,,,,,,,,,,,,,,,,,,4769.0,4031.0,3677.0,3680.0,3731.0,3688.0,3705.0,4012.0,4159.0,3789.0,3710.0,3730.0,,,,
2018-01-16,,,,,,,,,,,,,,,,,,,,,,,,,,,,,,,,,4750.0,3915.0,3625.0,3667.0,3725.0,3676.0,3697.0,4005.0,4156.0,3788.0,3685.0,3718.0,,,,
2018-01-17,,,,,,,,,,,,,,,,,,,,,,,,,,,,,,,,,4749.0,3885.0,3606.0,3644.0,3693.0,3646.0,3670.0,3992.0,4129.0,3751.0,3650.0,3680.0,,,,
2018-01-18,,,,,,,,,,,,,,,,,,,,,,,,,,,,,,,,,4680.0,3848.0,3597.0,3642.0,3699.0,3640.0,3677.0,4052.0,4152.0,3766.0,3693.0,3732.0,,,,
2018-01-19,,,,,,,,,,,,,,,,,,,,,,,,,,,,,,,,,4649.0,3868.0,3589.0,3637.0,3710.0,3646.0,3683.0,4029.0,4181.0,3776.0,3738.0,3733.0,,,,
2018-01-22,,,,,,,,,,,,,,,,,,,,,,,,,,,,,,,,,4769.0,3896.0,3600.0,3649.0,3715.0,3651.0,3680.0,4039.0,4195.0,3795.0,3719.0,3735.0,,,,
2018-01-23,,,,,,,,,,,,,,,,,,,,,,,,,,,,,,,,,4755.0,3876.0,3582.0,3630.0,3696.0,3640.0,3675.0,4025.0,4172.0,3769.0,3692.0,3728.0,,,,
2018-01-24,,,,,,,,,,,,,,,,,,,,,,,,,,,,,,,,,4749.0,3821.0,3589.0,3629.0,3728.0,3641.0,3679.0,4034.0,4187.0,3777.0,3695.0,3746.0,,,,
2018-01-25,,,,,,,,,,,,,,,,,,,,,,,,,,,,,,,,,4750.0,3777.0,3570.0,3617.0,3721.0,3630.0,3676.0,4025.0,4176.0,3785.0,3680.0,3741.0,,,,
2018-01-26,,,,,,,,,,,,,,,,,,,,,,,,,,,,,,,,,4800.0,3710.0,3522.0,3597.0,3697.0,3599.0,3672.0,4015.0,4159.0,3765.0,3677.0,3722.0,,,,
2018-01-29,,,,,,,,,,,,,,,,,,,,,,,,,,,,,,,,,,3696.0,3522.0,3590.0,3685.0,3580.0,3674.0,4020.0,4165.0,3745.0,3675.0,3718.0,3848.0,,,
2018-01-30,,,,,,,,,,,,,,,,,,,,,,,,,,,,,,,,,,3749.0,3547.0,3586.0,3640.0,3555.0,3649.0,4011.0,4166.0,3758.0,3675.0,3726.0,3863.0,,,
2018-01-31,,,,,,,,,,,,,,,,,,,,,,,,,,,,,,,,,,3710.0,3539.0,3579.0,3636.0,3565.0,3637.0,4016.0,4170.0,3753.0,3676.0,3720.0,3860.0,,,
2018-02-01,,,,,,,,,,,,,,,,,,,,,,,,,,,,,,,,,,3659.0,3533.0,3580.0,3639.0,3565.0,3644.0,4017.0,4178.0,3773.0,3698.0,3729.0,3863.0,,,
2018-02-02,,,,,,,,,,,,,,,,,,,,,,,,,,,,,,,,,,3625.0,3528.0,3566.0,3627.0,3573.0,3625.0,4025.0,4194.0,3783.0,3710.0,3738.0,3873.0,,,
2018-02-05,,,,,,,,,,,,,,,,,,,,,,,,,,,,,,,,,,3712.0,3576.0,3627.0,3708.0,3633.0,3700.0,4065.0,4222.0,3819.0,3722.0,3760.0,3888.0,,,
2018-02-06,,,,,,,,,,,,,,,,,,,,,,,,,,,,,,,,,,3700.0,3549.0,3611.0,3694.0,3628.0,3677.0,4031.0,4199.0,3745.0,3681.0,3725.0,3860.0,,,
2018-02-07,,,,,,,,,,,,,,,,,,,,,,,,,,,,,,,,,,3700.0,3608.0,3639.0,3697.0,3640.0,3679.0,4027.0,4195.0,3739.0,3680.0,3724.0,3849.0,,,
2018-02-08,,,,,,,,,,,,,,,,,,,,,,,,,,,,,,,,,,3780.0,3604.0,3638.0,3693.0,3640.0,3677.0,4006.0,4162.0,3729.0,3660.0,3685.0,3809.0,,,
2018-02-09,,,,,,,,,,,,,,,,,,,,,,,,,,,,,,,,,,3888.0,3650.0,3670.0,3728.0,3667.0,3702.0,4025.0,4186.0,3736.0,3676.0,3703.0,3810.0,,,
2018-02-12,,,,,,,,,,,,,,,,,,,,,,,,,,,,,,,,,,3990.0,3761.0,3750.0,3740.0,3664.0,3698.0,4045.0,4218.0,3765.0,3690.0,3710.0,3805.0,,,
2018-02-13,,,,,,,,,,,,,,,,,,,,,,,,,,,,,,,,,,4049.0,3838.0,3802.0,3765.0,3684.0,3720.0,4053.0,4240.0,3795.0,3720.0,3727.0,3820.0,,,
2018-02-14,,,,,,,,,,,,,,,,,,,,,,,,,,,,,,,,,,3999.0,3790.0,3765.0,3760.0,3658.0,3700.0,4049.0,4210.0,3771.0,3693.0,3709.0,3800.0,,,
2018-02-22,,,,,,,,,,,,,,,,,,,,,,,,,,,,,,,,,,3990.0,3695.0,3710.0,3712.0,3639.0,3683.0,4014.0,4194.0,3745.0,3669.0,3683.0,3816.0,,,
2018-02-23,,,,,,,,,,,,,,,,,,,,,,,,,,,,,,,,,,3988.0,3686.0,3770.0,3794.0,3700.0,3725.0,4049.0,4257.0,3794.0,3714.0,3740.0,3849.0,,,
2018-02-26,,,,,,,,,,,,,,,,,,,,,,,,,,,,,,,,,,,3800.0,3814.0,3817.0,3738.0,3741.0,4092.0,4284.0,3813.0,3742.0,3750.0,3866.0,3613.0,,
2018-02-27,,,,,,,,,,,,,,,,,,,,,,,,,,,,,,,,,,,3808.0,3808.0,3798.0,3717.0,3721.0,4051.0,4266.0,3785.0,3731.0,3726.0,3837.0,3641.0,,
2018-02-28,,,,,,,,,,,,,,,,,,,,,,,,,,,,,,,,,,,3916.0,3775.0,3787.0,3699.0,3718.0,4070.0,4251.0,3783.0,3704.0,3720.0,3850.0,3634.0,,
2018-03-01,,,,,,,,,,,,,,,,,,,,,,,,,,,,,,,,,,,3910.0,3802.0,3797.0,3719.0,3729.0,4076.0,4250.0,3793.0,3720.0,3758.0,3850.0,3650.0,,
2018-03-02,,,,,,,,,,,,,,,,,,,,,,,,,,,,,,,,,,,3810.0,3800.0,3824.0,3724.0,3723.0,4066.0,4197.0,3746.0,3673.0,3696.0,3830.0,3639.0,,
2018-03-05,,,,,,,,,,,,,,,,,,,,,,,,,,,,,,,,,,,3690.0,3729.0,3750.0,3690.0,3693.0,4054.0,4182.0,3740.0,3666.0,3683.0,3850.0,3622.0,,
2018-03-06,,,,,,,,,,,,,,,,,,,,,,,,,,,,,,,,,,,3593.0,3729.0,3708.0,3680.0,3689.0,4048.0,4178.0,3736.0,3655.0,3696.0,3869.0,3628.0,,
2018-03-07,,,,,,,,,,,,,,,,,,,,,,,,,,,,,,,,,,,3740.0,3748.0,3714.0,3690.0,3680.0,4051.0,4185.0,3728.0,3662.0,3711.0,3867.0,3628.0,,
2018-03-08,,,,,,,,,,,,,,,,,,,,,,,,,,,,,,,,,,,,3728.0,3695.0,3666.0,3682.0,4049.0,4172.0,3725.0,3654.0,3701.0,3863.0,3632.0,,
2018-03-09,,,,,,,,,,,,,,,,,,,,,,,,,,,,,,,,,,,3616.0,3746.0,3700.0,3659.0,3665.0,4035.0,4159.0,3715.0,3650.0,3688.0,3862.0,3634.0,,
2018-03-12,,,,,,,,,,,,,,,,,,,,,,,,,,,,,,,,,,,3599.0,3697.0,3661.0,3640.0,3659.0,4009.0,4120.0,3688.0,3639.0,3674.0,3850.0,3621.0,,
2018-03-13,,,,,,,,,,,,,,,,,,,,,,,,,,,,,,,,,,,3512.0,3685.0,3621.0,3608.0,3614.0,3974.0,4077.0,3678.0,3616.0,3677.0,3843.0,3616.0,,
2018-03-14,,,,,,,,,,,,,,,,,,,,,,,,,,,,,,,,,,,3550.0,3713.0,3640.0,3610.0,3620.0,3990.0,4091.0,3678.0,3615.0,3691.0,3850.0,3624.0,,
2018-03-15,,,,,,,,,,,,,,,,,,,,,,,,,,,,,,,,,,,,3723.0,3652.0,3628.0,3620.0,3995.0,4098.0,3684.0,3620.0,3683.0,3843.0,3618.0,,
2018-03-16,,,,,,,,,,,,,,,,,,,,,,,,,,,,,,,,,,,,3690.0,3642.0,3606.0,3607.0,3966.0,4057.0,3657.0,3605.0,3673.0,3830.0,3616.0,,
2018-03-19,,,,,,,,,,,,,,,,,,,,,,,,,,,,,,,,,,,3540.0,3645.0,3592.0,3580.0,3590.0,3944.0,4055.0,3642.0,3590.0,3665.0,3820.0,3591.0,,
2018-03-20,,,,,,,,,,,,,,,,,,,,,,,,,,,,,,,,,,,3500.0,3556.0,3420.0,3447.0,3464.0,3855.0,3983.0,3594.0,3558.0,3663.0,3805.0,3573.0,,
2018-03-21,,,,,,,,,,,,,,,,,,,,,,,,,,,,,,,,,,,,3525.0,3393.0,3408.0,3456.0,3845.0,3960.0,3574.0,3546.0,3657.0,3795.0,3565.0,,
2018-03-22,,,,,,,,,,,,,,,,,,,,,,,,,,,,,,,,,,,3400.0,3559.0,3414.0,3429.0,3477.0,3855.0,3970.0,3594.0,3555.0,3662.0,3802.0,3570.0,,
2018-03-23,,,,,,,,,,,,,,,,,,,,,,,,,,,,,,,,,,,,3619.0,3477.0,3478.0,3498.0,3860.0,3982.0,3598.0,3559.0,3640.0,3808.0,3578.0,,
2018-03-26,,,,,,,,,,,,,,,,,,,,,,,,,,,,,,,,,,,3604.0,3653.0,3472.0,3490.0,3499.0,3881.0,3977.0,3597.0,3543.0,3673.0,3799.0,3578.0,,
2018-03-27,,,,,,,,,,,,,,,,,,,,,,,,,,,,,,,,,,,3820.0,3635.0,3429.0,3430.0,3460.0,3793.0,3920.0,3565.0,3529.0,3630.0,3772.0,3563.0,,
2018-03-28,,,,,,,,,,,,,,,,,,,,,,,,,,,,,,,,,,,,3649.0,3410.0,3411.0,3467.0,3789.0,3920.0,3560.0,3519.0,3637.0,3775.0,3562.0,3512.0,
2018-03-29,,,,,,,,,,,,,,,,,,,,,,,,,,,,,,,,,,,,3614.0,3350.0,3365.0,3449.0,3773.0,3905.0,3545.0,3516.0,3647.0,3779.0,3569.0,3492.0,
2018-03-30,,,,,,,,,,,,,,,,,,,,,,,,,,,,,,,,,,,,3731.0,3322.0,3360.0,3448.0,3782.0,3918.0,3569.0,3530.0,3637.0,3789.0,3563.0,3500.0,
2018-04-02,,,,,,,,,,,,,,,,,,,,,,,,,,,,,,,,,,,,3745.0,3387.0,3444.0,3498.0,3818.0,3965.0,3597.0,3560.0,3645.0,3825.0,3573.0,3514.0,
2018-04-03,,,,,,,,,,,,,,,,,,,,,,,,,,,,,,,,,,,,3345.0,3355.0,3372.0,3460.0,3828.0,3946.0,3586.0,3554.0,3649.0,3786.0,3569.0,3498.0,
2018-04-04,,,,,,,,,,,,,,,,,,,,,,,,,,,,,,,,,,,,,3355.0,3388.0,3458.0,3825.0,3962.0,3608.0,3570.0,3673.0,3800.0,3590.0,3500.0,
2018-04-09,,,,,,,,,,,,,,,,,,,,,,,,,,,,,,,,,,,,3490.0,3498.0,3510.0,3572.0,3944.0,4138.0,3728.0,3678.0,3737.0,3928.0,3666.0,3570.0,
2018-04-10,,,,,,,,,,,,,,,,,,,,,,,,,,,,,,,,,,,,3499.0,3480.0,3483.0,3563.0,3897.0,4038.0,3649.0,3609.0,3716.0,3876.0,3620.0,3550.0,
2018-04-11,,,,,,,,,,,,,,,,,,,,,,,,,,,,,,,,,,,,3518.0,3528.0,3508.0,3543.0,3925.0,4050.0,3663.0,3621.0,3718.0,3873.0,3619.0,3555.0,
2018-04-12,,,,,,,,,,,,,,,,,,,,,,,,,,,,,,,,,,,,3508.0,3538.0,3547.0,3562.0,3928.0,4064.0,3668.0,3620.0,3717.0,3887.0,3617.0,3535.0,
2018-04-13,,,,,,,,,,,,,,,,,,,,,,,,,,,,,,,,,,,,3550.0,3533.0,3552.0,3579.0,3946.0,4104.0,3685.0,3656.0,3737.0,3896.0,3612.0,3545.0,
2018-04-16,,,,,,,,,,,,,,,,,,,,,,,,,,,,,,,,,,,,3600.0,3592.0,3625.0,3638.0,3972.0,4112.0,3686.0,3660.0,3734.0,3899.0,3610.0,3536.0,
2018-04-17,,,,,,,,,,,,,,,,,,,,,,,,,,,,,,,,,,,,,3707.0,3720.0,3713.0,4006.0,4099.0,3677.0,3646.0,3718.0,3877.0,3599.0,3539.0,
2018-04-18,,,,,,,,,,,,,,,,,,,,,,,,,,,,,,,,,,,,,3790.0,3786.0,3765.0,4055.0,4129.0,3696.0,3660.0,3727.0,3895.0,3607.0,3558.0,
2018-04-19,,,,,,,,,,,,,,,,,,,,,,,,,,,,,,,,,,,,3816.0,3746.0,3675.0,3658.0,3994.0,4050.0,3636.0,3600.0,3685.0,3836.0,3581.0,3528.0,
2018-04-20,,,,,,,,,,,,,,,,,,,,,,,,,,,,,,,,,,,,4152.0,3759.0,3654.0,3624.0,3976.0,4034.0,3635.0,3590.0,3687.0,3830.0,3579.0,3521.0,
2018-04-23,,,,,,,,,,,,,,,,,,,,,,,,,,,,,,,,,,,,,3816.0,3686.0,3638.0,4000.0,4074.0,3656.0,3620.0,3695.0,3840.0,3582.0,3531.0,
2018-04-24,,,,,,,,,,,,,,,,,,,,,,,,,,,,,,,,,,,,,3785.0,3636.0,3606.0,3960.0,4037.0,3638.0,3610.0,3677.0,3825.0,3574.0,3522.0,
2018-04-25,,,,,,,,,,,,,,,,,,,,,,,,,,,,,,,,,,,,,3788.0,3630.0,3598.0,3929.0,3984.0,3596.0,3564.0,3666.0,3789.0,3558.0,3575.0,3555.0
2018-04-26,,,,,,,,,,,,,,,,,,,,,,,,,,,,,,,,,,,,,3805.0,3641.0,3629.0,3935.0,3992.0,3600.0,3561.0,3669.0,3803.0,3563.0,3517.0,3531.0
