,IH1505.CFE,IH1506.CFE,IH1507.CFE,IH1508.CFE,IH1509.CFE,IH1510.CFE,IH1511.CFE,IH1512.CFE,IH1601.CFE,IH1602.CFE,IH1603.CFE,IH1604.CFE,IH1605.CFE,IH1606.CFE,IH1607.CFE,IH1608.CFE,IH1609.CFE,IH1610.CFE,IH1611.CFE,IH1612.CFE,IH1701.CFE,IH1702.CFE,IH1703.CFE,IH1704.CFE,IH1705.CFE,IH1706.CFE,IH1707.CFE,IH1708.CFE,IH1709.CFE,IH1710.CFE,IH1711.CFE,IH1712.CFE,IH1801.CFE,IH1802.CFE,IH1803.CFE,IH1806.CFE,IH1804.CFE,IH1805.CFE,IH1809.CFE
2015-04-16,144423.0,10000.0,,,1727.0,,,717.0,,,,,,,,,,,,,,,,,,,,,,,,,,,,,,,
2015-04-17,271224.0,17943.0,,,3220.0,,,574.0,,,,,,,,,,,,,,,,,,,,,,,,,,,,,,,
2015-04-20,267213.0,20581.0,,,3376.0,,,482.0,,,,,,,,,,,,,,,,,,,,,,,,,,,,,,,
2015-04-21,239311.0,13016.0,,,2094.0,,,411.0,,,,,,,,,,,,,,,,,,,,,,,,,,,,,,,
2015-04-22,239676.0,11398.0,,,1938.0,,,311.0,,,,,,,,,,,,,,,,,,,,,,,,,,,,,,,
2015-04-23,246929.0,12531.0,,,2723.0,,,284.0,,,,,,,,,,,,,,,,,,,,,,,,,,,,,,,
2015-04-24,224297.0,9437.0,,,2097.0,,,329.0,,,,,,,,,,,,,,,,,,,,,,,,,,,,,,,
2015-04-27,259172.0,13093.0,,,1907.0,,,374.0,,,,,,,,,,,,,,,,,,,,,,,,,,,,,,,
2015-04-28,329692.0,17714.0,,,2886.0,,,434.0,,,,,,,,,,,,,,,,,,,,,,,,,,,,,,,
2015-04-29,242567.0,11779.0,,,1752.0,,,296.0,,,,,,,,,,,,,,,,,,,,,,,,,,,,,,,
2015-04-30,202408.0,12104.0,,,1023.0,,,264.0,,,,,,,,,,,,,,,,,,,,,,,,,,,,,,,
2015-05-04,189061.0,11282.0,,,1343.0,,,298.0,,,,,,,,,,,,,,,,,,,,,,,,,,,,,,,
2015-05-05,217674.0,15195.0,,,2099.0,,,377.0,,,,,,,,,,,,,,,,,,,,,,,,,,,,,,,
2015-05-06,261933.0,20601.0,,,2579.0,,,372.0,,,,,,,,,,,,,,,,,,,,,,,,,,,,,,,
2015-05-07,234619.0,16244.0,,,3172.0,,,464.0,,,,,,,,,,,,,,,,,,,,,,,,,,,,,,,
2015-05-08,215483.0,19808.0,,,2667.0,,,572.0,,,,,,,,,,,,,,,,,,,,,,,,,,,,,,,
2015-05-11,201465.0,27592.0,,,3168.0,,,376.0,,,,,,,,,,,,,,,,,,,,,,,,,,,,,,,
2015-05-12,189729.0,40560.0,,,2223.0,,,461.0,,,,,,,,,,,,,,,,,,,,,,,,,,,,,,,
2015-05-13,165986.0,54352.0,,,3541.0,,,654.0,,,,,,,,,,,,,,,,,,,,,,,,,,,,,,,
2015-05-14,106178.0,130846.0,,,4052.0,,,758.0,,,,,,,,,,,,,,,,,,,,,,,,,,,,,,,
2015-05-15,42093.0,202862.0,,,6506.0,,,846.0,,,,,,,,,,,,,,,,,,,,,,,,,,,,,,,
2015-05-18,,177652.0,3472.0,,4358.0,,,545.0,,,,,,,,,,,,,,,,,,,,,,,,,,,,,,,
2015-05-19,,295536.0,6247.0,,7537.0,,,615.0,,,,,,,,,,,,,,,,,,,,,,,,,,,,,,,
2015-05-20,,288447.0,7948.0,,7025.0,,,834.0,,,,,,,,,,,,,,,,,,,,,,,,,,,,,,,
2015-05-21,,259112.0,4152.0,,5261.0,,,561.0,,,,,,,,,,,,,,,,,,,,,,,,,,,,,,,
2015-05-22,,323497.0,7486.0,,10426.0,,,754.0,,,,,,,,,,,,,,,,,,,,,,,,,,,,,,,
2015-05-25,,294392.0,8723.0,,10278.0,,,1007.0,,,,,,,,,,,,,,,,,,,,,,,,,,,,,,,
2015-05-26,,346109.0,11743.0,,12403.0,,,1179.0,,,,,,,,,,,,,,,,,,,,,,,,,,,,,,,
2015-05-27,,342601.0,9187.0,,10960.0,,,1059.0,,,,,,,,,,,,,,,,,,,,,,,,,,,,,,,
2015-05-28,,385437.0,15638.0,,16512.0,,,1638.0,,,,,,,,,,,,,,,,,,,,,,,,,,,,,,,
2015-05-29,,371616.0,12363.0,,14457.0,,,1342.0,,,,,,,,,,,,,,,,,,,,,,,,,,,,,,,
2015-06-01,,344357.0,12933.0,,12357.0,,,1105.0,,,,,,,,,,,,,,,,,,,,,,,,,,,,,,,
2015-06-02,,356277.0,15391.0,,13842.0,,,1160.0,,,,,,,,,,,,,,,,,,,,,,,,,,,,,,,
2015-06-03,,411425.0,14679.0,,16273.0,,,953.0,,,,,,,,,,,,,,,,,,,,,,,,,,,,,,,
2015-06-04,,535862.0,30423.0,,28956.0,,,1946.0,,,,,,,,,,,,,,,,,,,,,,,,,,,,,,,
2015-06-05,,473292.0,27347.0,,25896.0,,,1442.0,,,,,,,,,,,,,,,,,,,,,,,,,,,,,,,
2015-06-08,,474019.0,29550.0,,22849.0,,,1469.0,,,,,,,,,,,,,,,,,,,,,,,,,,,,,,,
2015-06-09,,558664.0,42437.0,,31496.0,,,1959.0,,,,,,,,,,,,,,,,,,,,,,,,,,,,,,,
2015-06-10,,422773.0,32836.0,,20838.0,,,1192.0,,,,,,,,,,,,,,,,,,,,,,,,,,,,,,,
2015-06-11,,394680.0,30725.0,,18587.0,,,874.0,,,,,,,,,,,,,,,,,,,,,,,,,,,,,,,
2015-06-12,,360426.0,30718.0,,19026.0,,,599.0,,,,,,,,,,,,,,,,,,,,,,,,,,,,,,,
2015-06-15,,398272.0,54920.0,,24987.0,,,752.0,,,,,,,,,,,,,,,,,,,,,,,,,,,,,,,
2015-06-16,,388570.0,74468.0,,27073.0,,,789.0,,,,,,,,,,,,,,,,,,,,,,,,,,,,,,,
2015-06-17,,362681.0,113348.0,,20345.0,,,876.0,,,,,,,,,,,,,,,,,,,,,,,,,,,,,,,
2015-06-18,,243040.0,235899.0,,25594.0,,,1352.0,,,,,,,,,,,,,,,,,,,,,,,,,,,,,,,
2015-06-19,,83799.0,464391.0,,40762.0,,,2736.0,,,,,,,,,,,,,,,,,,,,,,,,,,,,,,,
2015-06-23,,,535265.0,6232.0,40376.0,,,3138.0,,,,,,,,,,,,,,,,,,,,,,,,,,,,,,,
2015-06-24,,,414165.0,3965.0,24465.0,,,1520.0,,,,,,,,,,,,,,,,,,,,,,,,,,,,,,,
2015-06-25,,,473847.0,5405.0,28813.0,,,2200.0,,,,,,,,,,,,,,,,,,,,,,,,,,,,,,,
2015-06-26,,,661394.0,8097.0,48190.0,,,3778.0,,,,,,,,,,,,,,,,,,,,,,,,,,,,,,,
2015-06-29,,,861208.0,10525.0,69829.0,,,4545.0,,,,,,,,,,,,,,,,,,,,,,,,,,,,,,,
2015-06-30,,,649227.0,6291.0,38182.0,,,3000.0,,,,,,,,,,,,,,,,,,,,,,,,,,,,,,,
2015-07-01,,,553003.0,5147.0,31881.0,,,2179.0,,,,,,,,,,,,,,,,,,,,,,,,,,,,,,,
2015-07-02,,,632565.0,5916.0,39439.0,,,2490.0,,,,,,,,,,,,,,,,,,,,,,,,,,,,,,,
2015-07-03,,,582227.0,4321.0,35730.0,,,2593.0,,,,,,,,,,,,,,,,,,,,,,,,,,,,,,,
2015-07-06,,,469021.0,5970.0,30434.0,,,3216.0,,,,,,,,,,,,,,,,,,,,,,,,,,,,,,,
2015-07-07,,,403815.0,5232.0,23170.0,,,2344.0,,,,,,,,,,,,,,,,,,,,,,,,,,,,,,,
2015-07-08,,,168297.0,2430.0,13210.0,,,1543.0,,,,,,,,,,,,,,,,,,,,,,,,,,,,,,,
2015-07-09,,,273706.0,5728.0,41779.0,,,3604.0,,,,,,,,,,,,,,,,,,,,,,,,,,,,,,,
2015-07-10,,,586568.0,11984.0,53392.0,,,4145.0,,,,,,,,,,,,,,,,,,,,,,,,,,,,,,,
2015-07-13,,,381964.0,10279.0,29347.0,,,2026.0,,,,,,,,,,,,,,,,,,,,,,,,,,,,,,,
2015-07-14,,,339183.0,17441.0,27093.0,,,2320.0,,,,,,,,,,,,,,,,,,,,,,,,,,,,,,,
2015-07-15,,,344500.0,36882.0,26589.0,,,1677.0,,,,,,,,,,,,,,,,,,,,,,,,,,,,,,,
2015-07-16,,,223454.0,152400.0,34870.0,,,1598.0,,,,,,,,,,,,,,,,,,,,,,,,,,,,,,,
2015-07-17,,,36370.0,312219.0,32263.0,,,1696.0,,,,,,,,,,,,,,,,,,,,,,,,,,,,,,,
2015-07-20,,,,300532.0,26175.0,,,1129.0,,,62.0,,,,,,,,,,,,,,,,,,,,,,,,,,,,
2015-07-21,,,,313348.0,24652.0,,,1681.0,,,100.0,,,,,,,,,,,,,,,,,,,,,,,,,,,,
2015-07-22,,,,232780.0,15819.0,,,823.0,,,126.0,,,,,,,,,,,,,,,,,,,,,,,,,,,,
2015-07-23,,,,282957.0,22204.0,,,1356.0,,,77.0,,,,,,,,,,,,,,,,,,,,,,,,,,,,
2015-07-24,,,,263171.0,21794.0,,,1139.0,,,133.0,,,,,,,,,,,,,,,,,,,,,,,,,,,,
2015-07-27,,,,256129.0,21883.0,,,1400.0,,,118.0,,,,,,,,,,,,,,,,,,,,,,,,,,,,
2015-07-28,,,,346447.0,28564.0,,,3226.0,,,200.0,,,,,,,,,,,,,,,,,,,,,,,,,,,,
2015-07-29,,,,272411.0,19864.0,,,1876.0,,,98.0,,,,,,,,,,,,,,,,,,,,,,,,,,,,
2015-07-30,,,,282109.0,20076.0,,,1857.0,,,70.0,,,,,,,,,,,,,,,,,,,,,,,,,,,,
2015-07-31,,,,262487.0,18911.0,,,1780.0,,,140.0,,,,,,,,,,,,,,,,,,,,,,,,,,,,
2015-08-03,,,,178356.0,11496.0,,,1349.0,,,194.0,,,,,,,,,,,,,,,,,,,,,,,,,,,,
2015-08-04,,,,197170.0,13871.0,,,1445.0,,,271.0,,,,,,,,,,,,,,,,,,,,,,,,,,,,
2015-08-05,,,,177623.0,11402.0,,,1055.0,,,114.0,,,,,,,,,,,,,,,,,,,,,,,,,,,,
2015-08-06,,,,216145.0,13137.0,,,1403.0,,,194.0,,,,,,,,,,,,,,,,,,,,,,,,,,,,
2015-08-07,,,,239727.0,19650.0,,,1631.0,,,183.0,,,,,,,,,,,,,,,,,,,,,,,,,,,,
2015-08-10,,,,213187.0,19291.0,,,1962.0,,,52.0,,,,,,,,,,,,,,,,,,,,,,,,,,,,
2015-08-11,,,,207352.0,18259.0,,,1489.0,,,46.0,,,,,,,,,,,,,,,,,,,,,,,,,,,,
2015-08-12,,,,228056.0,19392.0,,,1349.0,,,89.0,,,,,,,,,,,,,,,,,,,,,,,,,,,,
2015-08-13,,,,208055.0,19337.0,,,1756.0,,,121.0,,,,,,,,,,,,,,,,,,,,,,,,,,,,
2015-08-14,,,,195238.0,18225.0,,,1608.0,,,137.0,,,,,,,,,,,,,,,,,,,,,,,,,,,,
2015-08-17,,,,198816.0,28723.0,,,1815.0,,,174.0,,,,,,,,,,,,,,,,,,,,,,,,,,,,
2015-08-18,,,,262702.0,52318.0,,,2773.0,,,205.0,,,,,,,,,,,,,,,,,,,,,,,,,,,,
2015-08-19,,,,217036.0,87253.0,,,2449.0,,,246.0,,,,,,,,,,,,,,,,,,,,,,,,,,,,
2015-08-20,,,,101131.0,196449.0,,,2647.0,,,222.0,,,,,,,,,,,,,,,,,,,,,,,,,,,,
2015-08-21,,,,33591.0,296846.0,,,4034.0,,,436.0,,,,,,,,,,,,,,,,,,,,,,,,,,,,
2015-08-24,,,,,229796.0,1923.0,,4726.0,,,475.0,,,,,,,,,,,,,,,,,,,,,,,,,,,,
2015-08-25,,,,,403171.0,3651.0,,6425.0,,,687.0,,,,,,,,,,,,,,,,,,,,,,,,,,,,
2015-08-26,,,,,371256.0,3298.0,,8923.0,,,825.0,,,,,,,,,,,,,,,,,,,,,,,,,,,,
2015-08-27,,,,,363261.0,2556.0,,7060.0,,,578.0,,,,,,,,,,,,,,,,,,,,,,,,,,,,
2015-08-28,,,,,273270.0,1861.0,,4639.0,,,372.0,,,,,,,,,,,,,,,,,,,,,,,,,,,,
2015-08-31,,,,,165697.0,1364.0,,3244.0,,,391.0,,,,,,,,,,,,,,,,,,,,,,,,,,,,
2015-09-01,,,,,192928.0,1839.0,,3401.0,,,508.0,,,,,,,,,,,,,,,,,,,,,,,,,,,,
2015-09-02,,,,,206868.0,2946.0,,4921.0,,,521.0,,,,,,,,,,,,,,,,,,,,,,,,,,,,
2015-09-07,,,,,16627.0,748.0,,1201.0,,,185.0,,,,,,,,,,,,,,,,,,,,,,,,,,,,
2015-09-08,,,,,11823.0,860.0,,1090.0,,,131.0,,,,,,,,,,,,,,,,,,,,,,,,,,,,
2015-09-09,,,,,9056.0,907.0,,1131.0,,,115.0,,,,,,,,,,,,,,,,,,,,,,,,,,,,
2015-09-10,,,,,6902.0,664.0,,816.0,,,41.0,,,,,,,,,,,,,,,,,,,,,,,,,,,,
2015-09-11,,,,,6424.0,1008.0,,683.0,,,72.0,,,,,,,,,,,,,,,,,,,,,,,,,,,,
2015-09-14,,,,,8613.0,1923.0,,730.0,,,96.0,,,,,,,,,,,,,,,,,,,,,,,,,,,,
2015-09-15,,,,,6459.0,2335.0,,708.0,,,75.0,,,,,,,,,,,,,,,,,,,,,,,,,,,,
2015-09-16,,,,,7009.0,3521.0,,882.0,,,91.0,,,,,,,,,,,,,,,,,,,,,,,,,,,,
2015-09-17,,,,,4292.0,4407.0,,841.0,,,67.0,,,,,,,,,,,,,,,,,,,,,,,,,,,,
2015-09-18,,,,,2708.0,4720.0,,517.0,,,74.0,,,,,,,,,,,,,,,,,,,,,,,,,,,,
2015-09-21,,,,,,5446.0,73.0,626.0,,,61.0,,,,,,,,,,,,,,,,,,,,,,,,,,,,
2015-09-22,,,,,,5302.0,69.0,661.0,,,85.0,,,,,,,,,,,,,,,,,,,,,,,,,,,,
2015-09-23,,,,,,5830.0,53.0,587.0,,,54.0,,,,,,,,,,,,,,,,,,,,,,,,,,,,
2015-09-24,,,,,,4442.0,28.0,448.0,,,91.0,,,,,,,,,,,,,,,,,,,,,,,,,,,,
2015-09-25,,,,,,5135.0,25.0,428.0,,,50.0,,,,,,,,,,,,,,,,,,,,,,,,,,,,
2015-09-28,,,,,,4338.0,38.0,445.0,,,33.0,,,,,,,,,,,,,,,,,,,,,,,,,,,,
2015-09-29,,,,,,4843.0,55.0,459.0,,,50.0,,,,,,,,,,,,,,,,,,,,,,,,,,,,
2015-09-30,,,,,,4590.0,31.0,496.0,,,56.0,,,,,,,,,,,,,,,,,,,,,,,,,,,,
2015-10-08,,,,,,5351.0,153.0,669.0,,,76.0,,,,,,,,,,,,,,,,,,,,,,,,,,,,
2015-10-09,,,,,,5160.0,326.0,861.0,,,46.0,,,,,,,,,,,,,,,,,,,,,,,,,,,,
2015-10-12,,,,,,6021.0,366.0,1116.0,,,95.0,,,,,,,,,,,,,,,,,,,,,,,,,,,,
2015-10-13,,,,,,4607.0,703.0,1000.0,,,53.0,,,,,,,,,,,,,,,,,,,,,,,,,,,,
2015-10-14,,,,,,5071.0,1124.0,1231.0,,,41.0,,,,,,,,,,,,,,,,,,,,,,,,,,,,
2015-10-15,,,,,,4752.0,2569.0,1393.0,,,65.0,,,,,,,,,,,,,,,,,,,,,,,,,,,,
2015-10-16,,,,,,3707.0,4181.0,1373.0,,,88.0,,,,,,,,,,,,,,,,,,,,,,,,,,,,
2015-10-19,,,,,,,4703.0,880.0,,,55.0,,,2.0,,,,,,,,,,,,,,,,,,,,,,,,,
2015-10-20,,,,,,,4810.0,860.0,,,75.0,,,1.0,,,,,,,,,,,,,,,,,,,,,,,,,
2015-10-21,,,,,,,6584.0,1121.0,,,84.0,,,4.0,,,,,,,,,,,,,,,,,,,,,,,,,
2015-10-22,,,,,,,5604.0,986.0,,,63.0,,,2.0,,,,,,,,,,,,,,,,,,,,,,,,,
2015-10-23,,,,,,,4829.0,728.0,,,68.0,,,1.0,,,,,,,,,,,,,,,,,,,,,,,,,
2015-10-26,,,,,,,4726.0,909.0,,,89.0,,,18.0,,,,,,,,,,,,,,,,,,,,,,,,,
2015-10-27,,,,,,,4974.0,725.0,,,49.0,,,8.0,,,,,,,,,,,,,,,,,,,,,,,,,
2015-10-28,,,,,,,4753.0,776.0,,,25.0,,,8.0,,,,,,,,,,,,,,,,,,,,,,,,,
2015-10-29,,,,,,,4289.0,668.0,,,27.0,,,3.0,,,,,,,,,,,,,,,,,,,,,,,,,
2015-10-30,,,,,,,4486.0,708.0,,,28.0,,,1.0,,,,,,,,,,,,,,,,,,,,,,,,,
2015-11-02,,,,,,,4709.0,892.0,,,26.0,,,7.0,,,,,,,,,,,,,,,,,,,,,,,,,
2015-11-03,,,,,,,4603.0,737.0,,,44.0,,,22.0,,,,,,,,,,,,,,,,,,,,,,,,,
2015-11-04,,,,,,,6815.0,1442.0,,,79.0,,,28.0,,,,,,,,,,,,,,,,,,,,,,,,,
2015-11-05,,,,,,,8064.0,1873.0,,,101.0,,,27.0,,,,,,,,,,,,,,,,,,,,,,,,,
2015-11-06,,,,,,,7134.0,1932.0,,,133.0,,,29.0,,,,,,,,,,,,,,,,,,,,,,,,,
2015-11-09,,,,,,,6843.0,1999.0,,,169.0,,,35.0,,,,,,,,,,,,,,,,,,,,,,,,,
2015-11-10,,,,,,,5739.0,1780.0,,,109.0,,,28.0,,,,,,,,,,,,,,,,,,,,,,,,,
2015-11-11,,,,,,,5296.0,1498.0,,,101.0,,,18.0,,,,,,,,,,,,,,,,,,,,,,,,,
2015-11-12,,,,,,,5269.0,1625.0,,,105.0,,,31.0,,,,,,,,,,,,,,,,,,,,,,,,,
2015-11-13,,,,,,,4947.0,1781.0,,,88.0,,,25.0,,,,,,,,,,,,,,,,,,,,,,,,,
2015-11-16,,,,,,,4813.0,1886.0,,,93.0,,,22.0,,,,,,,,,,,,,,,,,,,,,,,,,
2015-11-17,,,,,,,5725.0,3416.0,,,165.0,,,56.0,,,,,,,,,,,,,,,,,,,,,,,,,
2015-11-18,,,,,,,4347.0,3532.0,,,167.0,,,46.0,,,,,,,,,,,,,,,,,,,,,,,,,
2015-11-19,,,,,,,3104.0,4612.0,,,207.0,,,65.0,,,,,,,,,,,,,,,,,,,,,,,,,
2015-11-20,,,,,,,1888.0,5508.0,,,234.0,,,58.0,,,,,,,,,,,,,,,,,,,,,,,,,
2015-11-23,,,,,,,,4983.0,133.0,,257.0,,,35.0,,,,,,,,,,,,,,,,,,,,,,,,,
2015-11-24,,,,,,,,5775.0,136.0,,197.0,,,36.0,,,,,,,,,,,,,,,,,,,,,,,,,
2015-11-25,,,,,,,,5784.0,124.0,,284.0,,,37.0,,,,,,,,,,,,,,,,,,,,,,,,,
2015-11-26,,,,,,,,5962.0,180.0,,211.0,,,33.0,,,,,,,,,,,,,,,,,,,,,,,,,
2015-11-27,,,,,,,,7509.0,351.0,,300.0,,,53.0,,,,,,,,,,,,,,,,,,,,,,,,,
2015-11-30,,,,,,,,7161.0,386.0,,316.0,,,37.0,,,,,,,,,,,,,,,,,,,,,,,,,
2015-12-01,,,,,,,,6147.0,271.0,,521.0,,,55.0,,,,,,,,,,,,,,,,,,,,,,,,,
2015-12-02,,,,,,,,8925.0,320.0,,586.0,,,98.0,,,,,,,,,,,,,,,,,,,,,,,,,
2015-12-03,,,,,,,,7092.0,323.0,,466.0,,,65.0,,,,,,,,,,,,,,,,,,,,,,,,,
2015-12-04,,,,,,,,6099.0,299.0,,452.0,,,65.0,,,,,,,,,,,,,,,,,,,,,,,,,
2015-12-07,,,,,,,,5571.0,274.0,,454.0,,,65.0,,,,,,,,,,,,,,,,,,,,,,,,,
2015-12-08,,,,,,,,5997.0,419.0,,450.0,,,62.0,,,,,,,,,,,,,,,,,,,,,,,,,
2015-12-09,,,,,,,,5627.0,647.0,,330.0,,,42.0,,,,,,,,,,,,,,,,,,,,,,,,,
2015-12-10,,,,,,,,6530.0,733.0,,297.0,,,44.0,,,,,,,,,,,,,,,,,,,,,,,,,
2015-12-11,,,,,,,,5639.0,823.0,,300.0,,,34.0,,,,,,,,,,,,,,,,,,,,,,,,,
2015-12-14,,,,,,,,6715.0,2011.0,,405.0,,,82.0,,,,,,,,,,,,,,,,,,,,,,,,,
2015-12-15,,,,,,,,5889.0,2354.0,,432.0,,,58.0,,,,,,,,,,,,,,,,,,,,,,,,,
2015-12-16,,,,,,,,4904.0,3313.0,,464.0,,,64.0,,,,,,,,,,,,,,,,,,,,,,,,,
2015-12-17,,,,,,,,4452.0,4289.0,,508.0,,,91.0,,,,,,,,,,,,,,,,,,,,,,,,,
2015-12-18,,,,,,,,2338.0,5580.0,,543.0,,,90.0,,,,,,,,,,,,,,,,,,,,,,,,,
2015-12-21,,,,,,,,,6483.0,92.0,591.0,,,69.0,,,,,,,,,,,,,,,,,,,,,,,,,
2015-12-22,,,,,,,,,5421.0,126.0,508.0,,,102.0,,,,,,,,,,,,,,,,,,,,,,,,,
2015-12-23,,,,,,,,,7040.0,128.0,486.0,,,82.0,,,,,,,,,,,,,,,,,,,,,,,,,
2015-12-24,,,,,,,,,6207.0,164.0,454.0,,,79.0,,,,,,,,,,,,,,,,,,,,,,,,,
2015-12-25,,,,,,,,,4783.0,205.0,340.0,,,41.0,,,,,,,,,,,,,,,,,,,,,,,,,
2015-12-28,,,,,,,,,6018.0,144.0,427.0,,,55.0,,,,,,,,,,,,,,,,,,,,,,,,,
2015-12-29,,,,,,,,,5634.0,143.0,400.0,,,68.0,,,,,,,,,,,,,,,,,,,,,,,,,
2015-12-30,,,,,,,,,5852.0,129.0,325.0,,,48.0,,,,,,,,,,,,,,,,,,,,,,,,,
2015-12-31,,,,,,,,,5776.0,100.0,349.0,,,43.0,,,,,,,,,,,,,,,,,,,,,,,,,
2016-01-04,,,,,,,,,4786.0,94.0,437.0,,,79.0,,,,,,,,,,,,,,,,,,,,,,,,,
2016-01-05,,,,,,,,,7003.0,264.0,698.0,,,143.0,,,,,,,,,,,,,,,,,,,,,,,,,
2016-01-06,,,,,,,,,6342.0,260.0,628.0,,,60.0,,,,,,,,,,,,,,,,,,,,,,,,,
2016-01-07,,,,,,,,,1951.0,56.0,161.0,,,25.0,,,,,,,,,,,,,,,,,,,,,,,,,
2016-01-08,,,,,,,,,7394.0,413.0,1036.0,,,117.0,,,,,,,,,,,,,,,,,,,,,,,,,
2016-01-11,,,,,,,,,7682.0,725.0,897.0,,,142.0,,,,,,,,,,,,,,,,,,,,,,,,,
2016-01-12,,,,,,,,,6770.0,1147.0,905.0,,,60.0,,,,,,,,,,,,,,,,,,,,,,,,,
2016-01-13,,,,,,,,,7022.0,2346.0,852.0,,,87.0,,,,,,,,,,,,,,,,,,,,,,,,,
2016-01-14,,,,,,,,,6296.0,4404.0,856.0,,,123.0,,,,,,,,,,,,,,,,,,,,,,,,,
2016-01-15,,,,,,,,,3876.0,6227.0,938.0,,,108.0,,,,,,,,,,,,,,,,,,,,,,,,,
2016-01-18,,,,,,,,,,6503.0,766.0,,,123.0,,,23.0,,,,,,,,,,,,,,,,,,,,,,
2016-01-19,,,,,,,,,,6900.0,893.0,,,109.0,,,25.0,,,,,,,,,,,,,,,,,,,,,,
2016-01-20,,,,,,,,,,7176.0,856.0,,,136.0,,,49.0,,,,,,,,,,,,,,,,,,,,,,
2016-01-21,,,,,,,,,,7757.0,1122.0,,,116.0,,,80.0,,,,,,,,,,,,,,,,,,,,,,
2016-01-22,,,,,,,,,,7414.0,1127.0,,,180.0,,,100.0,,,,,,,,,,,,,,,,,,,,,,
2016-01-25,,,,,,,,,,5537.0,724.0,,,170.0,,,103.0,,,,,,,,,,,,,,,,,,,,,,
2016-01-26,,,,,,,,,,7265.0,957.0,,,163.0,,,100.0,,,,,,,,,,,,,,,,,,,,,,
2016-01-27,,,,,,,,,,7502.0,1124.0,,,170.0,,,72.0,,,,,,,,,,,,,,,,,,,,,,
2016-01-28,,,,,,,,,,6232.0,1040.0,,,130.0,,,66.0,,,,,,,,,,,,,,,,,,,,,,
2016-01-29,,,,,,,,,,7396.0,1137.0,,,188.0,,,73.0,,,,,,,,,,,,,,,,,,,,,,
2016-02-01,,,,,,,,,,5844.0,994.0,,,167.0,,,78.0,,,,,,,,,,,,,,,,,,,,,,
2016-02-02,,,,,,,,,,5899.0,956.0,,,158.0,,,98.0,,,,,,,,,,,,,,,,,,,,,,
2016-02-03,,,,,,,,,,5553.0,1139.0,,,134.0,,,60.0,,,,,,,,,,,,,,,,,,,,,,
2016-02-04,,,,,,,,,,5856.0,1514.0,,,108.0,,,55.0,,,,,,,,,,,,,,,,,,,,,,
2016-02-05,,,,,,,,,,4253.0,1104.0,,,123.0,,,58.0,,,,,,,,,,,,,,,,,,,,,,
2016-02-15,,,,,,,,,,5232.0,2097.0,,,120.0,,,70.0,,,,,,,,,,,,,,,,,,,,,,
2016-02-16,,,,,,,,,,5622.0,3031.0,,,78.0,,,72.0,,,,,,,,,,,,,,,,,,,,,,
2016-02-17,,,,,,,,,,4731.0,3631.0,,,117.0,,,94.0,,,,,,,,,,,,,,,,,,,,,,
2016-02-18,,,,,,,,,,3280.0,4875.0,,,189.0,,,80.0,,,,,,,,,,,,,,,,,,,,,,
2016-02-19,,,,,,,,,,2248.0,5728.0,,,158.0,,,104.0,,,,,,,,,,,,,,,,,,,,,,
2016-02-22,,,,,,,,,,,7233.0,148.0,,267.0,,,114.0,,,,,,,,,,,,,,,,,,,,,,
2016-02-23,,,,,,,,,,,6490.0,147.0,,287.0,,,85.0,,,,,,,,,,,,,,,,,,,,,,
2016-02-24,,,,,,,,,,,6839.0,184.0,,367.0,,,142.0,,,,,,,,,,,,,,,,,,,,,,
2016-02-25,,,,,,,,,,,8943.0,297.0,,426.0,,,121.0,,,,,,,,,,,,,,,,,,,,,,
2016-02-26,,,,,,,,,,,7485.0,202.0,,347.0,,,78.0,,,,,,,,,,,,,,,,,,,,,,
2016-02-29,,,,,,,,,,,8354.0,299.0,,454.0,,,114.0,,,,,,,,,,,,,,,,,,,,,,
2016-03-01,,,,,,,,,,,8986.0,603.0,,443.0,,,108.0,,,,,,,,,,,,,,,,,,,,,,
2016-03-02,,,,,,,,,,,8860.0,755.0,,462.0,,,144.0,,,,,,,,,,,,,,,,,,,,,,
2016-03-03,,,,,,,,,,,7326.0,492.0,,369.0,,,77.0,,,,,,,,,,,,,,,,,,,,,,
2016-03-04,,,,,,,,,,,10489.0,747.0,,533.0,,,173.0,,,,,,,,,,,,,,,,,,,,,,
2016-03-07,,,,,,,,,,,8275.0,760.0,,572.0,,,123.0,,,,,,,,,,,,,,,,,,,,,,
2016-03-08,,,,,,,,,,,8497.0,876.0,,496.0,,,117.0,,,,,,,,,,,,,,,,,,,,,,
2016-03-09,,,,,,,,,,,7977.0,792.0,,522.0,,,146.0,,,,,,,,,,,,,,,,,,,,,,
2016-03-10,,,,,,,,,,,6937.0,795.0,,417.0,,,95.0,,,,,,,,,,,,,,,,,,,,,,
2016-03-11,,,,,,,,,,,7296.0,1032.0,,512.0,,,133.0,,,,,,,,,,,,,,,,,,,,,,
2016-03-14,,,,,,,,,,,8186.0,2030.0,,642.0,,,166.0,,,,,,,,,,,,,,,,,,,,,,
2016-03-15,,,,,,,,,,,7598.0,2953.0,,425.0,,,144.0,,,,,,,,,,,,,,,,,,,,,,
2016-03-16,,,,,,,,,,,7711.0,4056.0,,564.0,,,157.0,,,,,,,,,,,,,,,,,,,,,,
2016-03-17,,,,,,,,,,,6641.0,6688.0,,712.0,,,112.0,,,,,,,,,,,,,,,,,,,,,,
2016-03-18,,,,,,,,,,,3483.0,7612.0,,727.0,,,160.0,,,,,,,,,,,,,,,,,,,,,,
2016-03-21,,,,,,,,,,,,8245.0,144.0,847.0,,,301.0,,,,,,,,,,,,,,,,,,,,,,
2016-03-22,,,,,,,,,,,,5949.0,102.0,486.0,,,192.0,,,,,,,,,,,,,,,,,,,,,,
2016-03-23,,,,,,,,,,,,6519.0,154.0,535.0,,,129.0,,,,,,,,,,,,,,,,,,,,,,
2016-03-24,,,,,,,,,,,,6837.0,172.0,394.0,,,149.0,,,,,,,,,,,,,,,,,,,,,,
2016-03-25,,,,,,,,,,,,5604.0,123.0,359.0,,,99.0,,,,,,,,,,,,,,,,,,,,,,
2016-03-28,,,,,,,,,,,,6390.0,178.0,418.0,,,129.0,,,,,,,,,,,,,,,,,,,,,,
2016-03-29,,,,,,,,,,,,6621.0,235.0,403.0,,,116.0,,,,,,,,,,,,,,,,,,,,,,
2016-03-30,,,,,,,,,,,,7901.0,434.0,353.0,,,88.0,,,,,,,,,,,,,,,,,,,,,,
2016-03-31,,,,,,,,,,,,6820.0,375.0,365.0,,,98.0,,,,,,,,,,,,,,,,,,,,,,
2016-04-01,,,,,,,,,,,,7556.0,879.0,367.0,,,83.0,,,,,,,,,,,,,,,,,,,,,,
2016-04-05,,,,,,,,,,,,6999.0,786.0,424.0,,,144.0,,,,,,,,,,,,,,,,,,,,,,
2016-04-06,,,,,,,,,,,,5135.0,515.0,329.0,,,122.0,,,,,,,,,,,,,,,,,,,,,,
2016-04-07,,,,,,,,,,,,6535.0,543.0,520.0,,,98.0,,,,,,,,,,,,,,,,,,,,,,
2016-04-08,,,,,,,,,,,,6145.0,563.0,377.0,,,96.0,,,,,,,,,,,,,,,,,,,,,,
2016-04-11,,,,,,,,,,,,6363.0,1437.0,488.0,,,95.0,,,,,,,,,,,,,,,,,,,,,,
2016-04-12,,,,,,,,,,,,5823.0,1890.0,437.0,,,62.0,,,,,,,,,,,,,,,,,,,,,,
2016-04-13,,,,,,,,,,,,6941.0,4021.0,780.0,,,151.0,,,,,,,,,,,,,,,,,,,,,,
2016-04-14,,,,,,,,,,,,5242.0,4923.0,676.0,,,334.0,,,,,,,,,,,,,,,,,,,,,,
2016-04-15,,,,,,,,,,,,3263.0,5844.0,552.0,,,245.0,,,,,,,,,,,,,,,,,,,,,,
2016-04-18,,,,,,,,,,,,,5351.0,633.0,,,298.0,,,112.0,,,,,,,,,,,,,,,,,,,
2016-04-19,,,,,,,,,,,,,5103.0,499.0,,,185.0,,,62.0,,,,,,,,,,,,,,,,,,,
2016-04-20,,,,,,,,,,,,,7585.0,910.0,,,322.0,,,48.0,,,,,,,,,,,,,,,,,,,
2016-04-21,,,,,,,,,,,,,6920.0,872.0,,,358.0,,,69.0,,,,,,,,,,,,,,,,,,,
2016-04-22,,,,,,,,,,,,,5767.0,640.0,,,286.0,,,57.0,,,,,,,,,,,,,,,,,,,
2016-04-25,,,,,,,,,,,,,5531.0,527.0,,,212.0,,,45.0,,,,,,,,,,,,,,,,,,,
2016-04-26,,,,,,,,,,,,,5395.0,629.0,,,214.0,,,47.0,,,,,,,,,,,,,,,,,,,
2016-04-27,,,,,,,,,,,,,4584.0,464.0,,,162.0,,,59.0,,,,,,,,,,,,,,,,,,,
2016-04-28,,,,,,,,,,,,,4858.0,384.0,,,103.0,,,41.0,,,,,,,,,,,,,,,,,,,
2016-04-29,,,,,,,,,,,,,4156.0,462.0,,,91.0,,,22.0,,,,,,,,,,,,,,,,,,,
2016-05-03,,,,,,,,,,,,,5732.0,757.0,,,240.0,,,51.0,,,,,,,,,,,,,,,,,,,
2016-05-04,,,,,,,,,,,,,4443.0,604.0,,,191.0,,,33.0,,,,,,,,,,,,,,,,,,,
2016-05-05,,,,,,,,,,,,,3920.0,539.0,,,203.0,,,54.0,,,,,,,,,,,,,,,,,,,
2016-05-06,,,,,,,,,,,,,5872.0,786.0,,,235.0,,,70.0,,,,,,,,,,,,,,,,,,,
2016-05-09,,,,,,,,,,,,,5470.0,996.0,,,268.0,,,75.0,,,,,,,,,,,,,,,,,,,
2016-05-10,,,,,,,,,,,,,4725.0,944.0,,,212.0,,,82.0,,,,,,,,,,,,,,,,,,,
2016-05-11,,,,,,,,,,,,,4752.0,960.0,,,261.0,,,68.0,,,,,,,,,,,,,,,,,,,
2016-05-12,,,,,,,,,,,,,5091.0,1035.0,,,312.0,,,120.0,,,,,,,,,,,,,,,,,,,
2016-05-13,,,,,,,,,,,,,4542.0,1171.0,,,288.0,,,64.0,,,,,,,,,,,,,,,,,,,
2016-05-16,,,,,,,,,,,,,4786.0,1738.0,,,242.0,,,35.0,,,,,,,,,,,,,,,,,,,
2016-05-17,,,,,,,,,,,,,4992.0,2283.0,,,217.0,,,37.0,,,,,,,,,,,,,,,,,,,
2016-05-18,,,,,,,,,,,,,5260.0,3828.0,,,356.0,,,50.0,,,,,,,,,,,,,,,,,,,
2016-05-19,,,,,,,,,,,,,4035.0,4116.0,,,337.0,,,105.0,,,,,,,,,,,,,,,,,,,
2016-05-20,,,,,,,,,,,,,2049.0,4527.0,,,269.0,,,85.0,,,,,,,,,,,,,,,,,,,
2016-05-23,,,,,,,,,,,,,,4673.0,180.0,,338.0,,,42.0,,,,,,,,,,,,,,,,,,,
2016-05-24,,,,,,,,,,,,,,4470.0,178.0,,255.0,,,55.0,,,,,,,,,,,,,,,,,,,
2016-05-25,,,,,,,,,,,,,,4538.0,193.0,,237.0,,,66.0,,,,,,,,,,,,,,,,,,,
2016-05-26,,,,,,,,,,,,,,5025.0,310.0,,216.0,,,54.0,,,,,,,,,,,,,,,,,,,
2016-05-27,,,,,,,,,,,,,,3829.0,272.0,,206.0,,,45.0,,,,,,,,,,,,,,,,,,,
2016-05-30,,,,,,,,,,,,,,4580.0,349.0,,273.0,,,87.0,,,,,,,,,,,,,,,,,,,
2016-05-31,,,,,,,,,,,,,,7182.0,682.0,,480.0,,,176.0,,,,,,,,,,,,,,,,,,,
2016-06-01,,,,,,,,,,,,,,4981.0,646.0,,557.0,,,194.0,,,,,,,,,,,,,,,,,,,
2016-06-02,,,,,,,,,,,,,,3693.0,451.0,,270.0,,,145.0,,,,,,,,,,,,,,,,,,,
2016-06-03,,,,,,,,,,,,,,4722.0,574.0,,294.0,,,74.0,,,,,,,,,,,,,,,,,,,
2016-06-06,,,,,,,,,,,,,,4100.0,584.0,,384.0,,,91.0,,,,,,,,,,,,,,,,,,,
2016-06-07,,,,,,,,,,,,,,3439.0,552.0,,282.0,,,48.0,,,,,,,,,,,,,,,,,,,
2016-06-08,,,,,,,,,,,,,,3816.0,680.0,,333.0,,,55.0,,,,,,,,,,,,,,,,,,,
2016-06-13,,,,,,,,,,,,,,5337.0,1495.0,,505.0,,,106.0,,,,,,,,,,,,,,,,,,,
2016-06-14,,,,,,,,,,,,,,5223.0,2267.0,,469.0,,,68.0,,,,,,,,,,,,,,,,,,,
2016-06-15,,,,,,,,,,,,,,5583.0,3014.0,,444.0,,,90.0,,,,,,,,,,,,,,,,,,,
2016-06-16,,,,,,,,,,,,,,3877.0,3646.0,,310.0,,,103.0,,,,,,,,,,,,,,,,,,,
2016-06-17,,,,,,,,,,,,,,2617.0,5470.0,,469.0,,,112.0,,,,,,,,,,,,,,,,,,,
2016-06-20,,,,,,,,,,,,,,,4447.0,145.0,312.0,,,65.0,,,,,,,,,,,,,,,,,,,
2016-06-21,,,,,,,,,,,,,,,5010.0,215.0,388.0,,,83.0,,,,,,,,,,,,,,,,,,,
2016-06-22,,,,,,,,,,,,,,,4213.0,178.0,230.0,,,97.0,,,,,,,,,,,,,,,,,,,
2016-06-23,,,,,,,,,,,,,,,4361.0,204.0,220.0,,,59.0,,,,,,,,,,,,,,,,,,,
2016-06-24,,,,,,,,,,,,,,,5764.0,164.0,308.0,,,154.0,,,,,,,,,,,,,,,,,,,
2016-06-27,,,,,,,,,,,,,,,4393.0,103.0,208.0,,,83.0,,,,,,,,,,,,,,,,,,,
2016-06-28,,,,,,,,,,,,,,,3885.0,122.0,196.0,,,93.0,,,,,,,,,,,,,,,,,,,
2016-06-29,,,,,,,,,,,,,,,4462.0,255.0,340.0,,,112.0,,,,,,,,,,,,,,,,,,,
2016-06-30,,,,,,,,,,,,,,,4281.0,142.0,191.0,,,87.0,,,,,,,,,,,,,,,,,,,
2016-07-01,,,,,,,,,,,,,,,4116.0,286.0,228.0,,,60.0,,,,,,,,,,,,,,,,,,,
2016-07-04,,,,,,,,,,,,,,,4803.0,467.0,375.0,,,97.0,,,,,,,,,,,,,,,,,,,
2016-07-05,,,,,,,,,,,,,,,3842.0,462.0,253.0,,,71.0,,,,,,,,,,,,,,,,,,,
2016-07-06,,,,,,,,,,,,,,,3931.0,493.0,274.0,,,73.0,,,,,,,,,,,,,,,,,,,
2016-07-07,,,,,,,,,,,,,,,3781.0,491.0,279.0,,,91.0,,,,,,,,,,,,,,,,,,,
2016-07-08,,,,,,,,,,,,,,,4355.0,813.0,278.0,,,115.0,,,,,,,,,,,,,,,,,,,
2016-07-11,,,,,,,,,,,,,,,5283.0,1496.0,465.0,,,73.0,,,,,,,,,,,,,,,,,,,
2016-07-12,,,,,,,,,,,,,,,5626.0,1786.0,632.0,,,88.0,,,,,,,,,,,,,,,,,,,
2016-07-13,,,,,,,,,,,,,,,5947.0,3082.0,568.0,,,137.0,,,,,,,,,,,,,,,,,,,
2016-07-14,,,,,,,,,,,,,,,3831.0,3423.0,480.0,,,163.0,,,,,,,,,,,,,,,,,,,
2016-07-15,,,,,,,,,,,,,,,2691.0,4086.0,342.0,,,148.0,,,,,,,,,,,,,,,,,,,
2016-07-18,,,,,,,,,,,,,,,,3733.0,300.0,,,115.0,,,51.0,,,,,,,,,,,,,,,,
2016-07-19,,,,,,,,,,,,,,,,4444.0,438.0,,,128.0,,,44.0,,,,,,,,,,,,,,,,
2016-07-20,,,,,,,,,,,,,,,,3640.0,348.0,,,140.0,,,40.0,,,,,,,,,,,,,,,,
2016-07-21,,,,,,,,,,,,,,,,3942.0,492.0,,,176.0,,,31.0,,,,,,,,,,,,,,,,
2016-07-22,,,,,,,,,,,,,,,,3919.0,393.0,,,193.0,,,38.0,,,,,,,,,,,,,,,,
2016-07-25,,,,,,,,,,,,,,,,3455.0,370.0,,,109.0,,,23.0,,,,,,,,,,,,,,,,
2016-07-26,,,,,,,,,,,,,,,,4352.0,539.0,,,157.0,,,31.0,,,,,,,,,,,,,,,,
2016-07-27,,,,,,,,,,,,,,,,6261.0,746.0,,,217.0,,,47.0,,,,,,,,,,,,,,,,
2016-07-28,,,,,,,,,,,,,,,,5089.0,676.0,,,230.0,,,42.0,,,,,,,,,,,,,,,,
2016-07-29,,,,,,,,,,,,,,,,4049.0,707.0,,,202.0,,,55.0,,,,,,,,,,,,,,,,
2016-08-01,,,,,,,,,,,,,,,,3980.0,431.0,,,126.0,,,40.0,,,,,,,,,,,,,,,,
2016-08-02,,,,,,,,,,,,,,,,2799.0,288.0,,,126.0,,,83.0,,,,,,,,,,,,,,,,
2016-08-03,,,,,,,,,,,,,,,,2902.0,415.0,,,126.0,,,56.0,,,,,,,,,,,,,,,,
2016-08-04,,,,,,,,,,,,,,,,2898.0,450.0,,,151.0,,,96.0,,,,,,,,,,,,,,,,
2016-08-05,,,,,,,,,,,,,,,,3431.0,403.0,,,135.0,,,78.0,,,,,,,,,,,,,,,,
2016-08-08,,,,,,,,,,,,,,,,3198.0,479.0,,,169.0,,,44.0,,,,,,,,,,,,,,,,
2016-08-09,,,,,,,,,,,,,,,,3143.0,672.0,,,205.0,,,51.0,,,,,,,,,,,,,,,,
2016-08-10,,,,,,,,,,,,,,,,2705.0,648.0,,,180.0,,,47.0,,,,,,,,,,,,,,,,
2016-08-11,,,,,,,,,,,,,,,,4498.0,1528.0,,,188.0,,,53.0,,,,,,,,,,,,,,,,
2016-08-12,,,,,,,,,,,,,,,,4288.0,1771.0,,,251.0,,,77.0,,,,,,,,,,,,,,,,
2016-08-15,,,,,,,,,,,,,,,,5743.0,3041.0,,,364.0,,,112.0,,,,,,,,,,,,,,,,
2016-08-16,,,,,,,,,,,,,,,,5555.0,4391.0,,,357.0,,,89.0,,,,,,,,,,,,,,,,
2016-08-17,,,,,,,,,,,,,,,,4129.0,3975.0,,,321.0,,,110.0,,,,,,,,,,,,,,,,
2016-08-18,,,,,,,,,,,,,,,,3007.0,4315.0,,,267.0,,,69.0,,,,,,,,,,,,,,,,
2016-08-19,,,,,,,,,,,,,,,,1580.0,4481.0,,,183.0,,,43.0,,,,,,,,,,,,,,,,
2016-08-22,,,,,,,,,,,,,,,,,4034.0,71.0,,183.0,,,54.0,,,,,,,,,,,,,,,,
2016-08-23,,,,,,,,,,,,,,,,,4704.0,160.0,,358.0,,,131.0,,,,,,,,,,,,,,,,
2016-08-24,,,,,,,,,,,,,,,,,4414.0,106.0,,290.0,,,105.0,,,,,,,,,,,,,,,,
2016-08-25,,,,,,,,,,,,,,,,,4748.0,404.0,,281.0,,,80.0,,,,,,,,,,,,,,,,
2016-08-26,,,,,,,,,,,,,,,,,4098.0,270.0,,247.0,,,84.0,,,,,,,,,,,,,,,,
2016-08-29,,,,,,,,,,,,,,,,,3935.0,430.0,,167.0,,,53.0,,,,,,,,,,,,,,,,
2016-08-30,,,,,,,,,,,,,,,,,3754.0,316.0,,177.0,,,81.0,,,,,,,,,,,,,,,,
2016-08-31,,,,,,,,,,,,,,,,,3769.0,395.0,,218.0,,,62.0,,,,,,,,,,,,,,,,
2016-09-01,,,,,,,,,,,,,,,,,3675.0,457.0,,158.0,,,63.0,,,,,,,,,,,,,,,,
2016-09-02,,,,,,,,,,,,,,,,,4046.0,753.0,,191.0,,,61.0,,,,,,,,,,,,,,,,
2016-09-05,,,,,,,,,,,,,,,,,4104.0,646.0,,223.0,,,83.0,,,,,,,,,,,,,,,,
2016-09-06,,,,,,,,,,,,,,,,,4817.0,850.0,,367.0,,,62.0,,,,,,,,,,,,,,,,
2016-09-07,,,,,,,,,,,,,,,,,4375.0,875.0,,320.0,,,92.0,,,,,,,,,,,,,,,,
2016-09-08,,,,,,,,,,,,,,,,,3656.0,1072.0,,425.0,,,65.0,,,,,,,,,,,,,,,,
2016-09-09,,,,,,,,,,,,,,,,,3861.0,1461.0,,434.0,,,81.0,,,,,,,,,,,,,,,,
2016-09-12,,,,,,,,,,,,,,,,,6215.0,2778.0,,721.0,,,80.0,,,,,,,,,,,,,,,,
2016-09-13,,,,,,,,,,,,,,,,,5535.0,3745.0,,503.0,,,76.0,,,,,,,,,,,,,,,,
2016-09-14,,,,,,,,,,,,,,,,,4789.0,4039.0,,836.0,,,96.0,,,,,,,,,,,,,,,,
2016-09-19,,,,,,,,,,,,,,,,,2412.0,4154.0,,462.0,,,121.0,,,,,,,,,,,,,,,,
2016-09-20,,,,,,,,,,,,,,,,,,3075.0,40.0,302.0,,,89.0,,,,,,,,,,,,,,,,
2016-09-21,,,,,,,,,,,,,,,,,,3147.0,38.0,287.0,,,64.0,,,,,,,,,,,,,,,,
2016-09-22,,,,,,,,,,,,,,,,,,3909.0,91.0,355.0,,,112.0,,,,,,,,,,,,,,,,
2016-09-23,,,,,,,,,,,,,,,,,,3340.0,296.0,188.0,,,74.0,,,,,,,,,,,,,,,,
2016-09-26,,,,,,,,,,,,,,,,,,4390.0,338.0,589.0,,,116.0,,,,,,,,,,,,,,,,
2016-09-27,,,,,,,,,,,,,,,,,,4303.0,360.0,429.0,,,73.0,,,,,,,,,,,,,,,,
2016-09-28,,,,,,,,,,,,,,,,,,3314.0,279.0,369.0,,,115.0,,,,,,,,,,,,,,,,
2016-09-29,,,,,,,,,,,,,,,,,,3326.0,525.0,372.0,,,120.0,,,,,,,,,,,,,,,,
2016-09-30,,,,,,,,,,,,,,,,,,2848.0,261.0,246.0,,,74.0,,,,,,,,,,,,,,,,
2016-10-10,,,,,,,,,,,,,,,,,,4067.0,982.0,363.0,,,117.0,,,,,,,,,,,,,,,,
2016-10-11,,,,,,,,,,,,,,,,,,3465.0,1126.0,352.0,,,127.0,,,,,,,,,,,,,,,,
2016-10-12,,,,,,,,,,,,,,,,,,2679.0,1084.0,174.0,,,69.0,,,,,,,,,,,,,,,,
2016-10-13,,,,,,,,,,,,,,,,,,2874.0,1022.0,199.0,,,20.0,,,,,,,,,,,,,,,,
2016-10-14,,,,,,,,,,,,,,,,,,3337.0,1256.0,324.0,,,63.0,,,,,,,,,,,,,,,,
2016-10-17,,,,,,,,,,,,,,,,,,3832.0,1814.0,311.0,,,88.0,,,,,,,,,,,,,,,,
2016-10-18,,,,,,,,,,,,,,,,,,4619.0,2626.0,432.0,,,112.0,,,,,,,,,,,,,,,,
2016-10-19,,,,,,,,,,,,,,,,,,4685.0,3884.0,567.0,,,86.0,,,,,,,,,,,,,,,,
2016-10-20,,,,,,,,,,,,,,,,,,3968.0,4187.0,561.0,,,130.0,,,,,,,,,,,,,,,,
2016-10-21,,,,,,,,,,,,,,,,,,2284.0,4717.0,656.0,,,206.0,,,,,,,,,,,,,,,,
2016-10-24,,,,,,,,,,,,,,,,,,,4700.0,909.0,,,252.0,,,77.0,,,,,,,,,,,,,
2016-10-25,,,,,,,,,,,,,,,,,,,3059.0,416.0,,,142.0,,,43.0,,,,,,,,,,,,,
2016-10-26,,,,,,,,,,,,,,,,,,,3302.0,429.0,,,114.0,,,36.0,,,,,,,,,,,,,
2016-10-27,,,,,,,,,,,,,,,,,,,3158.0,653.0,,,232.0,,,53.0,,,,,,,,,,,,,
2016-10-28,,,,,,,,,,,,,,,,,,,3972.0,772.0,,,295.0,,,49.0,,,,,,,,,,,,,
2016-10-31,,,,,,,,,,,,,,,,,,,2863.0,528.0,,,73.0,,,29.0,,,,,,,,,,,,,
2016-11-01,,,,,,,,,,,,,,,,,,,3327.0,585.0,,,92.0,,,42.0,,,,,,,,,,,,,
2016-11-02,,,,,,,,,,,,,,,,,,,3072.0,406.0,,,99.0,,,49.0,,,,,,,,,,,,,
2016-11-03,,,,,,,,,,,,,,,,,,,4321.0,759.0,,,126.0,,,83.0,,,,,,,,,,,,,
2016-11-04,,,,,,,,,,,,,,,,,,,3516.0,627.0,,,90.0,,,58.0,,,,,,,,,,,,,
2016-11-07,,,,,,,,,,,,,,,,,,,2919.0,761.0,,,77.0,,,38.0,,,,,,,,,,,,,
2016-11-08,,,,,,,,,,,,,,,,,,,3831.0,1156.0,,,97.0,,,71.0,,,,,,,,,,,,,
2016-11-09,,,,,,,,,,,,,,,,,,,5439.0,1669.0,,,181.0,,,88.0,,,,,,,,,,,,,
2016-11-10,,,,,,,,,,,,,,,,,,,4226.0,1799.0,,,117.0,,,64.0,,,,,,,,,,,,,
2016-11-11,,,,,,,,,,,,,,,,,,,4790.0,2087.0,,,146.0,,,61.0,,,,,,,,,,,,,
2016-11-14,,,,,,,,,,,,,,,,,,,5067.0,2695.0,,,260.0,,,64.0,,,,,,,,,,,,,
2016-11-15,,,,,,,,,,,,,,,,,,,3890.0,2800.0,,,194.0,,,50.0,,,,,,,,,,,,,
2016-11-16,,,,,,,,,,,,,,,,,,,4190.0,3632.0,,,199.0,,,46.0,,,,,,,,,,,,,
2016-11-17,,,,,,,,,,,,,,,,,,,4086.0,4242.0,,,399.0,,,47.0,,,,,,,,,,,,,
2016-11-18,,,,,,,,,,,,,,,,,,,2547.0,4196.0,,,174.0,,,49.0,,,,,,,,,,,,,
2016-11-21,,,,,,,,,,,,,,,,,,,,4969.0,118.0,,319.0,,,76.0,,,,,,,,,,,,,
2016-11-22,,,,,,,,,,,,,,,,,,,,4387.0,456.0,,398.0,,,76.0,,,,,,,,,,,,,
2016-11-23,,,,,,,,,,,,,,,,,,,,4741.0,275.0,,303.0,,,51.0,,,,,,,,,,,,,
2016-11-24,,,,,,,,,,,,,,,,,,,,4132.0,254.0,,234.0,,,53.0,,,,,,,,,,,,,
2016-11-25,,,,,,,,,,,,,,,,,,,,4553.0,365.0,,301.0,,,46.0,,,,,,,,,,,,,
2016-11-28,,,,,,,,,,,,,,,,,,,,4823.0,641.0,,393.0,,,101.0,,,,,,,,,,,,,
2016-11-29,,,,,,,,,,,,,,,,,,,,5902.0,502.0,,464.0,,,121.0,,,,,,,,,,,,,
2016-11-30,,,,,,,,,,,,,,,,,,,,6482.0,688.0,,454.0,,,128.0,,,,,,,,,,,,,
2016-12-01,,,,,,,,,,,,,,,,,,,,5127.0,503.0,,414.0,,,194.0,,,,,,,,,,,,,
2016-12-02,,,,,,,,,,,,,,,,,,,,5985.0,769.0,,499.0,,,162.0,,,,,,,,,,,,,
2016-12-05,,,,,,,,,,,,,,,,,,,,5675.0,816.0,,505.0,,,188.0,,,,,,,,,,,,,
2016-12-06,,,,,,,,,,,,,,,,,,,,3966.0,582.0,,341.0,,,98.0,,,,,,,,,,,,,
2016-12-07,,,,,,,,,,,,,,,,,,,,3629.0,665.0,,499.0,,,160.0,,,,,,,,,,,,,
2016-12-08,,,,,,,,,,,,,,,,,,,,3585.0,854.0,,382.0,,,83.0,,,,,,,,,,,,,
2016-12-09,,,,,,,,,,,,,,,,,,,,4988.0,1221.0,,505.0,,,89.0,,,,,,,,,,,,,
2016-12-12,,,,,,,,,,,,,,,,,,,,6119.0,2745.0,,487.0,,,108.0,,,,,,,,,,,,,
2016-12-13,,,,,,,,,,,,,,,,,,,,5807.0,3110.0,,602.0,,,112.0,,,,,,,,,,,,,
2016-12-14,,,,,,,,,,,,,,,,,,,,5503.0,3915.0,,599.0,,,105.0,,,,,,,,,,,,,
2016-12-15,,,,,,,,,,,,,,,,,,,,5570.0,5728.0,,976.0,,,198.0,,,,,,,,,,,,,
2016-12-16,,,,,,,,,,,,,,,,,,,,3105.0,4835.0,,715.0,,,113.0,,,,,,,,,,,,,
2016-12-19,,,,,,,,,,,,,,,,,,,,,3879.0,73.0,475.0,,,83.0,,,,,,,,,,,,,
2016-12-20,,,,,,,,,,,,,,,,,,,,,4947.0,131.0,643.0,,,112.0,,,,,,,,,,,,,
2016-12-21,,,,,,,,,,,,,,,,,,,,,4511.0,116.0,544.0,,,74.0,,,,,,,,,,,,,
2016-12-22,,,,,,,,,,,,,,,,,,,,,3425.0,71.0,351.0,,,74.0,,,,,,,,,,,,,
2016-12-23,,,,,,,,,,,,,,,,,,,,,3346.0,124.0,345.0,,,50.0,,,,,,,,,,,,,
2016-12-26,,,,,,,,,,,,,,,,,,,,,4039.0,124.0,535.0,,,100.0,,,,,,,,,,,,,
2016-12-27,,,,,,,,,,,,,,,,,,,,,3351.0,143.0,303.0,,,53.0,,,,,,,,,,,,,
2016-12-28,,,,,,,,,,,,,,,,,,,,,3605.0,150.0,329.0,,,75.0,,,,,,,,,,,,,
2016-12-29,,,,,,,,,,,,,,,,,,,,,3708.0,265.0,435.0,,,64.0,,,,,,,,,,,,,
2016-12-30,,,,,,,,,,,,,,,,,,,,,3269.0,259.0,314.0,,,77.0,,,,,,,,,,,,,
2017-01-03,,,,,,,,,,,,,,,,,,,,,4262.0,325.0,427.0,,,77.0,,,,,,,,,,,,,
2017-01-04,,,,,,,,,,,,,,,,,,,,,4541.0,486.0,818.0,,,108.0,,,,,,,,,,,,,
2017-01-05,,,,,,,,,,,,,,,,,,,,,3837.0,590.0,563.0,,,119.0,,,,,,,,,,,,,
2017-01-06,,,,,,,,,,,,,,,,,,,,,3254.0,453.0,417.0,,,68.0,,,,,,,,,,,,,
2017-01-09,,,,,,,,,,,,,,,,,,,,,3027.0,358.0,360.0,,,208.0,,,,,,,,,,,,,
2017-01-10,,,,,,,,,,,,,,,,,,,,,3503.0,902.0,266.0,,,131.0,,,,,,,,,,,,,
2017-01-11,,,,,,,,,,,,,,,,,,,,,4037.0,990.0,424.0,,,148.0,,,,,,,,,,,,,
2017-01-12,,,,,,,,,,,,,,,,,,,,,4039.0,1278.0,340.0,,,165.0,,,,,,,,,,,,,
2017-01-13,,,,,,,,,,,,,,,,,,,,,4155.0,1169.0,401.0,,,102.0,,,,,,,,,,,,,
2017-01-16,,,,,,,,,,,,,,,,,,,,,6730.0,2793.0,826.0,,,189.0,,,,,,,,,,,,,
2017-01-17,,,,,,,,,,,,,,,,,,,,,5711.0,3388.0,965.0,,,115.0,,,,,,,,,,,,,
2017-01-18,,,,,,,,,,,,,,,,,,,,,5196.0,4235.0,755.0,,,131.0,,,,,,,,,,,,,
2017-01-19,,,,,,,,,,,,,,,,,,,,,4946.0,5244.0,855.0,,,169.0,,,,,,,,,,,,,
2017-01-20,,,,,,,,,,,,,,,,,,,,,2108.0,4803.0,1067.0,,,181.0,,,,,,,,,,,,,
2017-01-23,,,,,,,,,,,,,,,,,,,,,,3218.0,792.0,,,135.0,,,97.0,,,,,,,,,,
2017-01-24,,,,,,,,,,,,,,,,,,,,,,3029.0,705.0,,,94.0,,,101.0,,,,,,,,,,
2017-01-25,,,,,,,,,,,,,,,,,,,,,,2997.0,682.0,,,132.0,,,93.0,,,,,,,,,,
2017-01-26,,,,,,,,,,,,,,,,,,,,,,2974.0,701.0,,,143.0,,,81.0,,,,,,,,,,
2017-02-03,,,,,,,,,,,,,,,,,,,,,,3015.0,669.0,,,115.0,,,52.0,,,,,,,,,,
2017-02-06,,,,,,,,,,,,,,,,,,,,,,3548.0,1344.0,,,231.0,,,145.0,,,,,,,,,,
2017-02-07,,,,,,,,,,,,,,,,,,,,,,3128.0,1145.0,,,226.0,,,83.0,,,,,,,,,,
2017-02-08,,,,,,,,,,,,,,,,,,,,,,3806.0,1476.0,,,314.0,,,107.0,,,,,,,,,,
2017-02-09,,,,,,,,,,,,,,,,,,,,,,3899.0,1626.0,,,304.0,,,138.0,,,,,,,,,,
2017-02-10,,,,,,,,,,,,,,,,,,,,,,4591.0,1687.0,,,327.0,,,104.0,,,,,,,,,,
2017-02-13,,,,,,,,,,,,,,,,,,,,,,4805.0,2794.0,,,260.0,,,82.0,,,,,,,,,,
2017-02-14,,,,,,,,,,,,,,,,,,,,,,4276.0,3460.0,,,160.0,,,70.0,,,,,,,,,,
2017-02-15,,,,,,,,,,,,,,,,,,,,,,5026.0,5122.0,,,494.0,,,111.0,,,,,,,,,,
2017-02-16,,,,,,,,,,,,,,,,,,,,,,3986.0,4314.0,,,299.0,,,80.0,,,,,,,,,,
2017-02-17,,,,,,,,,,,,,,,,,,,,,,2628.0,5710.0,,,554.0,,,174.0,,,,,,,,,,
2017-02-20,,,,,,,,,,,,,,,,,,,,,,,7272.0,730.0,,660.0,,,260.0,,,,,,,,,,
2017-02-21,,,,,,,,,,,,,,,,,,,,,,,6566.0,729.0,,657.0,,,291.0,,,,,,,,,,
2017-02-22,,,,,,,,,,,,,,,,,,,,,,,4877.0,418.0,,661.0,,,222.0,,,,,,,,,,
2017-02-23,,,,,,,,,,,,,,,,,,,,,,,5862.0,532.0,,492.0,,,241.0,,,,,,,,,,
2017-02-24,,,,,,,,,,,,,,,,,,,,,,,5289.0,642.0,,430.0,,,205.0,,,,,,,,,,
2017-02-27,,,,,,,,,,,,,,,,,,,,,,,5194.0,409.0,,362.0,,,227.0,,,,,,,,,,
2017-02-28,,,,,,,,,,,,,,,,,,,,,,,4700.0,485.0,,392.0,,,196.0,,,,,,,,,,
2017-03-01,,,,,,,,,,,,,,,,,,,,,,,5713.0,694.0,,530.0,,,278.0,,,,,,,,,,
2017-03-02,,,,,,,,,,,,,,,,,,,,,,,5731.0,750.0,,518.0,,,367.0,,,,,,,,,,
2017-03-03,,,,,,,,,,,,,,,,,,,,,,,5485.0,613.0,,541.0,,,249.0,,,,,,,,,,
2017-03-06,,,,,,,,,,,,,,,,,,,,,,,5325.0,689.0,,655.0,,,309.0,,,,,,,,,,
2017-03-07,,,,,,,,,,,,,,,,,,,,,,,4516.0,846.0,,566.0,,,269.0,,,,,,,,,,
2017-03-08,,,,,,,,,,,,,,,,,,,,,,,4996.0,1189.0,,623.0,,,210.0,,,,,,,,,,
2017-03-09,,,,,,,,,,,,,,,,,,,,,,,6458.0,1729.0,,839.0,,,171.0,,,,,,,,,,
2017-03-10,,,,,,,,,,,,,,,,,,,,,,,5979.0,2175.0,,550.0,,,212.0,,,,,,,,,,
2017-03-13,,,,,,,,,,,,,,,,,,,,,,,8926.0,4453.0,,1200.0,,,307.0,,,,,,,,,,
2017-03-14,,,,,,,,,,,,,,,,,,,,,,,6689.0,4152.0,,954.0,,,229.0,,,,,,,,,,
2017-03-15,,,,,,,,,,,,,,,,,,,,,,,7430.0,4894.0,,767.0,,,146.0,,,,,,,,,,
2017-03-16,,,,,,,,,,,,,,,,,,,,,,,7057.0,7119.0,,1447.0,,,299.0,,,,,,,,,,
2017-03-17,,,,,,,,,,,,,,,,,,,,,,,3602.0,7517.0,,1169.0,,,281.0,,,,,,,,,,
2017-03-20,,,,,,,,,,,,,,,,,,,,,,,,5383.0,187.0,698.0,,,272.0,,,,,,,,,,
2017-03-21,,,,,,,,,,,,,,,,,,,,,,,,5806.0,305.0,442.0,,,207.0,,,,,,,,,,
2017-03-22,,,,,,,,,,,,,,,,,,,,,,,,6590.0,261.0,595.0,,,277.0,,,,,,,,,,
2017-03-23,,,,,,,,,,,,,,,,,,,,,,,,7312.0,388.0,695.0,,,271.0,,,,,,,,,,
2017-03-24,,,,,,,,,,,,,,,,,,,,,,,,7696.0,374.0,735.0,,,316.0,,,,,,,,,,
2017-03-27,,,,,,,,,,,,,,,,,,,,,,,,7243.0,490.0,981.0,,,391.0,,,,,,,,,,
2017-03-28,,,,,,,,,,,,,,,,,,,,,,,,5318.0,369.0,588.0,,,344.0,,,,,,,,,,
2017-03-29,,,,,,,,,,,,,,,,,,,,,,,,5697.0,436.0,463.0,,,279.0,,,,,,,,,,
2017-03-30,,,,,,,,,,,,,,,,,,,,,,,,6933.0,460.0,761.0,,,437.0,,,,,,,,,,
2017-03-31,,,,,,,,,,,,,,,,,,,,,,,,5620.0,272.0,556.0,,,347.0,,,,,,,,,,
2017-04-05,,,,,,,,,,,,,,,,,,,,,,,,6831.0,484.0,1100.0,,,421.0,,,,,,,,,,
2017-04-06,,,,,,,,,,,,,,,,,,,,,,,,5424.0,542.0,492.0,,,306.0,,,,,,,,,,
2017-04-07,,,,,,,,,,,,,,,,,,,,,,,,5405.0,643.0,465.0,,,236.0,,,,,,,,,,
2017-04-10,,,,,,,,,,,,,,,,,,,,,,,,4771.0,482.0,614.0,,,233.0,,,,,,,,,,
2017-04-11,,,,,,,,,,,,,,,,,,,,,,,,8132.0,1025.0,695.0,,,304.0,,,,,,,,,,
2017-04-12,,,,,,,,,,,,,,,,,,,,,,,,6130.0,867.0,555.0,,,281.0,,,,,,,,,,
2017-04-13,,,,,,,,,,,,,,,,,,,,,,,,5378.0,1309.0,719.0,,,223.0,,,,,,,,,,
2017-04-14,,,,,,,,,,,,,,,,,,,,,,,,6051.0,1312.0,776.0,,,260.0,,,,,,,,,,
2017-04-17,,,,,,,,,,,,,,,,,,,,,,,,7722.0,2873.0,1072.0,,,298.0,,,,,,,,,,
2017-04-18,,,,,,,,,,,,,,,,,,,,,,,,6953.0,3422.0,954.0,,,293.0,,,,,,,,,,
2017-04-19,,,,,,,,,,,,,,,,,,,,,,,,6603.0,4804.0,897.0,,,458.0,,,,,,,,,,
2017-04-20,,,,,,,,,,,,,,,,,,,,,,,,5414.0,5116.0,611.0,,,531.0,,,,,,,,,,
2017-04-21,,,,,,,,,,,,,,,,,,,,,,,,2941.0,5615.0,743.0,,,742.0,,,,,,,,,,
2017-04-24,,,,,,,,,,,,,,,,,,,,,,,,,6341.0,877.0,,,382.0,,,110.0,,,,,,,
2017-04-25,,,,,,,,,,,,,,,,,,,,,,,,,5176.0,831.0,,,375.0,,,75.0,,,,,,,
2017-04-26,,,,,,,,,,,,,,,,,,,,,,,,,5841.0,953.0,,,353.0,,,82.0,,,,,,,
2017-04-27,,,,,,,,,,,,,,,,,,,,,,,,,6079.0,810.0,,,383.0,,,122.0,,,,,,,
2017-04-28,,,,,,,,,,,,,,,,,,,,,,,,,4795.0,762.0,,,222.0,,,124.0,,,,,,,
2017-05-02,,,,,,,,,,,,,,,,,,,,,,,,,3993.0,549.0,,,239.0,,,105.0,,,,,,,
2017-05-03,,,,,,,,,,,,,,,,,,,,,,,,,4775.0,725.0,,,190.0,,,78.0,,,,,,,
2017-05-04,,,,,,,,,,,,,,,,,,,,,,,,,5082.0,791.0,,,370.0,,,95.0,,,,,,,
2017-05-05,,,,,,,,,,,,,,,,,,,,,,,,,6257.0,1131.0,,,594.0,,,113.0,,,,,,,
2017-05-08,,,,,,,,,,,,,,,,,,,,,,,,,6047.0,1187.0,,,548.0,,,120.0,,,,,,,
2017-05-09,,,,,,,,,,,,,,,,,,,,,,,,,5364.0,977.0,,,392.0,,,98.0,,,,,,,
2017-05-10,,,,,,,,,,,,,,,,,,,,,,,,,6434.0,1520.0,,,541.0,,,107.0,,,,,,,
2017-05-11,,,,,,,,,,,,,,,,,,,,,,,,,6882.0,2053.0,,,527.0,,,138.0,,,,,,,
2017-05-12,,,,,,,,,,,,,,,,,,,,,,,,,7890.0,2844.0,,,904.0,,,162.0,,,,,,,
2017-05-15,,,,,,,,,,,,,,,,,,,,,,,,,6606.0,3239.0,,,597.0,,,138.0,,,,,,,
2017-05-16,,,,,,,,,,,,,,,,,,,,,,,,,6385.0,3446.0,,,681.0,,,105.0,,,,,,,
2017-05-17,,,,,,,,,,,,,,,,,,,,,,,,,5793.0,4464.0,,,623.0,,,190.0,,,,,,,
2017-05-18,,,,,,,,,,,,,,,,,,,,,,,,,5124.0,5444.0,,,793.0,,,169.0,,,,,,,
2017-05-19,,,,,,,,,,,,,,,,,,,,,,,,,2937.0,4948.0,,,391.0,,,98.0,,,,,,,
2017-05-22,,,,,,,,,,,,,,,,,,,,,,,,,,6295.0,1118.0,,668.0,,,105.0,,,,,,,
2017-05-23,,,,,,,,,,,,,,,,,,,,,,,,,,7269.0,879.0,,741.0,,,143.0,,,,,,,
2017-05-24,,,,,,,,,,,,,,,,,,,,,,,,,,8593.0,695.0,,559.0,,,155.0,,,,,,,
2017-05-25,,,,,,,,,,,,,,,,,,,,,,,,,,10272.0,1536.0,,1035.0,,,251.0,,,,,,,
2017-05-26,,,,,,,,,,,,,,,,,,,,,,,,,,8788.0,1083.0,,672.0,,,213.0,,,,,,,
2017-05-31,,,,,,,,,,,,,,,,,,,,,,,,,,8384.0,1312.0,,884.0,,,131.0,,,,,,,
2017-06-01,,,,,,,,,,,,,,,,,,,,,,,,,,7525.0,836.0,,719.0,,,142.0,,,,,,,
2017-06-02,,,,,,,,,,,,,,,,,,,,,,,,,,7604.0,1068.0,,717.0,,,173.0,,,,,,,
2017-06-05,,,,,,,,,,,,,,,,,,,,,,,,,,7461.0,1094.0,,515.0,,,174.0,,,,,,,
2017-06-06,,,,,,,,,,,,,,,,,,,,,,,,,,7466.0,1180.0,,431.0,,,166.0,,,,,,,
2017-06-07,,,,,,,,,,,,,,,,,,,,,,,,,,8124.0,1166.0,,809.0,,,172.0,,,,,,,
2017-06-08,,,,,,,,,,,,,,,,,,,,,,,,,,8938.0,1561.0,,937.0,,,184.0,,,,,,,
2017-06-09,,,,,,,,,,,,,,,,,,,,,,,,,,8565.0,1660.0,,991.0,,,246.0,,,,,,,
2017-06-12,,,,,,,,,,,,,,,,,,,,,,,,,,8966.0,2288.0,,1214.0,,,222.0,,,,,,,
2017-06-13,,,,,,,,,,,,,,,,,,,,,,,,,,8115.0,3194.0,,1337.0,,,132.0,,,,,,,
2017-06-14,,,,,,,,,,,,,,,,,,,,,,,,,,7956.0,4212.0,,1064.0,,,195.0,,,,,,,
2017-06-15,,,,,,,,,,,,,,,,,,,,,,,,,,6359.0,6375.0,,840.0,,,168.0,,,,,,,
2017-06-16,,,,,,,,,,,,,,,,,,,,,,,,,,4129.0,7662.0,,996.0,,,219.0,,,,,,,
2017-06-19,,,,,,,,,,,,,,,,,,,,,,,,,,,8859.0,187.0,1017.0,,,260.0,,,,,,,
2017-06-20,,,,,,,,,,,,,,,,,,,,,,,,,,,7846.0,151.0,918.0,,,202.0,,,,,,,
2017-06-21,,,,,,,,,,,,,,,,,,,,,,,,,,,9271.0,422.0,1010.0,,,216.0,,,,,,,
2017-06-22,,,,,,,,,,,,,,,,,,,,,,,,,,,11407.0,699.0,1287.0,,,278.0,,,,,,,
2017-06-23,,,,,,,,,,,,,,,,,,,,,,,,,,,11037.0,367.0,934.0,,,260.0,,,,,,,
2017-06-26,,,,,,,,,,,,,,,,,,,,,,,,,,,9638.0,305.0,1195.0,,,263.0,,,,,,,
2017-06-27,,,,,,,,,,,,,,,,,,,,,,,,,,,8727.0,363.0,1009.0,,,254.0,,,,,,,
2017-06-28,,,,,,,,,,,,,,,,,,,,,,,,,,,8596.0,644.0,792.0,,,226.0,,,,,,,
2017-06-29,,,,,,,,,,,,,,,,,,,,,,,,,,,8631.0,328.0,929.0,,,217.0,,,,,,,
2017-06-30,,,,,,,,,,,,,,,,,,,,,,,,,,,7383.0,279.0,720.0,,,192.0,,,,,,,
2017-07-03,,,,,,,,,,,,,,,,,,,,,,,,,,,8009.0,560.0,805.0,,,163.0,,,,,,,
2017-07-04,,,,,,,,,,,,,,,,,,,,,,,,,,,8542.0,747.0,1050.0,,,291.0,,,,,,,
2017-07-05,,,,,,,,,,,,,,,,,,,,,,,,,,,8803.0,608.0,1010.0,,,208.0,,,,,,,
2017-07-06,,,,,,,,,,,,,,,,,,,,,,,,,,,9254.0,391.0,887.0,,,185.0,,,,,,,
2017-07-07,,,,,,,,,,,,,,,,,,,,,,,,,,,7886.0,465.0,663.0,,,157.0,,,,,,,
2017-07-10,,,,,,,,,,,,,,,,,,,,,,,,,,,7488.0,492.0,884.0,,,200.0,,,,,,,
2017-07-11,,,,,,,,,,,,,,,,,,,,,,,,,,,9687.0,1078.0,1440.0,,,334.0,,,,,,,
2017-07-12,,,,,,,,,,,,,,,,,,,,,,,,,,,12079.0,1261.0,1481.0,,,409.0,,,,,,,
2017-07-13,,,,,,,,,,,,,,,,,,,,,,,,,,,10111.0,1344.0,1076.0,,,261.0,,,,,,,
2017-07-14,,,,,,,,,,,,,,,,,,,,,,,,,,,9250.0,1619.0,1034.0,,,281.0,,,,,,,
2017-07-17,,,,,,,,,,,,,,,,,,,,,,,,,,,11279.0,3028.0,1777.0,,,437.0,,,,,,,
2017-07-18,,,,,,,,,,,,,,,,,,,,,,,,,,,10275.0,3555.0,1311.0,,,399.0,,,,,,,
2017-07-19,,,,,,,,,,,,,,,,,,,,,,,,,,,9613.0,5532.0,1617.0,,,313.0,,,,,,,
2017-07-20,,,,,,,,,,,,,,,,,,,,,,,,,,,7540.0,7508.0,1725.0,,,413.0,,,,,,,
2017-07-21,,,,,,,,,,,,,,,,,,,,,,,,,,,3648.0,8525.0,1319.0,,,447.0,,,,,,,
2017-07-24,,,,,,,,,,,,,,,,,,,,,,,,,,,,9592.0,1426.0,,,362.0,,,25.0,,,,
2017-07-25,,,,,,,,,,,,,,,,,,,,,,,,,,,,9722.0,1158.0,,,269.0,,,62.0,,,,
2017-07-26,,,,,,,,,,,,,,,,,,,,,,,,,,,,10973.0,1457.0,,,385.0,,,91.0,,,,
2017-07-27,,,,,,,,,,,,,,,,,,,,,,,,,,,,9280.0,1346.0,,,379.0,,,143.0,,,,
2017-07-28,,,,,,,,,,,,,,,,,,,,,,,,,,,,7696.0,884.0,,,308.0,,,66.0,,,,
2017-07-31,,,,,,,,,,,,,,,,,,,,,,,,,,,,7321.0,820.0,,,351.0,,,70.0,,,,
2017-08-01,,,,,,,,,,,,,,,,,,,,,,,,,,,,9629.0,1408.0,,,413.0,,,184.0,,,,
2017-08-02,,,,,,,,,,,,,,,,,,,,,,,,,,,,8761.0,1472.0,,,461.0,,,163.0,,,,
2017-08-03,,,,,,,,,,,,,,,,,,,,,,,,,,,,9551.0,1602.0,,,590.0,,,150.0,,,,
2017-08-04,,,,,,,,,,,,,,,,,,,,,,,,,,,,8246.0,1322.0,,,421.0,,,129.0,,,,
2017-08-07,,,,,,,,,,,,,,,,,,,,,,,,,,,,7867.0,1464.0,,,276.0,,,94.0,,,,
2017-08-08,,,,,,,,,,,,,,,,,,,,,,,,,,,,7448.0,1102.0,,,334.0,,,77.0,,,,
2017-08-09,,,,,,,,,,,,,,,,,,,,,,,,,,,,7454.0,1084.0,,,355.0,,,69.0,,,,
2017-08-10,,,,,,,,,,,,,,,,,,,,,,,,,,,,10122.0,2029.0,,,334.0,,,75.0,,,,
2017-08-11,,,,,,,,,,,,,,,,,,,,,,,,,,,,9822.0,2346.0,,,570.0,,,82.0,,,,
2017-08-14,,,,,,,,,,,,,,,,,,,,,,,,,,,,8441.0,2712.0,,,462.0,,,66.0,,,,
2017-08-15,,,,,,,,,,,,,,,,,,,,,,,,,,,,8120.0,3587.0,,,336.0,,,69.0,,,,
2017-08-16,,,,,,,,,,,,,,,,,,,,,,,,,,,,6747.0,4372.0,,,1008.0,,,195.0,,,,
2017-08-17,,,,,,,,,,,,,,,,,,,,,,,,,,,,5092.0,6513.0,,,687.0,,,77.0,,,,
2017-08-18,,,,,,,,,,,,,,,,,,,,,,,,,,,,2926.0,9126.0,,,509.0,,,50.0,,,,
2017-08-21,,,,,,,,,,,,,,,,,,,,,,,,,,,,,7834.0,119.0,,447.0,,,73.0,,,,
2017-08-22,,,,,,,,,,,,,,,,,,,,,,,,,,,,,8274.0,281.0,,472.0,,,78.0,,,,
2017-08-23,,,,,,,,,,,,,,,,,,,,,,,,,,,,,8709.0,281.0,,568.0,,,76.0,,,,
2017-08-24,,,,,,,,,,,,,,,,,,,,,,,,,,,,,8063.0,340.0,,411.0,,,64.0,,,,
2017-08-25,,,,,,,,,,,,,,,,,,,,,,,,,,,,,10867.0,493.0,,892.0,,,157.0,,,,
2017-08-28,,,,,,,,,,,,,,,,,,,,,,,,,,,,,11249.0,601.0,,943.0,,,180.0,,,,
2017-08-29,,,,,,,,,,,,,,,,,,,,,,,,,,,,,7882.0,625.0,,524.0,,,87.0,,,,
2017-08-30,,,,,,,,,,,,,,,,,,,,,,,,,,,,,8977.0,608.0,,672.0,,,126.0,,,,
2017-08-31,,,,,,,,,,,,,,,,,,,,,,,,,,,,,9212.0,637.0,,650.0,,,139.0,,,,
2017-09-01,,,,,,,,,,,,,,,,,,,,,,,,,,,,,8396.0,588.0,,578.0,,,149.0,,,,
2017-09-04,,,,,,,,,,,,,,,,,,,,,,,,,,,,,7670.0,577.0,,541.0,,,114.0,,,,
2017-09-05,,,,,,,,,,,,,,,,,,,,,,,,,,,,,8419.0,590.0,,665.0,,,175.0,,,,
2017-09-06,,,,,,,,,,,,,,,,,,,,,,,,,,,,,7929.0,716.0,,836.0,,,127.0,,,,
2017-09-07,,,,,,,,,,,,,,,,,,,,,,,,,,,,,7945.0,607.0,,575.0,,,154.0,,,,
2017-09-08,,,,,,,,,,,,,,,,,,,,,,,,,,,,,7574.0,925.0,,555.0,,,153.0,,,,
2017-09-11,,,,,,,,,,,,,,,,,,,,,,,,,,,,,8894.0,1849.0,,834.0,,,292.0,,,,
2017-09-12,,,,,,,,,,,,,,,,,,,,,,,,,,,,,9286.0,3315.0,,932.0,,,150.0,,,,
2017-09-13,,,,,,,,,,,,,,,,,,,,,,,,,,,,,7699.0,3531.0,,640.0,,,123.0,,,,
2017-09-14,,,,,,,,,,,,,,,,,,,,,,,,,,,,,7394.0,6147.0,,829.0,,,198.0,,,,
2017-09-15,,,,,,,,,,,,,,,,,,,,,,,,,,,,,4949.0,8658.0,,755.0,,,150.0,,,,
2017-09-18,,,,,,,,,,,,,,,,,,,,,,,,,,,,,,8430.0,54.0,666.0,,,178.0,,,,
2017-09-19,,,,,,,,,,,,,,,,,,,,,,,,,,,,,,8952.0,169.0,886.0,,,186.0,,,,
2017-09-20,,,,,,,,,,,,,,,,,,,,,,,,,,,,,,8201.0,181.0,762.0,,,132.0,,,,
2017-09-21,,,,,,,,,,,,,,,,,,,,,,,,,,,,,,9419.0,187.0,620.0,,,108.0,,,,
2017-09-22,,,,,,,,,,,,,,,,,,,,,,,,,,,,,,8849.0,162.0,556.0,,,70.0,,,,
2017-09-25,,,,,,,,,,,,,,,,,,,,,,,,,,,,,,7739.0,125.0,519.0,,,50.0,,,,
2017-09-26,,,,,,,,,,,,,,,,,,,,,,,,,,,,,,5816.0,81.0,497.0,,,84.0,,,,
2017-09-27,,,,,,,,,,,,,,,,,,,,,,,,,,,,,,6816.0,129.0,684.0,,,109.0,,,,
2017-09-28,,,,,,,,,,,,,,,,,,,,,,,,,,,,,,6203.0,137.0,569.0,,,110.0,,,,
2017-09-29,,,,,,,,,,,,,,,,,,,,,,,,,,,,,,7164.0,147.0,635.0,,,113.0,,,,
2017-10-09,,,,,,,,,,,,,,,,,,,,,,,,,,,,,,8954.0,441.0,1071.0,,,129.0,,,,
2017-10-10,,,,,,,,,,,,,,,,,,,,,,,,,,,,,,8867.0,474.0,800.0,,,185.0,,,,
2017-10-11,,,,,,,,,,,,,,,,,,,,,,,,,,,,,,8129.0,542.0,702.0,,,134.0,,,,
2017-10-12,,,,,,,,,,,,,,,,,,,,,,,,,,,,,,7205.0,589.0,651.0,,,131.0,,,,
2017-10-13,,,,,,,,,,,,,,,,,,,,,,,,,,,,,,6044.0,777.0,539.0,,,147.0,,,,
2017-10-16,,,,,,,,,,,,,,,,,,,,,,,,,,,,,,8396.0,2327.0,964.0,,,191.0,,,,
2017-10-17,,,,,,,,,,,,,,,,,,,,,,,,,,,,,,6888.0,2462.0,686.0,,,149.0,,,,
2017-10-18,,,,,,,,,,,,,,,,,,,,,,,,,,,,,,8188.0,3694.0,975.0,,,161.0,,,,
2017-10-19,,,,,,,,,,,,,,,,,,,,,,,,,,,,,,5967.0,4890.0,1204.0,,,208.0,,,,
2017-10-20,,,,,,,,,,,,,,,,,,,,,,,,,,,,,,3429.0,6902.0,727.0,,,175.0,,,,
2017-10-23,,,,,,,,,,,,,,,,,,,,,,,,,,,,,,,5407.0,713.0,,,117.0,49.0,,,
2017-10-24,,,,,,,,,,,,,,,,,,,,,,,,,,,,,,,7988.0,981.0,,,152.0,62.0,,,
2017-10-25,,,,,,,,,,,,,,,,,,,,,,,,,,,,,,,6441.0,739.0,,,131.0,41.0,,,
2017-10-26,,,,,,,,,,,,,,,,,,,,,,,,,,,,,,,8434.0,1071.0,,,198.0,74.0,,,
2017-10-27,,,,,,,,,,,,,,,,,,,,,,,,,,,,,,,8411.0,1068.0,,,294.0,95.0,,,
2017-10-30,,,,,,,,,,,,,,,,,,,,,,,,,,,,,,,11086.0,1853.0,,,382.0,76.0,,,
2017-10-31,,,,,,,,,,,,,,,,,,,,,,,,,,,,,,,6752.0,926.0,,,241.0,67.0,,,
2017-11-01,,,,,,,,,,,,,,,,,,,,,,,,,,,,,,,8714.0,1334.0,,,364.0,110.0,,,
2017-11-02,,,,,,,,,,,,,,,,,,,,,,,,,,,,,,,7551.0,1134.0,,,194.0,93.0,,,
2017-11-03,,,,,,,,,,,,,,,,,,,,,,,,,,,,,,,8432.0,1559.0,,,288.0,90.0,,,
2017-11-06,,,,,,,,,,,,,,,,,,,,,,,,,,,,,,,7452.0,1236.0,,,333.0,171.0,,,
2017-11-07,,,,,,,,,,,,,,,,,,,,,,,,,,,,,,,8651.0,1544.0,,,274.0,232.0,,,
2017-11-08,,,,,,,,,,,,,,,,,,,,,,,,,,,,,,,8696.0,1872.0,,,337.0,200.0,,,
2017-11-09,,,,,,,,,,,,,,,,,,,,,,,,,,,,,,,6978.0,1286.0,,,237.0,117.0,,,
2017-11-10,,,,,,,,,,,,,,,,,,,,,,,,,,,,,,,8345.0,1796.0,,,381.0,134.0,,,
2017-11-13,,,,,,,,,,,,,,,,,,,,,,,,,,,,,,,7573.0,2187.0,,,412.0,128.0,,,
2017-11-14,,,,,,,,,,,,,,,,,,,,,,,,,,,,,,,8236.0,3315.0,,,293.0,109.0,,,
2017-11-15,,,,,,,,,,,,,,,,,,,,,,,,,,,,,,,7365.0,4667.0,,,303.0,103.0,,,
2017-11-16,,,,,,,,,,,,,,,,,,,,,,,,,,,,,,,6167.0,7130.0,,,299.0,115.0,,,
2017-11-17,,,,,,,,,,,,,,,,,,,,,,,,,,,,,,,3180.0,10419.0,,,478.0,205.0,,,
2017-11-20,,,,,,,,,,,,,,,,,,,,,,,,,,,,,,,,11444.0,149.0,,652.0,283.0,,,
2017-11-21,,,,,,,,,,,,,,,,,,,,,,,,,,,,,,,,12533.0,259.0,,972.0,347.0,,,
2017-11-22,,,,,,,,,,,,,,,,,,,,,,,,,,,,,,,,12469.0,356.0,,832.0,267.0,,,
2017-11-23,,,,,,,,,,,,,,,,,,,,,,,,,,,,,,,,14855.0,375.0,,1146.0,276.0,,,
2017-11-24,,,,,,,,,,,,,,,,,,,,,,,,,,,,,,,,12313.0,653.0,,913.0,297.0,,,
2017-11-27,,,,,,,,,,,,,,,,,,,,,,,,,,,,,,,,13084.0,671.0,,935.0,268.0,,,
2017-11-28,,,,,,,,,,,,,,,,,,,,,,,,,,,,,,,,10250.0,508.0,,690.0,185.0,,,
2017-11-29,,,,,,,,,,,,,,,,,,,,,,,,,,,,,,,,11989.0,590.0,,1325.0,347.0,,,
2017-11-30,,,,,,,,,,,,,,,,,,,,,,,,,,,,,,,,12160.0,433.0,,864.0,315.0,,,
2017-12-01,,,,,,,,,,,,,,,,,,,,,,,,,,,,,,,,11581.0,399.0,,860.0,339.0,,,
2017-12-04,,,,,,,,,,,,,,,,,,,,,,,,,,,,,,,,11211.0,537.0,,823.0,252.0,,,
2017-12-05,,,,,,,,,,,,,,,,,,,,,,,,,,,,,,,,12648.0,820.0,,1130.0,379.0,,,
2017-12-06,,,,,,,,,,,,,,,,,,,,,,,,,,,,,,,,12403.0,1041.0,,1166.0,350.0,,,
2017-12-07,,,,,,,,,,,,,,,,,,,,,,,,,,,,,,,,11797.0,1058.0,,901.0,252.0,,,
2017-12-08,,,,,,,,,,,,,,,,,,,,,,,,,,,,,,,,11072.0,1301.0,,836.0,171.0,,,
2017-12-11,,,,,,,,,,,,,,,,,,,,,,,,,,,,,,,,9720.0,2048.0,,655.0,198.0,,,
2017-12-12,,,,,,,,,,,,,,,,,,,,,,,,,,,,,,,,9698.0,2969.0,,752.0,161.0,,,
2017-12-13,,,,,,,,,,,,,,,,,,,,,,,,,,,,,,,,9504.0,4046.0,,880.0,140.0,,,
2017-12-14,,,,,,,,,,,,,,,,,,,,,,,,,,,,,,,,7578.0,6185.0,,957.0,190.0,,,
2017-12-15,,,,,,,,,,,,,,,,,,,,,,,,,,,,,,,,4605.0,10476.0,,1005.0,215.0,,,
2017-12-18,,,,,,,,,,,,,,,,,,,,,,,,,,,,,,,,,9752.0,48.0,719.0,187.0,,,
2017-12-19,,,,,,,,,,,,,,,,,,,,,,,,,,,,,,,,,9168.0,65.0,910.0,168.0,,,
2017-12-20,,,,,,,,,,,,,,,,,,,,,,,,,,,,,,,,,9307.0,44.0,635.0,137.0,,,
2017-12-21,,,,,,,,,,,,,,,,,,,,,,,,,,,,,,,,,10925.0,99.0,946.0,135.0,,,
2017-12-22,,,,,,,,,,,,,,,,,,,,,,,,,,,,,,,,,7895.0,97.0,583.0,138.0,,,
2017-12-25,,,,,,,,,,,,,,,,,,,,,,,,,,,,,,,,,10045.0,105.0,978.0,319.0,,,
2017-12-26,,,,,,,,,,,,,,,,,,,,,,,,,,,,,,,,,10013.0,158.0,961.0,141.0,,,
2017-12-27,,,,,,,,,,,,,,,,,,,,,,,,,,,,,,,,,10822.0,197.0,1192.0,311.0,,,
2017-12-28,,,,,,,,,,,,,,,,,,,,,,,,,,,,,,,,,9975.0,222.0,925.0,172.0,,,
2017-12-29,,,,,,,,,,,,,,,,,,,,,,,,,,,,,,,,,8129.0,140.0,743.0,164.0,,,
2018-01-02,,,,,,,,,,,,,,,,,,,,,,,,,,,,,,,,,9954.0,267.0,1140.0,236.0,,,
2018-01-03,,,,,,,,,,,,,,,,,,,,,,,,,,,,,,,,,11252.0,218.0,1320.0,225.0,,,
2018-01-04,,,,,,,,,,,,,,,,,,,,,,,,,,,,,,,,,9763.0,226.0,822.0,136.0,,,
2018-01-05,,,,,,,,,,,,,,,,,,,,,,,,,,,,,,,,,8995.0,159.0,1031.0,145.0,,,
2018-01-08,,,,,,,,,,,,,,,,,,,,,,,,,,,,,,,,,9043.0,139.0,763.0,128.0,,,
2018-01-09,,,,,,,,,,,,,,,,,,,,,,,,,,,,,,,,,8449.0,169.0,1104.0,202.0,,,
2018-01-10,,,,,,,,,,,,,,,,,,,,,,,,,,,,,,,,,10191.0,382.0,1340.0,242.0,,,
2018-01-11,,,,,,,,,,,,,,,,,,,,,,,,,,,,,,,,,9443.0,261.0,1002.0,177.0,,,
2018-01-12,,,,,,,,,,,,,,,,,,,,,,,,,,,,,,,,,9367.0,446.0,1155.0,188.0,,,
2018-01-15,,,,,,,,,,,,,,,,,,,,,,,,,,,,,,,,,11325.0,1472.0,1658.0,267.0,,,
2018-01-16,,,,,,,,,,,,,,,,,,,,,,,,,,,,,,,,,10790.0,2318.0,1663.0,306.0,,,
2018-01-17,,,,,,,,,,,,,,,,,,,,,,,,,,,,,,,,,12257.0,5410.0,2740.0,439.0,,,
2018-01-18,,,,,,,,,,,,,,,,,,,,,,,,,,,,,,,,,8170.0,8185.0,2253.0,481.0,,,
2018-01-19,,,,,,,,,,,,,,,,,,,,,,,,,,,,,,,,,3902.0,12271.0,2433.0,393.0,,,
2018-01-22,,,,,,,,,,,,,,,,,,,,,,,,,,,,,,,,,,11730.0,1932.0,482.0,,,121.0
2018-01-23,,,,,,,,,,,,,,,,,,,,,,,,,,,,,,,,,,12746.0,2277.0,424.0,,,159.0
2018-01-24,,,,,,,,,,,,,,,,,,,,,,,,,,,,,,,,,,14310.0,2752.0,372.0,,,128.0
2018-01-25,,,,,,,,,,,,,,,,,,,,,,,,,,,,,,,,,,13495.0,2735.0,446.0,,,184.0
2018-01-26,,,,,,,,,,,,,,,,,,,,,,,,,,,,,,,,,,12791.0,2214.0,300.0,,,80.0
2018-01-29,,,,,,,,,,,,,,,,,,,,,,,,,,,,,,,,,,14934.0,3418.0,452.0,,,134.0
2018-01-30,,,,,,,,,,,,,,,,,,,,,,,,,,,,,,,,,,12005.0,3025.0,472.0,,,188.0
2018-01-31,,,,,,,,,,,,,,,,,,,,,,,,,,,,,,,,,,13673.0,3263.0,670.0,,,137.0
2018-02-01,,,,,,,,,,,,,,,,,,,,,,,,,,,,,,,,,,13794.0,2650.0,417.0,,,125.0
2018-02-02,,,,,,,,,,,,,,,,,,,,,,,,,,,,,,,,,,14326.0,2909.0,396.0,,,182.0
2018-02-05,,,,,,,,,,,,,,,,,,,,,,,,,,,,,,,,,,13078.0,3269.0,488.0,,,143.0
2018-02-06,,,,,,,,,,,,,,,,,,,,,,,,,,,,,,,,,,17741.0,5363.0,617.0,,,158.0
2018-02-07,,,,,,,,,,,,,,,,,,,,,,,,,,,,,,,,,,19449.0,6782.0,1150.0,,,250.0
2018-02-08,,,,,,,,,,,,,,,,,,,,,,,,,,,,,,,,,,16555.0,6134.0,1120.0,,,183.0
2018-02-09,,,,,,,,,,,,,,,,,,,,,,,,,,,,,,,,,,18733.0,9805.0,1585.0,,,371.0
2018-02-12,,,,,,,,,,,,,,,,,,,,,,,,,,,,,,,,,,12860.0,8079.0,930.0,,,288.0
2018-02-13,,,,,,,,,,,,,,,,,,,,,,,,,,,,,,,,,,9990.0,9058.0,683.0,,,199.0
2018-02-14,,,,,,,,,,,,,,,,,,,,,,,,,,,,,,,,,,5572.0,8982.0,455.0,,,67.0
2018-02-22,,,,,,,,,,,,,,,,,,,,,,,,,,,,,,,,,,2727.0,10529.0,641.0,,,152.0
2018-02-23,,,,,,,,,,,,,,,,,,,,,,,,,,,,,,,,,,,12641.0,724.0,73.0,,163.0
2018-02-26,,,,,,,,,,,,,,,,,,,,,,,,,,,,,,,,,,,14405.0,799.0,174.0,,170.0
2018-02-27,,,,,,,,,,,,,,,,,,,,,,,,,,,,,,,,,,,14510.0,867.0,111.0,,233.0
2018-02-28,,,,,,,,,,,,,,,,,,,,,,,,,,,,,,,,,,,14894.0,919.0,586.0,,313.0
2018-03-01,,,,,,,,,,,,,,,,,,,,,,,,,,,,,,,,,,,14777.0,910.0,359.0,,280.0
2018-03-02,,,,,,,,,,,,,,,,,,,,,,,,,,,,,,,,,,,13225.0,808.0,309.0,,163.0
2018-03-05,,,,,,,,,,,,,,,,,,,,,,,,,,,,,,,,,,,13492.0,862.0,401.0,,248.0
2018-03-06,,,,,,,,,,,,,,,,,,,,,,,,,,,,,,,,,,,15625.0,1125.0,678.0,,270.0
2018-03-07,,,,,,,,,,,,,,,,,,,,,,,,,,,,,,,,,,,15494.0,1194.0,794.0,,220.0
2018-03-08,,,,,,,,,,,,,,,,,,,,,,,,,,,,,,,,,,,13482.0,1081.0,668.0,,110.0
2018-03-09,,,,,,,,,,,,,,,,,,,,,,,,,,,,,,,,,,,12400.0,924.0,690.0,,179.0
2018-03-12,,,,,,,,,,,,,,,,,,,,,,,,,,,,,,,,,,,11936.0,1283.0,1759.0,,373.0
2018-03-13,,,,,,,,,,,,,,,,,,,,,,,,,,,,,,,,,,,12502.0,1607.0,3182.0,,393.0
2018-03-14,,,,,,,,,,,,,,,,,,,,,,,,,,,,,,,,,,,10898.0,1110.0,4471.0,,395.0
2018-03-15,,,,,,,,,,,,,,,,,,,,,,,,,,,,,,,,,,,8618.0,1137.0,7641.0,,257.0
2018-03-16,,,,,,,,,,,,,,,,,,,,,,,,,,,,,,,,,,,4192.0,1327.0,11121.0,,282.0
2018-03-19,,,,,,,,,,,,,,,,,,,,,,,,,,,,,,,,,,,,1016.0,11822.0,46.0,171.0
2018-03-20,,,,,,,,,,,,,,,,,,,,,,,,,,,,,,,,,,,,911.0,12068.0,45.0,77.0
2018-03-21,,,,,,,,,,,,,,,,,,,,,,,,,,,,,,,,,,,,1273.0,13553.0,82.0,269.0
2018-03-22,,,,,,,,,,,,,,,,,,,,,,,,,,,,,,,,,,,,1431.0,14244.0,86.0,259.0
2018-03-23,,,,,,,,,,,,,,,,,,,,,,,,,,,,,,,,,,,,2277.0,17151.0,133.0,891.0
2018-03-26,,,,,,,,,,,,,,,,,,,,,,,,,,,,,,,,,,,,2297.0,15686.0,295.0,358.0
2018-03-27,,,,,,,,,,,,,,,,,,,,,,,,,,,,,,,,,,,,1452.0,14276.0,113.0,361.0
2018-03-28,,,,,,,,,,,,,,,,,,,,,,,,,,,,,,,,,,,,1657.0,16160.0,192.0,330.0
2018-03-29,,,,,,,,,,,,,,,,,,,,,,,,,,,,,,,,,,,,1845.0,18690.0,188.0,505.0
2018-03-30,,,,,,,,,,,,,,,,,,,,,,,,,,,,,,,,,,,,1044.0,13521.0,75.0,295.0
2018-04-02,,,,,,,,,,,,,,,,,,,,,,,,,,,,,,,,,,,,1199.0,14365.0,124.0,250.0
2018-04-03,,,,,,,,,,,,,,,,,,,,,,,,,,,,,,,,,,,,1200.0,14644.0,209.0,281.0
2018-04-04,,,,,,,,,,,,,,,,,,,,,,,,,,,,,,,,,,,,1193.0,13029.0,188.0,300.0
2018-04-09,,,,,,,,,,,,,,,,,,,,,,,,,,,,,,,,,,,,1088.0,12391.0,167.0,212.0
