,RS1307.CZC,RS1308.CZC,RS1309.CZC,RS1311.CZC,RS1407.CZC,RS1408.CZC,RS1409.CZC,RS1411.CZC,RS1507.CZC,RS1508.CZC,RS1509.CZC,RS1511.CZC,RS607.CZC,RS608.CZC,RS609.CZC,RS611.CZC,RS707.CZC,RS708.CZC,RS709.CZC,RS711.CZC,RS807.CZC,RS808.CZC,RS809.CZC,RS811.CZC
2012-12-28,3450.0,484.0,124086.0,210.0,,,,,,,,,,,,,,,,,,,,
2012-12-31,666.0,26.0,145038.0,208.0,,,,,,,,,,,,,,,,,,,,
2013-01-04,154.0,26.0,83848.0,100.0,,,,,,,,,,,,,,,,,,,,
2013-01-07,326.0,34.0,205756.0,232.0,,,,,,,,,,,,,,,,,,,,
2013-01-08,126.0,8.0,96738.0,16.0,,,,,,,,,,,,,,,,,,,,
2013-01-09,70.0,10.0,100380.0,238.0,,,,,,,,,,,,,,,,,,,,
2013-01-10,30.0,4.0,54266.0,44.0,,,,,,,,,,,,,,,,,,,,
2013-01-11,40.0,0.0,91932.0,248.0,,,,,,,,,,,,,,,,,,,,
2013-01-14,90.0,14.0,76848.0,174.0,,,,,,,,,,,,,,,,,,,,
2013-01-15,46.0,0.0,142592.0,572.0,,,,,,,,,,,,,,,,,,,,
2013-01-16,20.0,4.0,62770.0,108.0,,,,,,,,,,,,,,,,,,,,
2013-01-17,28.0,78.0,41752.0,186.0,,,,,,,,,,,,,,,,,,,,
2013-01-18,6.0,26.0,64614.0,58.0,,,,,,,,,,,,,,,,,,,,
2013-01-21,14.0,18.0,41540.0,80.0,,,,,,,,,,,,,,,,,,,,
2013-01-22,0.0,0.0,22418.0,122.0,,,,,,,,,,,,,,,,,,,,
2013-01-23,86.0,0.0,181816.0,262.0,,,,,,,,,,,,,,,,,,,,
2013-01-24,20.0,0.0,152728.0,340.0,,,,,,,,,,,,,,,,,,,,
2013-01-25,8.0,0.0,66802.0,54.0,,,,,,,,,,,,,,,,,,,,
2013-01-28,6.0,20.0,25804.0,28.0,,,,,,,,,,,,,,,,,,,,
2013-01-29,0.0,0.0,18820.0,74.0,,,,,,,,,,,,,,,,,,,,
2013-01-30,0.0,0.0,18566.0,16.0,,,,,,,,,,,,,,,,,,,,
2013-01-31,2.0,0.0,10950.0,18.0,,,,,,,,,,,,,,,,,,,,
2013-02-01,0.0,8.0,17856.0,26.0,,,,,,,,,,,,,,,,,,,,
2013-02-04,4.0,0.0,18392.0,234.0,,,,,,,,,,,,,,,,,,,,
2013-02-05,4.0,10.0,19468.0,22.0,,,,,,,,,,,,,,,,,,,,
2013-02-06,0.0,0.0,9298.0,72.0,,,,,,,,,,,,,,,,,,,,
2013-02-07,0.0,6.0,17536.0,34.0,,,,,,,,,,,,,,,,,,,,
2013-02-08,8.0,0.0,5814.0,40.0,,,,,,,,,,,,,,,,,,,,
2013-02-18,0.0,0.0,4656.0,26.0,,,,,,,,,,,,,,,,,,,,
2013-02-19,10.0,4.0,27170.0,148.0,,,,,,,,,,,,,,,,,,,,
2013-02-20,2.0,0.0,17728.0,130.0,,,,,,,,,,,,,,,,,,,,
2013-02-21,0.0,0.0,48002.0,104.0,,,,,,,,,,,,,,,,,,,,
2013-02-22,0.0,0.0,89008.0,140.0,,,,,,,,,,,,,,,,,,,,
2013-02-25,76.0,2.0,46098.0,110.0,,,,,,,,,,,,,,,,,,,,
2013-02-26,2.0,0.0,19106.0,34.0,,,,,,,,,,,,,,,,,,,,
2013-02-27,14.0,20.0,55880.0,84.0,,,,,,,,,,,,,,,,,,,,
2013-02-28,2.0,0.0,24122.0,96.0,,,,,,,,,,,,,,,,,,,,
2013-03-01,0.0,0.0,17324.0,112.0,,,,,,,,,,,,,,,,,,,,
2013-03-04,2.0,0.0,13834.0,88.0,,,,,,,,,,,,,,,,,,,,
2013-03-05,0.0,0.0,10230.0,90.0,,,,,,,,,,,,,,,,,,,,
2013-03-06,2.0,0.0,11356.0,50.0,,,,,,,,,,,,,,,,,,,,
2013-03-07,0.0,0.0,10856.0,174.0,,,,,,,,,,,,,,,,,,,,
2013-03-08,0.0,0.0,26302.0,156.0,,,,,,,,,,,,,,,,,,,,
2013-03-11,6.0,12.0,8102.0,82.0,,,,,,,,,,,,,,,,,,,,
2013-03-12,0.0,0.0,14704.0,162.0,,,,,,,,,,,,,,,,,,,,
2013-03-13,12.0,0.0,19954.0,116.0,,,,,,,,,,,,,,,,,,,,
2013-03-14,0.0,0.0,9462.0,24.0,,,,,,,,,,,,,,,,,,,,
2013-03-15,0.0,0.0,9318.0,82.0,,,,,,,,,,,,,,,,,,,,
2013-03-18,2.0,0.0,7934.0,52.0,,,,,,,,,,,,,,,,,,,,
2013-03-19,0.0,0.0,2280.0,56.0,,,,,,,,,,,,,,,,,,,,
2013-03-20,0.0,0.0,3456.0,102.0,,,,,,,,,,,,,,,,,,,,
2013-03-21,0.0,0.0,7610.0,150.0,,,,,,,,,,,,,,,,,,,,
2013-03-22,0.0,0.0,4862.0,52.0,,,,,,,,,,,,,,,,,,,,
2013-03-25,0.0,2.0,4588.0,64.0,,,,,,,,,,,,,,,,,,,,
2013-03-26,0.0,0.0,2452.0,14.0,,,,,,,,,,,,,,,,,,,,
2013-03-27,0.0,0.0,1674.0,36.0,,,,,,,,,,,,,,,,,,,,
2013-03-28,0.0,0.0,3062.0,28.0,,,,,,,,,,,,,,,,,,,,
2013-03-29,0.0,4.0,6548.0,50.0,,,,,,,,,,,,,,,,,,,,
2013-04-01,0.0,0.0,4778.0,42.0,,,,,,,,,,,,,,,,,,,,
2013-04-02,0.0,0.0,4584.0,76.0,,,,,,,,,,,,,,,,,,,,
2013-04-03,12.0,6.0,4626.0,96.0,,,,,,,,,,,,,,,,,,,,
2013-04-08,0.0,0.0,3258.0,26.0,,,,,,,,,,,,,,,,,,,,
2013-04-09,0.0,0.0,5908.0,52.0,,,,,,,,,,,,,,,,,,,,
2013-04-10,0.0,0.0,3782.0,58.0,,,,,,,,,,,,,,,,,,,,
2013-04-11,0.0,0.0,1894.0,12.0,,,,,,,,,,,,,,,,,,,,
2013-04-12,0.0,0.0,5074.0,14.0,,,,,,,,,,,,,,,,,,,,
2013-04-15,0.0,0.0,3676.0,34.0,,,,,,,,,,,,,,,,,,,,
2013-04-16,6.0,0.0,2800.0,18.0,,,,,,,,,,,,,,,,,,,,
2013-04-17,0.0,0.0,1508.0,14.0,,,,,,,,,,,,,,,,,,,,
2013-04-18,4.0,0.0,2058.0,30.0,,,,,,,,,,,,,,,,,,,,
2013-04-19,0.0,0.0,1728.0,6.0,,,,,,,,,,,,,,,,,,,,
2013-04-22,0.0,0.0,1898.0,52.0,,,,,,,,,,,,,,,,,,,,
2013-04-23,0.0,0.0,1226.0,16.0,,,,,,,,,,,,,,,,,,,,
2013-04-24,0.0,0.0,4146.0,34.0,,,,,,,,,,,,,,,,,,,,
2013-04-25,0.0,0.0,5014.0,76.0,,,,,,,,,,,,,,,,,,,,
2013-04-26,0.0,0.0,6226.0,54.0,,,,,,,,,,,,,,,,,,,,
2013-05-02,0.0,0.0,4996.0,72.0,,,,,,,,,,,,,,,,,,,,
2013-05-03,0.0,0.0,1804.0,12.0,,,,,,,,,,,,,,,,,,,,
2013-05-06,0.0,0.0,2538.0,10.0,,,,,,,,,,,,,,,,,,,,
2013-05-07,0.0,12.0,1488.0,46.0,,,,,,,,,,,,,,,,,,,,
2013-05-08,0.0,0.0,994.0,2.0,,,,,,,,,,,,,,,,,,,,
2013-05-09,0.0,6.0,1282.0,10.0,,,,,,,,,,,,,,,,,,,,
2013-05-10,0.0,0.0,1130.0,26.0,,,,,,,,,,,,,,,,,,,,
2013-05-13,0.0,0.0,1550.0,14.0,,,,,,,,,,,,,,,,,,,,
2013-05-14,0.0,0.0,1204.0,30.0,,,,,,,,,,,,,,,,,,,,
2013-05-15,0.0,0.0,1138.0,10.0,,,,,,,,,,,,,,,,,,,,
2013-05-16,0.0,0.0,2930.0,16.0,,,,,,,,,,,,,,,,,,,,
2013-05-17,0.0,2.0,712.0,0.0,,,,,,,,,,,,,,,,,,,,
2013-05-20,0.0,0.0,1328.0,18.0,,,,,,,,,,,,,,,,,,,,
2013-05-21,0.0,8.0,3696.0,2.0,,,,,,,,,,,,,,,,,,,,
2013-05-22,0.0,20.0,1368.0,18.0,,,,,,,,,,,,,,,,,,,,
2013-05-23,0.0,0.0,2500.0,22.0,,,,,,,,,,,,,,,,,,,,
2013-05-24,0.0,2.0,1968.0,0.0,,,,,,,,,,,,,,,,,,,,
2013-05-27,0.0,0.0,2166.0,0.0,,,,,,,,,,,,,,,,,,,,
2013-05-28,0.0,2.0,2950.0,0.0,,,,,,,,,,,,,,,,,,,,
2013-05-29,0.0,0.0,1826.0,2.0,,,,,,,,,,,,,,,,,,,,
2013-05-30,0.0,0.0,4350.0,0.0,,,,,,,,,,,,,,,,,,,,
2013-05-31,4.0,6.0,918.0,18.0,,,,,,,,,,,,,,,,,,,,
2013-06-03,0.0,4.0,1468.0,8.0,,,,,,,,,,,,,,,,,,,,
2013-06-04,0.0,2.0,3928.0,40.0,,,,,,,,,,,,,,,,,,,,
2013-06-05,0.0,0.0,3618.0,34.0,,,,,,,,,,,,,,,,,,,,
2013-06-06,0.0,0.0,1798.0,16.0,,,,,,,,,,,,,,,,,,,,
2013-06-07,0.0,0.0,2770.0,4.0,,,,,,,,,,,,,,,,,,,,
2013-06-13,0.0,0.0,1392.0,26.0,,,,,,,,,,,,,,,,,,,,
2013-06-14,0.0,0.0,2574.0,16.0,,,,,,,,,,,,,,,,,,,,
2013-06-17,0.0,0.0,472.0,14.0,,,,,,,,,,,,,,,,,,,,
2013-06-18,0.0,0.0,1182.0,12.0,,,,,,,,,,,,,,,,,,,,
2013-06-19,0.0,0.0,890.0,8.0,,,,,,,,,,,,,,,,,,,,
2013-06-20,0.0,0.0,1550.0,14.0,,,,,,,,,,,,,,,,,,,,
2013-06-21,0.0,0.0,1972.0,12.0,,,,,,,,,,,,,,,,,,,,
2013-06-24,0.0,0.0,776.0,0.0,,,,,,,,,,,,,,,,,,,,
2013-06-25,0.0,0.0,580.0,0.0,,,,,,,,,,,,,,,,,,,,
2013-06-26,0.0,0.0,448.0,0.0,,,,,,,,,,,,,,,,,,,,
2013-06-27,0.0,0.0,1340.0,10.0,,,,,,,,,,,,,,,,,,,,
2013-06-28,0.0,0.0,1326.0,0.0,,,,,,,,,,,,,,,,,,,,
2013-07-01,0.0,0.0,346.0,0.0,,,,,,,,,,,,,,,,,,,,
2013-07-02,0.0,0.0,402.0,22.0,,,,,,,,,,,,,,,,,,,,
2013-07-03,0.0,0.0,230.0,6.0,,,,,,,,,,,,,,,,,,,,
2013-07-04,0.0,0.0,118.0,8.0,,,,,,,,,,,,,,,,,,,,
2013-07-05,0.0,0.0,110.0,4.0,,,,,,,,,,,,,,,,,,,,
2013-07-08,0.0,0.0,2452.0,0.0,,,,,,,,,,,,,,,,,,,,
2013-07-09,0.0,0.0,332.0,0.0,,,,,,,,,,,,,,,,,,,,
2013-07-10,0.0,0.0,114.0,22.0,,,,,,,,,,,,,,,,,,,,
2013-07-11,0.0,0.0,640.0,2.0,,,,,,,,,,,,,,,,,,,,
2013-07-12,0.0,0.0,508.0,2.0,,,,,,,,,,,,,,,,,,,,
2013-07-15,,0.0,312.0,0.0,0.0,,,,,,,,,,,,,,,,,,,
2013-07-16,,0.0,544.0,24.0,0.0,,,,,,,,,,,,,,,,,,,
2013-07-17,,0.0,222.0,0.0,0.0,,,,,,,,,,,,,,,,,,,
2013-07-18,,0.0,182.0,0.0,16.0,,,,,,,,,,,,,,,,,,,
2013-07-19,,0.0,190.0,2.0,0.0,,,,,,,,,,,,,,,,,,,
2013-07-22,,0.0,286.0,0.0,0.0,,,,,,,,,,,,,,,,,,,
2013-07-23,,0.0,730.0,0.0,0.0,,,,,,,,,,,,,,,,,,,
2013-07-24,,0.0,176.0,2.0,0.0,,,,,,,,,,,,,,,,,,,
2013-07-25,,0.0,224.0,0.0,0.0,,,,,,,,,,,,,,,,,,,
2013-07-26,,0.0,2088.0,16.0,18.0,,,,,,,,,,,,,,,,,,,
2013-07-29,,0.0,222.0,0.0,8.0,,,,,,,,,,,,,,,,,,,
2013-07-30,,0.0,720.0,22.0,0.0,,,,,,,,,,,,,,,,,,,
2013-07-31,,0.0,2514.0,4.0,0.0,,,,,,,,,,,,,,,,,,,
2013-08-01,,0.0,106.0,0.0,0.0,,,,,,,,,,,,,,,,,,,
2013-08-02,,0.0,88.0,0.0,0.0,,,,,,,,,,,,,,,,,,,
2013-08-05,,0.0,70.0,2.0,0.0,,,,,,,,,,,,,,,,,,,
2013-08-06,,0.0,146.0,4.0,10.0,,,,,,,,,,,,,,,,,,,
2013-08-07,,0.0,544.0,6.0,0.0,,,,,,,,,,,,,,,,,,,
2013-08-08,,0.0,786.0,8.0,0.0,,,,,,,,,,,,,,,,,,,
2013-08-09,,0.0,308.0,8.0,4.0,,,,,,,,,,,,,,,,,,,
2013-08-12,,0.0,624.0,2.0,0.0,,,,,,,,,,,,,,,,,,,
2013-08-13,,0.0,160.0,10.0,6.0,,,,,,,,,,,,,,,,,,,
2013-08-14,,0.0,44.0,2.0,4.0,,,,,,,,,,,,,,,,,,,
2013-08-15,,,24.0,6.0,0.0,0.0,,,,,,,,,,,,,,,,,,
2013-08-16,,,1058.0,4.0,0.0,0.0,,,,,,,,,,,,,,,,,,
2013-08-19,,,6448.0,6.0,0.0,16.0,,,,,,,,,,,,,,,,,,
2013-08-20,,,68.0,6.0,0.0,0.0,,,,,,,,,,,,,,,,,,
2013-08-21,,,268.0,16.0,0.0,0.0,,,,,,,,,,,,,,,,,,
2013-08-22,,,20.0,20.0,0.0,0.0,,,,,,,,,,,,,,,,,,
2013-08-23,,,18.0,16.0,0.0,0.0,,,,,,,,,,,,,,,,,,
2013-08-26,,,10.0,18.0,30.0,0.0,,,,,,,,,,,,,,,,,,
2013-08-27,,,86.0,8.0,0.0,0.0,,,,,,,,,,,,,,,,,,
2013-08-28,,,50.0,0.0,0.0,0.0,,,,,,,,,,,,,,,,,,
2013-08-29,,,202.0,0.0,0.0,0.0,,,,,,,,,,,,,,,,,,
2013-08-30,,,44.0,0.0,0.0,0.0,,,,,,,,,,,,,,,,,,
2013-09-02,,,0.0,8.0,0.0,0.0,,,,,,,,,,,,,,,,,,
2013-09-03,,,0.0,2.0,0.0,0.0,,,,,,,,,,,,,,,,,,
2013-09-04,,,0.0,2.0,2.0,0.0,,,,,,,,,,,,,,,,,,
2013-09-05,,,0.0,0.0,0.0,0.0,,,,,,,,,,,,,,,,,,
2013-09-06,,,0.0,2.0,0.0,0.0,,,,,,,,,,,,,,,,,,
2013-09-09,,,0.0,62.0,0.0,0.0,,,,,,,,,,,,,,,,,,
2013-09-10,,,0.0,10.0,2.0,0.0,,,,,,,,,,,,,,,,,,
2013-09-11,,,0.0,0.0,8.0,0.0,,,,,,,,,,,,,,,,,,
2013-09-12,,,0.0,0.0,0.0,0.0,,,,,,,,,,,,,,,,,,
2013-09-13,,,0.0,0.0,0.0,0.0,,,,,,,,,,,,,,,,,,
2013-09-16,,,,28.0,22.0,6.0,22.0,,,,,,,,,,,,,,,,,
2013-09-17,,,,4.0,2.0,0.0,0.0,,,,,,,,,,,,,,,,,
2013-09-18,,,,4.0,0.0,2.0,2.0,,,,,,,,,,,,,,,,,
2013-09-23,,,,8.0,2.0,0.0,4.0,,,,,,,,,,,,,,,,,
2013-09-24,,,,0.0,0.0,0.0,0.0,,,,,,,,,,,,,,,,,
2013-09-25,,,,16.0,0.0,0.0,0.0,,,,,,,,,,,,,,,,,
2013-09-26,,,,32.0,2.0,0.0,0.0,,,,,,,,,,,,,,,,,
2013-09-27,,,,6.0,2.0,0.0,2.0,,,,,,,,,,,,,,,,,
2013-09-30,,,,26.0,2.0,0.0,2.0,,,,,,,,,,,,,,,,,
2013-10-08,,,,0.0,0.0,0.0,0.0,,,,,,,,,,,,,,,,,
2013-10-09,,,,22.0,0.0,0.0,0.0,,,,,,,,,,,,,,,,,
2013-10-10,,,,8.0,2.0,0.0,0.0,,,,,,,,,,,,,,,,,
2013-10-11,,,,6.0,0.0,0.0,2.0,,,,,,,,,,,,,,,,,
2013-10-14,,,,4.0,2.0,0.0,12.0,,,,,,,,,,,,,,,,,
2013-10-15,,,,0.0,0.0,0.0,8.0,,,,,,,,,,,,,,,,,
2013-10-16,,,,0.0,0.0,0.0,0.0,,,,,,,,,,,,,,,,,
2013-10-17,,,,10.0,0.0,0.0,10.0,,,,,,,,,,,,,,,,,
2013-10-18,,,,0.0,2.0,0.0,56.0,,,,,,,,,,,,,,,,,
2013-10-21,,,,0.0,0.0,0.0,8.0,,,,,,,,,,,,,,,,,
2013-10-22,,,,0.0,0.0,4.0,4.0,,,,,,,,,,,,,,,,,
2013-10-23,,,,0.0,0.0,0.0,0.0,,,,,,,,,,,,,,,,,
2013-10-24,,,,0.0,0.0,0.0,0.0,,,,,,,,,,,,,,,,,
2013-10-25,,,,4.0,0.0,0.0,0.0,,,,,,,,,,,,,,,,,
2013-10-28,,,,0.0,0.0,0.0,0.0,,,,,,,,,,,,,,,,,
2013-10-29,,,,0.0,0.0,0.0,0.0,,,,,,,,,,,,,,,,,
2013-10-30,,,,0.0,0.0,0.0,8.0,,,,,,,,,,,,,,,,,
2013-10-31,,,,0.0,0.0,0.0,0.0,,,,,,,,,,,,,,,,,
2013-11-01,,,,0.0,0.0,0.0,0.0,,,,,,,,,,,,,,,,,
2013-11-04,,,,0.0,0.0,0.0,8.0,,,,,,,,,,,,,,,,,
2013-11-05,,,,0.0,0.0,0.0,0.0,,,,,,,,,,,,,,,,,
2013-11-06,,,,0.0,0.0,4.0,0.0,,,,,,,,,,,,,,,,,
2013-11-07,,,,0.0,8.0,0.0,4.0,,,,,,,,,,,,,,,,,
2013-11-08,,,,0.0,0.0,0.0,0.0,,,,,,,,,,,,,,,,,
2013-11-11,,,,0.0,0.0,0.0,0.0,,,,,,,,,,,,,,,,,
2013-11-12,,,,0.0,0.0,0.0,0.0,,,,,,,,,,,,,,,,,
2013-11-13,,,,0.0,8.0,0.0,54.0,,,,,,,,,,,,,,,,,
2013-11-14,,,,0.0,0.0,0.0,0.0,,,,,,,,,,,,,,,,,
2013-11-15,,,,,0.0,0.0,2.0,0.0,,,,,,,,,,,,,,,,
2013-11-18,,,,,0.0,0.0,0.0,0.0,,,,,,,,,,,,,,,,
2013-11-19,,,,,0.0,0.0,4.0,0.0,,,,,,,,,,,,,,,,
2013-11-20,,,,,0.0,0.0,4.0,0.0,,,,,,,,,,,,,,,,
2013-11-21,,,,,0.0,0.0,20.0,0.0,,,,,,,,,,,,,,,,
2013-11-22,,,,,0.0,0.0,0.0,0.0,,,,,,,,,,,,,,,,
2013-11-25,,,,,0.0,0.0,48.0,0.0,,,,,,,,,,,,,,,,
2013-11-26,,,,,2.0,0.0,6.0,0.0,,,,,,,,,,,,,,,,
2013-11-27,,,,,0.0,0.0,0.0,0.0,,,,,,,,,,,,,,,,
2013-11-28,,,,,4.0,0.0,22.0,4.0,,,,,,,,,,,,,,,,
2013-11-29,,,,,0.0,0.0,12.0,0.0,,,,,,,,,,,,,,,,
2013-12-02,,,,,0.0,0.0,4.0,0.0,,,,,,,,,,,,,,,,
2013-12-03,,,,,0.0,0.0,0.0,0.0,,,,,,,,,,,,,,,,
2013-12-04,,,,,0.0,0.0,12.0,0.0,,,,,,,,,,,,,,,,
2013-12-05,,,,,0.0,0.0,26.0,0.0,,,,,,,,,,,,,,,,
2013-12-06,,,,,0.0,0.0,0.0,0.0,,,,,,,,,,,,,,,,
2013-12-09,,,,,0.0,0.0,0.0,0.0,,,,,,,,,,,,,,,,
2013-12-10,,,,,0.0,0.0,6.0,0.0,,,,,,,,,,,,,,,,
2013-12-11,,,,,0.0,0.0,6.0,0.0,,,,,,,,,,,,,,,,
2013-12-12,,,,,0.0,0.0,10.0,0.0,,,,,,,,,,,,,,,,
2013-12-13,,,,,0.0,0.0,2.0,0.0,,,,,,,,,,,,,,,,
2013-12-16,,,,,0.0,0.0,0.0,0.0,,,,,,,,,,,,,,,,
2013-12-17,,,,,2.0,0.0,8.0,0.0,,,,,,,,,,,,,,,,
2013-12-18,,,,,0.0,0.0,16.0,0.0,,,,,,,,,,,,,,,,
2013-12-19,,,,,0.0,0.0,8.0,0.0,,,,,,,,,,,,,,,,
2013-12-20,,,,,0.0,0.0,20.0,0.0,,,,,,,,,,,,,,,,
2013-12-23,,,,,0.0,0.0,16.0,0.0,,,,,,,,,,,,,,,,
2013-12-24,,,,,0.0,0.0,6.0,0.0,,,,,,,,,,,,,,,,
2013-12-25,,,,,0.0,0.0,44.0,0.0,,,,,,,,,,,,,,,,
2013-12-26,,,,,0.0,4.0,2.0,0.0,,,,,,,,,,,,,,,,
2013-12-27,,,,,0.0,0.0,12.0,0.0,,,,,,,,,,,,,,,,
2013-12-30,,,,,0.0,0.0,94.0,0.0,,,,,,,,,,,,,,,,
2013-12-31,,,,,0.0,0.0,62.0,16.0,,,,,,,,,,,,,,,,
2014-01-02,,,,,0.0,0.0,26.0,0.0,,,,,,,,,,,,,,,,
2014-01-03,,,,,0.0,0.0,38.0,4.0,,,,,,,,,,,,,,,,
2014-01-06,,,,,0.0,0.0,120.0,2.0,,,,,,,,,,,,,,,,
2014-01-07,,,,,0.0,0.0,30.0,2.0,,,,,,,,,,,,,,,,
2014-01-08,,,,,0.0,0.0,122.0,0.0,,,,,,,,,,,,,,,,
2014-01-09,,,,,0.0,0.0,30.0,0.0,,,,,,,,,,,,,,,,
2014-01-10,,,,,8.0,0.0,132.0,6.0,,,,,,,,,,,,,,,,
2014-01-13,,,,,2.0,0.0,108.0,0.0,,,,,,,,,,,,,,,,
2014-01-14,,,,,0.0,0.0,36.0,38.0,,,,,,,,,,,,,,,,
2014-01-15,,,,,6.0,0.0,34.0,0.0,,,,,,,,,,,,,,,,
2014-01-16,,,,,0.0,0.0,52.0,50.0,,,,,,,,,,,,,,,,
2014-01-17,,,,,0.0,0.0,40.0,2.0,,,,,,,,,,,,,,,,
2014-01-20,,,,,0.0,0.0,20.0,2.0,,,,,,,,,,,,,,,,
2014-01-21,,,,,0.0,0.0,10.0,0.0,,,,,,,,,,,,,,,,
2014-01-22,,,,,0.0,0.0,106.0,2.0,,,,,,,,,,,,,,,,
2014-01-23,,,,,0.0,0.0,0.0,2.0,,,,,,,,,,,,,,,,
2014-01-24,,,,,0.0,0.0,134.0,16.0,,,,,,,,,,,,,,,,
2014-01-27,,,,,0.0,0.0,2.0,8.0,,,,,,,,,,,,,,,,
2014-01-28,,,,,0.0,0.0,18.0,0.0,,,,,,,,,,,,,,,,
2014-01-29,,,,,0.0,0.0,2.0,0.0,,,,,,,,,,,,,,,,
2014-01-30,,,,,0.0,0.0,18.0,0.0,,,,,,,,,,,,,,,,
2014-02-07,,,,,0.0,0.0,12.0,0.0,,,,,,,,,,,,,,,,
2014-02-10,,,,,0.0,0.0,0.0,0.0,,,,,,,,,,,,,,,,
2014-02-11,,,,,0.0,0.0,14.0,0.0,,,,,,,,,,,,,,,,
2014-02-12,,,,,0.0,0.0,10.0,0.0,,,,,,,,,,,,,,,,
2014-02-13,,,,,0.0,0.0,20.0,0.0,,,,,,,,,,,,,,,,
2014-02-14,,,,,0.0,0.0,58.0,0.0,,,,,,,,,,,,,,,,
2014-02-17,,,,,0.0,0.0,6.0,0.0,,,,,,,,,,,,,,,,
2014-02-18,,,,,0.0,0.0,50.0,0.0,,,,,,,,,,,,,,,,
2014-02-19,,,,,0.0,0.0,22.0,0.0,,,,,,,,,,,,,,,,
2014-02-20,,,,,0.0,0.0,8.0,0.0,,,,,,,,,,,,,,,,
2014-02-21,,,,,0.0,0.0,18.0,0.0,,,,,,,,,,,,,,,,
2014-02-24,,,,,0.0,0.0,32.0,0.0,,,,,,,,,,,,,,,,
2014-02-25,,,,,0.0,0.0,14.0,0.0,,,,,,,,,,,,,,,,
2014-02-26,,,,,0.0,0.0,20.0,0.0,,,,,,,,,,,,,,,,
2014-02-27,,,,,0.0,0.0,6.0,0.0,,,,,,,,,,,,,,,,
2014-02-28,,,,,0.0,0.0,14.0,0.0,,,,,,,,,,,,,,,,
2014-03-03,,,,,0.0,0.0,18.0,0.0,,,,,,,,,,,,,,,,
2014-03-04,,,,,0.0,0.0,54.0,0.0,,,,,,,,,,,,,,,,
2014-03-05,,,,,0.0,0.0,140.0,0.0,,,,,,,,,,,,,,,,
2014-03-06,,,,,0.0,0.0,166.0,44.0,,,,,,,,,,,,,,,,
2014-03-07,,,,,0.0,0.0,212.0,8.0,,,,,,,,,,,,,,,,
2014-03-10,,,,,0.0,0.0,76.0,4.0,,,,,,,,,,,,,,,,
2014-03-11,,,,,0.0,0.0,102.0,0.0,,,,,,,,,,,,,,,,
2014-03-12,,,,,0.0,0.0,460.0,0.0,,,,,,,,,,,,,,,,
2014-03-13,,,,,4.0,0.0,60.0,2.0,,,,,,,,,,,,,,,,
2014-03-14,,,,,2.0,0.0,78.0,0.0,,,,,,,,,,,,,,,,
2014-03-17,,,,,2.0,0.0,32.0,2.0,,,,,,,,,,,,,,,,
2014-03-18,,,,,2.0,0.0,30.0,0.0,,,,,,,,,,,,,,,,
2014-03-19,,,,,0.0,0.0,30.0,0.0,,,,,,,,,,,,,,,,
2014-03-20,,,,,4.0,0.0,110.0,2.0,,,,,,,,,,,,,,,,
2014-03-21,,,,,0.0,0.0,142.0,0.0,,,,,,,,,,,,,,,,
2014-03-24,,,,,0.0,0.0,64.0,0.0,,,,,,,,,,,,,,,,
2014-03-25,,,,,0.0,0.0,58.0,0.0,,,,,,,,,,,,,,,,
2014-03-26,,,,,0.0,0.0,12.0,0.0,,,,,,,,,,,,,,,,
2014-03-27,,,,,0.0,0.0,34.0,0.0,,,,,,,,,,,,,,,,
2014-03-28,,,,,0.0,0.0,60.0,0.0,,,,,,,,,,,,,,,,
2014-03-31,,,,,0.0,0.0,34.0,18.0,,,,,,,,,,,,,,,,
2014-04-01,,,,,0.0,0.0,352.0,66.0,,,,,,,,,,,,,,,,
2014-04-02,,,,,0.0,0.0,50.0,2.0,,,,,,,,,,,,,,,,
2014-04-03,,,,,0.0,0.0,108.0,2.0,,,,,,,,,,,,,,,,
2014-04-04,,,,,0.0,0.0,56.0,0.0,,,,,,,,,,,,,,,,
2014-04-08,,,,,0.0,0.0,22.0,0.0,,,,,,,,,,,,,,,,
2014-04-09,,,,,0.0,4.0,106.0,0.0,,,,,,,,,,,,,,,,
2014-04-10,,,,,0.0,0.0,46.0,0.0,,,,,,,,,,,,,,,,
2014-04-11,,,,,0.0,0.0,26.0,0.0,,,,,,,,,,,,,,,,
2014-04-14,,,,,0.0,0.0,50.0,0.0,,,,,,,,,,,,,,,,
2014-04-15,,,,,0.0,0.0,72.0,0.0,,,,,,,,,,,,,,,,
2014-04-16,,,,,0.0,0.0,34.0,0.0,,,,,,,,,,,,,,,,
2014-04-17,,,,,0.0,0.0,60.0,0.0,,,,,,,,,,,,,,,,
2014-04-18,,,,,0.0,4.0,276.0,0.0,,,,,,,,,,,,,,,,
2014-04-21,,,,,0.0,0.0,262.0,2.0,,,,,,,,,,,,,,,,
2014-04-22,,,,,0.0,0.0,142.0,0.0,,,,,,,,,,,,,,,,
2014-04-23,,,,,0.0,0.0,136.0,0.0,,,,,,,,,,,,,,,,
2014-04-24,,,,,0.0,0.0,330.0,0.0,,,,,,,,,,,,,,,,
2014-04-25,,,,,0.0,0.0,276.0,0.0,,,,,,,,,,,,,,,,
2014-04-28,,,,,0.0,0.0,232.0,0.0,,,,,,,,,,,,,,,,
2014-04-29,,,,,0.0,0.0,1010.0,0.0,,,,,,,,,,,,,,,,
2014-04-30,,,,,0.0,0.0,1290.0,4.0,,,,,,,,,,,,,,,,
2014-05-05,,,,,0.0,0.0,684.0,0.0,,,,,,,,,,,,,,,,
2014-05-06,,,,,0.0,0.0,680.0,0.0,,,,,,,,,,,,,,,,
2014-05-07,,,,,0.0,0.0,304.0,0.0,,,,,,,,,,,,,,,,
2014-05-08,,,,,0.0,0.0,588.0,0.0,,,,,,,,,,,,,,,,
2014-05-09,,,,,0.0,10.0,332.0,0.0,,,,,,,,,,,,,,,,
2014-05-12,,,,,0.0,4.0,1406.0,0.0,,,,,,,,,,,,,,,,
2014-05-13,,,,,0.0,0.0,232.0,0.0,,,,,,,,,,,,,,,,
2014-05-14,,,,,2.0,0.0,514.0,0.0,,,,,,,,,,,,,,,,
2014-05-15,,,,,0.0,0.0,1104.0,0.0,,,,,,,,,,,,,,,,
2014-05-16,,,,,0.0,0.0,384.0,0.0,,,,,,,,,,,,,,,,
2014-05-19,,,,,0.0,0.0,240.0,0.0,,,,,,,,,,,,,,,,
2014-05-20,,,,,0.0,0.0,246.0,0.0,,,,,,,,,,,,,,,,
2014-05-21,,,,,0.0,0.0,316.0,4.0,,,,,,,,,,,,,,,,
2014-05-22,,,,,0.0,0.0,226.0,0.0,,,,,,,,,,,,,,,,
2014-05-23,,,,,0.0,0.0,590.0,0.0,,,,,,,,,,,,,,,,
2014-05-26,,,,,0.0,0.0,550.0,0.0,,,,,,,,,,,,,,,,
2014-05-27,,,,,0.0,0.0,420.0,0.0,,,,,,,,,,,,,,,,
2014-05-28,,,,,0.0,0.0,282.0,0.0,,,,,,,,,,,,,,,,
2014-05-29,,,,,0.0,0.0,432.0,0.0,,,,,,,,,,,,,,,,
2014-05-30,,,,,0.0,0.0,332.0,0.0,,,,,,,,,,,,,,,,
2014-06-03,,,,,0.0,0.0,378.0,0.0,,,,,,,,,,,,,,,,
2014-06-04,,,,,0.0,0.0,170.0,0.0,,,,,,,,,,,,,,,,
2014-06-05,,,,,0.0,0.0,96.0,0.0,,,,,,,,,,,,,,,,
2014-06-06,,,,,0.0,0.0,152.0,0.0,,,,,,,,,,,,,,,,
2014-06-09,,,,,0.0,0.0,362.0,0.0,,,,,,,,,,,,,,,,
2014-06-10,,,,,0.0,0.0,188.0,0.0,,,,,,,,,,,,,,,,
2014-06-11,,,,,0.0,0.0,340.0,0.0,,,,,,,,,,,,,,,,
2014-06-12,,,,,0.0,0.0,562.0,0.0,,,,,,,,,,,,,,,,
2014-06-13,,,,,0.0,0.0,272.0,0.0,,,,,,,,,,,,,,,,
2014-06-16,,,,,0.0,0.0,502.0,0.0,,,,,,,,,,,,,,,,
2014-06-17,,,,,0.0,0.0,308.0,0.0,,,,,,,,,,,,,,,,
2014-06-18,,,,,0.0,0.0,364.0,0.0,,,,,,,,,,,,,,,,
2014-06-19,,,,,0.0,0.0,116.0,4.0,,,,,,,,,,,,,,,,
2014-06-20,,,,,0.0,0.0,130.0,0.0,,,,,,,,,,,,,,,,
2014-06-23,,,,,0.0,0.0,116.0,36.0,,,,,,,,,,,,,,,,
2014-06-24,,,,,0.0,0.0,262.0,6.0,,,,,,,,,,,,,,,,
2014-06-25,,,,,0.0,0.0,108.0,0.0,,,,,,,,,,,,,,,,
2014-06-26,,,,,0.0,0.0,78.0,18.0,,,,,,,,,,,,,,,,
2014-06-27,,,,,0.0,0.0,150.0,46.0,,,,,,,,,,,,,,,,
2014-06-30,,,,,2.0,0.0,38.0,2.0,,,,,,,,,,,,,,,,
2014-07-01,,,,,0.0,0.0,508.0,4.0,,,,,,,,,,,,,,,,
2014-07-02,,,,,0.0,0.0,170.0,0.0,,,,,,,,,,,,,,,,
2014-07-03,,,,,0.0,0.0,84.0,0.0,,,,,,,,,,,,,,,,
2014-07-04,,,,,0.0,0.0,72.0,0.0,,,,,,,,,,,,,,,,
2014-07-07,,,,,0.0,0.0,16.0,0.0,,,,,,,,,,,,,,,,
2014-07-08,,,,,0.0,0.0,24.0,0.0,,,,,,,,,,,,,,,,
2014-07-09,,,,,0.0,0.0,30.0,0.0,,,,,,,,,,,,,,,,
2014-07-10,,,,,0.0,0.0,10.0,0.0,,,,,,,,,,,,,,,,
2014-07-11,,,,,0.0,0.0,24.0,0.0,,,,,,,,,,,,,,,,
2014-07-14,,,,,0.0,0.0,288.0,0.0,,,,,,,,,,,,,,,,
2014-07-15,,,,,,0.0,50.0,0.0,0.0,,,,,,,,,,,,,,,
2014-07-16,,,,,,0.0,46.0,0.0,0.0,,,,,,,,,,,,,,,
2014-07-17,,,,,,0.0,26.0,0.0,0.0,,,,,,,,,,,,,,,
2014-07-18,,,,,,0.0,40.0,0.0,0.0,,,,,,,,,,,,,,,
2014-07-21,,,,,,0.0,18.0,0.0,0.0,,,,,,,,,,,,,,,
2014-07-22,,,,,,0.0,0.0,0.0,0.0,,,,,,,,,,,,,,,
2014-07-23,,,,,,0.0,26.0,0.0,0.0,,,,,,,,,,,,,,,
2014-07-24,,,,,,0.0,18.0,0.0,0.0,,,,,,,,,,,,,,,
2014-07-25,,,,,,0.0,264.0,2.0,0.0,,,,,,,,,,,,,,,
2014-07-28,,,,,,0.0,34.0,0.0,0.0,,,,,,,,,,,,,,,
2014-07-29,,,,,,0.0,48.0,0.0,0.0,,,,,,,,,,,,,,,
2014-07-30,,,,,,0.0,82.0,0.0,0.0,,,,,,,,,,,,,,,
2014-07-31,,,,,,0.0,72.0,2.0,0.0,,,,,,,,,,,,,,,
2014-08-01,,,,,,0.0,100.0,0.0,0.0,,,,,,,,,,,,,,,
2014-08-04,,,,,,0.0,124.0,0.0,0.0,,,,,,,,,,,,,,,
2014-08-05,,,,,,0.0,218.0,0.0,0.0,,,,,,,,,,,,,,,
2014-08-06,,,,,,0.0,54.0,2.0,0.0,,,,,,,,,,,,,,,
2014-08-07,,,,,,0.0,350.0,0.0,0.0,,,,,,,,,,,,,,,
2014-08-08,,,,,,0.0,30.0,6.0,0.0,,,,,,,,,,,,,,,
2014-08-11,,,,,,0.0,40.0,0.0,0.0,,,,,,,,,,,,,,,
2014-08-12,,,,,,0.0,86.0,0.0,0.0,,,,,,,,,,,,,,,
2014-08-13,,,,,,0.0,86.0,0.0,0.0,,,,,,,,,,,,,,,
2014-08-14,,,,,,0.0,644.0,0.0,0.0,,,,,,,,,,,,,,,
2014-08-15,,,,,,,172.0,0.0,0.0,0.0,,,,,,,,,,,,,,
2014-08-18,,,,,,,126.0,0.0,0.0,0.0,,,,,,,,,,,,,,
2014-08-19,,,,,,,424.0,0.0,0.0,0.0,,,,,,,,,,,,,,
2014-08-20,,,,,,,286.0,0.0,0.0,0.0,,,,,,,,,,,,,,
2014-08-21,,,,,,,304.0,0.0,152.0,0.0,,,,,,,,,,,,,,
2014-08-22,,,,,,,50.0,2.0,122.0,6.0,,,,,,,,,,,,,,
2014-08-25,,,,,,,114.0,0.0,186.0,0.0,,,,,,,,,,,,,,
2014-08-26,,,,,,,76.0,0.0,102.0,0.0,,,,,,,,,,,,,,
2014-08-27,,,,,,,22.0,0.0,90.0,0.0,,,,,,,,,,,,,,
2014-08-28,,,,,,,8.0,0.0,18.0,0.0,,,,,,,,,,,,,,
2014-08-29,,,,,,,1646.0,0.0,20.0,0.0,,,,,,,,,,,,,,
2014-09-01,,,,,,,34.0,0.0,94.0,0.0,,,,,,,,,,,,,,
2014-09-02,,,,,,,22.0,0.0,46.0,0.0,,,,,,,,,,,,,,
2014-09-03,,,,,,,2.0,2.0,46.0,0.0,,,,,,,,,,,,,,
2014-09-04,,,,,,,0.0,2.0,52.0,0.0,,,,,,,,,,,,,,
2014-09-05,,,,,,,20.0,0.0,48.0,0.0,,,,,,,,,,,,,,
2014-09-09,,,,,,,6.0,0.0,418.0,0.0,,,,,,,,,,,,,,
2014-09-10,,,,,,,0.0,0.0,518.0,0.0,,,,,,,,,,,,,,
2014-09-11,,,,,,,0.0,0.0,46.0,12.0,,,,,,,,,,,,,,
2014-09-12,,,,,,,106.0,0.0,42.0,0.0,,,,,,,,,,,,,,
2014-09-15,,,,,,,0.0,0.0,8.0,0.0,,,,,,,,,,,,,,
2014-09-16,,,,,,,,0.0,20.0,0.0,0.0,,,,,,,,,,,,,
2014-09-17,,,,,,,,0.0,32.0,0.0,0.0,,,,,,,,,,,,,
2014-09-18,,,,,,,,0.0,68.0,0.0,0.0,,,,,,,,,,,,,
2014-09-19,,,,,,,,0.0,34.0,0.0,0.0,,,,,,,,,,,,,
2014-09-22,,,,,,,,0.0,114.0,0.0,0.0,,,,,,,,,,,,,
2014-09-23,,,,,,,,0.0,50.0,0.0,0.0,,,,,,,,,,,,,
2014-09-24,,,,,,,,0.0,72.0,2.0,0.0,,,,,,,,,,,,,
2014-09-25,,,,,,,,0.0,8.0,0.0,0.0,,,,,,,,,,,,,
2014-09-26,,,,,,,,0.0,36.0,0.0,4.0,,,,,,,,,,,,,
2014-09-29,,,,,,,,0.0,40.0,0.0,0.0,,,,,,,,,,,,,
2014-09-30,,,,,,,,0.0,8.0,0.0,4.0,,,,,,,,,,,,,
2014-10-08,,,,,,,,0.0,0.0,0.0,0.0,,,,,,,,,,,,,
2014-10-09,,,,,,,,0.0,130.0,0.0,0.0,,,,,,,,,,,,,
2014-10-10,,,,,,,,0.0,16.0,0.0,0.0,,,,,,,,,,,,,
2014-10-13,,,,,,,,2.0,110.0,0.0,0.0,,,,,,,,,,,,,
2014-10-14,,,,,,,,0.0,72.0,0.0,0.0,,,,,,,,,,,,,
2014-10-15,,,,,,,,0.0,60.0,0.0,2.0,,,,,,,,,,,,,
2014-10-16,,,,,,,,34.0,20.0,0.0,0.0,,,,,,,,,,,,,
2014-10-17,,,,,,,,0.0,8.0,0.0,0.0,,,,,,,,,,,,,
2014-10-20,,,,,,,,0.0,20.0,0.0,0.0,,,,,,,,,,,,,
2014-10-21,,,,,,,,0.0,0.0,0.0,0.0,,,,,,,,,,,,,
2014-10-22,,,,,,,,0.0,0.0,0.0,2.0,,,,,,,,,,,,,
2014-10-23,,,,,,,,0.0,16.0,0.0,28.0,,,,,,,,,,,,,
2014-10-24,,,,,,,,0.0,12.0,0.0,4.0,,,,,,,,,,,,,
2014-10-27,,,,,,,,0.0,50.0,0.0,2.0,,,,,,,,,,,,,
2014-10-28,,,,,,,,0.0,14.0,0.0,0.0,,,,,,,,,,,,,
2014-10-29,,,,,,,,0.0,8.0,0.0,0.0,,,,,,,,,,,,,
2014-10-30,,,,,,,,0.0,20.0,0.0,4.0,,,,,,,,,,,,,
2014-10-31,,,,,,,,0.0,0.0,6.0,0.0,,,,,,,,,,,,,
2014-11-03,,,,,,,,0.0,0.0,0.0,0.0,,,,,,,,,,,,,
2014-11-04,,,,,,,,0.0,10.0,0.0,0.0,,,,,,,,,,,,,
2014-11-05,,,,,,,,0.0,46.0,0.0,0.0,,,,,,,,,,,,,
2014-11-06,,,,,,,,0.0,20.0,0.0,0.0,,,,,,,,,,,,,
2014-11-07,,,,,,,,0.0,10.0,0.0,10.0,,,,,,,,,,,,,
2014-11-10,,,,,,,,0.0,0.0,0.0,0.0,,,,,,,,,,,,,
2014-11-11,,,,,,,,0.0,0.0,0.0,0.0,,,,,,,,,,,,,
2014-11-12,,,,,,,,0.0,252.0,0.0,4.0,,,,,,,,,,,,,
2014-11-13,,,,,,,,0.0,0.0,0.0,0.0,,,,,,,,,,,,,
2014-11-14,,,,,,,,0.0,8.0,0.0,0.0,,,,,,,,,,,,,
2014-11-17,,,,,,,,,0.0,0.0,0.0,0.0,,,,,,,,,,,,
2014-11-18,,,,,,,,,0.0,0.0,0.0,0.0,,,,,,,,,,,,
2014-11-19,,,,,,,,,2.0,0.0,0.0,0.0,,,,,,,,,,,,
2014-11-20,,,,,,,,,2.0,0.0,2.0,0.0,,,,,,,,,,,,
2014-11-21,,,,,,,,,2.0,0.0,2.0,0.0,,,,,,,,,,,,
2014-11-24,,,,,,,,,4.0,0.0,0.0,0.0,,,,,,,,,,,,
2014-11-25,,,,,,,,,0.0,0.0,0.0,0.0,,,,,,,,,,,,
2014-11-26,,,,,,,,,4.0,0.0,0.0,0.0,,,,,,,,,,,,
2014-11-27,,,,,,,,,10.0,0.0,0.0,0.0,,,,,,,,,,,,
2014-11-28,,,,,,,,,20.0,0.0,0.0,0.0,,,,,,,,,,,,
2014-12-01,,,,,,,,,36.0,0.0,0.0,0.0,,,,,,,,,,,,
2014-12-02,,,,,,,,,10.0,0.0,8.0,0.0,,,,,,,,,,,,
2014-12-03,,,,,,,,,84.0,0.0,0.0,0.0,,,,,,,,,,,,
2014-12-04,,,,,,,,,76.0,0.0,2.0,0.0,,,,,,,,,,,,
2014-12-05,,,,,,,,,20.0,0.0,12.0,0.0,,,,,,,,,,,,
2014-12-08,,,,,,,,,6.0,0.0,8.0,0.0,,,,,,,,,,,,
2014-12-09,,,,,,,,,4.0,0.0,0.0,0.0,,,,,,,,,,,,
2014-12-10,,,,,,,,,22.0,0.0,0.0,0.0,,,,,,,,,,,,
2014-12-11,,,,,,,,,0.0,0.0,0.0,0.0,,,,,,,,,,,,
2014-12-12,,,,,,,,,0.0,0.0,0.0,0.0,,,,,,,,,,,,
2014-12-15,,,,,,,,,0.0,0.0,24.0,16.0,,,,,,,,,,,,
2014-12-16,,,,,,,,,0.0,0.0,0.0,0.0,,,,,,,,,,,,
2014-12-17,,,,,,,,,0.0,0.0,14.0,0.0,,,,,,,,,,,,
2014-12-18,,,,,,,,,0.0,0.0,0.0,0.0,,,,,,,,,,,,
2014-12-19,,,,,,,,,0.0,0.0,4.0,0.0,,,,,,,,,,,,
2014-12-22,,,,,,,,,0.0,0.0,30.0,0.0,,,,,,,,,,,,
2014-12-23,,,,,,,,,16.0,6.0,6.0,0.0,,,,,,,,,,,,
2014-12-24,,,,,,,,,0.0,2.0,10.0,0.0,,,,,,,,,,,,
2014-12-25,,,,,,,,,0.0,0.0,2.0,0.0,,,,,,,,,,,,
2014-12-26,,,,,,,,,0.0,0.0,2.0,0.0,,,,,,,,,,,,
2014-12-29,,,,,,,,,2.0,0.0,4.0,0.0,,,,,,,,,,,,
2014-12-30,,,,,,,,,2.0,0.0,12.0,0.0,,,,,,,,,,,,
2014-12-31,,,,,,,,,4.0,0.0,0.0,0.0,,,,,,,,,,,,
2015-01-05,,,,,,,,,6.0,0.0,2.0,0.0,,,,,,,,,,,,
2015-01-06,,,,,,,,,0.0,0.0,6.0,0.0,,,,,,,,,,,,
2015-01-07,,,,,,,,,0.0,0.0,4.0,0.0,,,,,,,,,,,,
2015-01-08,,,,,,,,,0.0,0.0,0.0,0.0,,,,,,,,,,,,
2015-01-09,,,,,,,,,4.0,0.0,0.0,0.0,,,,,,,,,,,,
2015-01-12,,,,,,,,,0.0,0.0,2.0,0.0,,,,,,,,,,,,
2015-01-13,,,,,,,,,22.0,0.0,0.0,0.0,,,,,,,,,,,,
2015-01-14,,,,,,,,,0.0,0.0,0.0,0.0,,,,,,,,,,,,
2015-01-15,,,,,,,,,40.0,0.0,2.0,0.0,,,,,,,,,,,,
2015-01-16,,,,,,,,,6.0,0.0,0.0,0.0,,,,,,,,,,,,
2015-01-19,,,,,,,,,14.0,0.0,0.0,0.0,,,,,,,,,,,,
2015-01-20,,,,,,,,,2.0,0.0,0.0,0.0,,,,,,,,,,,,
2015-01-21,,,,,,,,,6.0,0.0,0.0,0.0,,,,,,,,,,,,
2015-01-22,,,,,,,,,16.0,0.0,0.0,0.0,,,,,,,,,,,,
2015-01-23,,,,,,,,,0.0,0.0,0.0,0.0,,,,,,,,,,,,
2015-01-26,,,,,,,,,0.0,0.0,0.0,0.0,,,,,,,,,,,,
2015-01-27,,,,,,,,,16.0,0.0,0.0,0.0,,,,,,,,,,,,
2015-01-28,,,,,,,,,0.0,0.0,0.0,0.0,,,,,,,,,,,,
2015-01-29,,,,,,,,,0.0,0.0,4.0,0.0,,,,,,,,,,,,
2015-01-30,,,,,,,,,0.0,0.0,0.0,0.0,,,,,,,,,,,,
2015-02-02,,,,,,,,,0.0,0.0,0.0,0.0,,,,,,,,,,,,
2015-02-03,,,,,,,,,2.0,0.0,2.0,0.0,,,,,,,,,,,,
2015-02-04,,,,,,,,,4.0,0.0,2.0,0.0,,,,,,,,,,,,
2015-02-05,,,,,,,,,0.0,0.0,38.0,0.0,,,,,,,,,,,,
2015-02-06,,,,,,,,,8.0,0.0,2.0,0.0,,,,,,,,,,,,
2015-02-09,,,,,,,,,4.0,0.0,0.0,0.0,,,,,,,,,,,,
2015-02-10,,,,,,,,,4.0,0.0,0.0,0.0,,,,,,,,,,,,
2015-02-11,,,,,,,,,0.0,0.0,14.0,0.0,,,,,,,,,,,,
2015-02-12,,,,,,,,,8.0,0.0,0.0,0.0,,,,,,,,,,,,
2015-02-13,,,,,,,,,2.0,0.0,2.0,0.0,,,,,,,,,,,,
2015-02-16,,,,,,,,,34.0,0.0,0.0,0.0,,,,,,,,,,,,
2015-02-17,,,,,,,,,4.0,0.0,0.0,0.0,,,,,,,,,,,,
2015-02-25,,,,,,,,,0.0,0.0,0.0,0.0,,,,,,,,,,,,
2015-02-26,,,,,,,,,0.0,0.0,18.0,0.0,,,,,,,,,,,,
2015-02-27,,,,,,,,,2.0,0.0,2.0,0.0,,,,,,,,,,,,
2015-03-02,,,,,,,,,0.0,0.0,2.0,8.0,,,,,,,,,,,,
2015-03-03,,,,,,,,,0.0,0.0,0.0,0.0,,,,,,,,,,,,
2015-03-04,,,,,,,,,0.0,0.0,0.0,0.0,,,,,,,,,,,,
2015-03-05,,,,,,,,,2.0,0.0,2.0,0.0,,,,,,,,,,,,
2015-03-06,,,,,,,,,0.0,0.0,2.0,0.0,,,,,,,,,,,,
2015-03-09,,,,,,,,,0.0,0.0,2.0,0.0,,,,,,,,,,,,
2015-03-10,,,,,,,,,0.0,0.0,0.0,0.0,,,,,,,,,,,,
2015-03-11,,,,,,,,,0.0,0.0,0.0,0.0,,,,,,,,,,,,
2015-03-12,,,,,,,,,6.0,0.0,0.0,0.0,,,,,,,,,,,,
2015-03-13,,,,,,,,,16.0,0.0,0.0,0.0,,,,,,,,,,,,
2015-03-16,,,,,,,,,2.0,0.0,0.0,0.0,,,,,,,,,,,,
2015-03-17,,,,,,,,,6.0,0.0,0.0,0.0,,,,,,,,,,,,
2015-03-18,,,,,,,,,0.0,0.0,0.0,0.0,,,,,,,,,,,,
2015-03-19,,,,,,,,,0.0,0.0,0.0,0.0,,,,,,,,,,,,
2015-03-20,,,,,,,,,34.0,0.0,0.0,0.0,,,,,,,,,,,,
2015-03-23,,,,,,,,,0.0,0.0,0.0,0.0,,,,,,,,,,,,
2015-03-24,,,,,,,,,24.0,0.0,8.0,0.0,,,,,,,,,,,,
2015-03-25,,,,,,,,,6.0,0.0,0.0,0.0,,,,,,,,,,,,
2015-03-26,,,,,,,,,0.0,0.0,0.0,0.0,,,,,,,,,,,,
2015-03-27,,,,,,,,,18.0,0.0,0.0,0.0,,,,,,,,,,,,
2015-03-30,,,,,,,,,0.0,0.0,6.0,0.0,,,,,,,,,,,,
2015-03-31,,,,,,,,,0.0,0.0,32.0,0.0,,,,,,,,,,,,
2015-04-01,,,,,,,,,0.0,0.0,12.0,0.0,,,,,,,,,,,,
2015-04-02,,,,,,,,,2.0,0.0,36.0,0.0,,,,,,,,,,,,
2015-04-03,,,,,,,,,0.0,0.0,0.0,0.0,,,,,,,,,,,,
2015-04-07,,,,,,,,,34.0,0.0,44.0,0.0,,,,,,,,,,,,
2015-04-08,,,,,,,,,2.0,0.0,32.0,0.0,,,,,,,,,,,,
2015-04-09,,,,,,,,,0.0,0.0,38.0,0.0,,,,,,,,,,,,
2015-04-10,,,,,,,,,0.0,0.0,0.0,0.0,,,,,,,,,,,,
2015-04-13,,,,,,,,,0.0,0.0,4.0,6.0,,,,,,,,,,,,
2015-04-14,,,,,,,,,0.0,0.0,8.0,0.0,,,,,,,,,,,,
2015-04-15,,,,,,,,,2.0,0.0,0.0,0.0,,,,,,,,,,,,
2015-04-16,,,,,,,,,2.0,0.0,16.0,0.0,,,,,,,,,,,,
2015-04-17,,,,,,,,,0.0,0.0,0.0,0.0,,,,,,,,,,,,
2015-04-20,,,,,,,,,0.0,0.0,0.0,0.0,,,,,,,,,,,,
2015-04-21,,,,,,,,,0.0,0.0,10.0,0.0,,,,,,,,,,,,
2015-04-22,,,,,,,,,0.0,0.0,0.0,0.0,,,,,,,,,,,,
2015-04-23,,,,,,,,,0.0,0.0,4.0,0.0,,,,,,,,,,,,
2015-04-24,,,,,,,,,0.0,0.0,4.0,0.0,,,,,,,,,,,,
2015-04-27,,,,,,,,,0.0,0.0,0.0,0.0,,,,,,,,,,,,
2015-04-28,,,,,,,,,0.0,0.0,0.0,0.0,,,,,,,,,,,,
2015-04-29,,,,,,,,,0.0,0.0,0.0,0.0,,,,,,,,,,,,
2015-04-30,,,,,,,,,0.0,0.0,0.0,0.0,,,,,,,,,,,,
2015-05-04,,,,,,,,,0.0,0.0,22.0,0.0,,,,,,,,,,,,
2015-05-05,,,,,,,,,0.0,0.0,44.0,0.0,,,,,,,,,,,,
2015-05-06,,,,,,,,,2.0,0.0,28.0,0.0,,,,,,,,,,,,
2015-05-07,,,,,,,,,0.0,0.0,32.0,0.0,,,,,,,,,,,,
2015-05-08,,,,,,,,,0.0,0.0,52.0,0.0,,,,,,,,,,,,
2015-05-11,,,,,,,,,0.0,0.0,0.0,0.0,,,,,,,,,,,,
2015-05-12,,,,,,,,,0.0,0.0,0.0,0.0,,,,,,,,,,,,
2015-05-13,,,,,,,,,4.0,0.0,78.0,0.0,,,,,,,,,,,,
2015-05-14,,,,,,,,,6.0,0.0,68.0,0.0,,,,,,,,,,,,
2015-05-15,,,,,,,,,16.0,6.0,38.0,0.0,,,,,,,,,,,,
2015-05-18,,,,,,,,,12.0,0.0,112.0,0.0,,,,,,,,,,,,
2015-05-19,,,,,,,,,2.0,0.0,44.0,0.0,,,,,,,,,,,,
2015-05-20,,,,,,,,,0.0,0.0,12.0,0.0,,,,,,,,,,,,
2015-05-21,,,,,,,,,4.0,0.0,14.0,0.0,,,,,,,,,,,,
2015-05-22,,,,,,,,,0.0,0.0,38.0,0.0,,,,,,,,,,,,
2015-05-25,,,,,,,,,12.0,0.0,34.0,0.0,,,,,,,,,,,,
2015-05-26,,,,,,,,,0.0,0.0,46.0,0.0,,,,,,,,,,,,
2015-05-27,,,,,,,,,0.0,0.0,10.0,0.0,,,,,,,,,,,,
2015-05-28,,,,,,,,,0.0,0.0,26.0,0.0,,,,,,,,,,,,
2015-05-29,,,,,,,,,4.0,0.0,2.0,0.0,,,,,,,,,,,,
2015-06-01,,,,,,,,,0.0,0.0,44.0,0.0,,,,,,,,,,,,
2015-06-02,,,,,,,,,2.0,0.0,44.0,0.0,,,,,,,,,,,,
2015-06-03,,,,,,,,,0.0,0.0,24.0,0.0,,,,,,,,,,,,
2015-06-04,,,,,,,,,0.0,0.0,16.0,0.0,,,,,,,,,,,,
2015-06-05,,,,,,,,,0.0,0.0,12.0,0.0,,,,,,,,,,,,
2015-06-08,,,,,,,,,6.0,0.0,260.0,0.0,,,,,,,,,,,,
2015-06-09,,,,,,,,,10.0,0.0,260.0,0.0,,,,,,,,,,,,
2015-06-10,,,,,,,,,2.0,2.0,332.0,0.0,,,,,,,,,,,,
2015-06-11,,,,,,,,,20.0,0.0,456.0,0.0,,,,,,,,,,,,
2015-06-12,,,,,,,,,4.0,2.0,1196.0,0.0,,,,,,,,,,,,
2015-06-15,,,,,,,,,0.0,4.0,1916.0,0.0,,,,,,,,,,,,
2015-06-16,,,,,,,,,2.0,0.0,2220.0,0.0,,,,,,,,,,,,
2015-06-17,,,,,,,,,2.0,0.0,1464.0,0.0,,,,,,,,,,,,
2015-06-18,,,,,,,,,16.0,0.0,1846.0,0.0,,,,,,,,,,,,
2015-06-19,,,,,,,,,4.0,0.0,2266.0,0.0,,,,,,,,,,,,
2015-06-23,,,,,,,,,6.0,0.0,1618.0,0.0,,,,,,,,,,,,
2015-06-24,,,,,,,,,0.0,0.0,1196.0,0.0,,,,,,,,,,,,
2015-06-25,,,,,,,,,0.0,0.0,1254.0,0.0,,,,,,,,,,,,
2015-06-26,,,,,,,,,22.0,0.0,1404.0,0.0,,,,,,,,,,,,
2015-06-29,,,,,,,,,8.0,0.0,2170.0,0.0,,,,,,,,,,,,
2015-06-30,,,,,,,,,30.0,0.0,3100.0,0.0,,,,,,,,,,,,
2015-07-01,,,,,,,,,0.0,0.0,3286.0,0.0,,,,,,,,,,,,
2015-07-02,,,,,,,,,0.0,0.0,1522.0,0.0,,,,,,,,,,,,
2015-07-03,,,,,,,,,0.0,6.0,2568.0,0.0,,,,,,,,,,,,
2015-07-06,,,,,,,,,0.0,0.0,3162.0,0.0,,,,,,,,,,,,
2015-07-07,,,,,,,,,0.0,0.0,2154.0,0.0,,,,,,,,,,,,
2015-07-08,,,,,,,,,0.0,0.0,4742.0,0.0,,,,,,,,,,,,
2015-07-09,,,,,,,,,0.0,0.0,2536.0,0.0,,,,,,,,,,,,
2015-07-10,,,,,,,,,0.0,0.0,3804.0,0.0,,,,,,,,,,,,
2015-07-13,,,,,,,,,0.0,0.0,1908.0,0.0,,,,,,,,,,,,
2015-07-14,,,,,,,,,0.0,0.0,3002.0,0.0,,,,,,,,,,,,
2015-07-15,,,,,,,,,,0.0,2786.0,0.0,26.0,,,,,,,,,,,
2015-07-16,,,,,,,,,,0.0,1488.0,0.0,0.0,,,,,,,,,,,
2015-07-17,,,,,,,,,,0.0,712.0,0.0,20.0,,,,,,,,,,,
2015-07-20,,,,,,,,,,0.0,886.0,0.0,22.0,,,,,,,,,,,
2015-07-21,,,,,,,,,,0.0,610.0,0.0,82.0,,,,,,,,,,,
2015-07-22,,,,,,,,,,0.0,572.0,0.0,218.0,,,,,,,,,,,
2015-07-23,,,,,,,,,,6.0,412.0,0.0,94.0,,,,,,,,,,,
2015-07-24,,,,,,,,,,0.0,474.0,0.0,292.0,,,,,,,,,,,
2015-07-27,,,,,,,,,,0.0,860.0,0.0,150.0,,,,,,,,,,,
2015-07-28,,,,,,,,,,0.0,544.0,6.0,30.0,,,,,,,,,,,
2015-07-29,,,,,,,,,,2.0,700.0,2.0,40.0,,,,,,,,,,,
2015-07-30,,,,,,,,,,0.0,984.0,0.0,22.0,,,,,,,,,,,
2015-07-31,,,,,,,,,,2.0,710.0,0.0,8.0,,,,,,,,,,,
2015-08-03,,,,,,,,,,0.0,1632.0,0.0,22.0,,,,,,,,,,,
2015-08-04,,,,,,,,,,0.0,2438.0,0.0,0.0,,,,,,,,,,,
2015-08-05,,,,,,,,,,0.0,1964.0,0.0,6.0,,,,,,,,,,,
2015-08-06,,,,,,,,,,0.0,2770.0,0.0,26.0,,,,,,,,,,,
2015-08-07,,,,,,,,,,0.0,3202.0,0.0,4.0,,,,,,,,,,,
2015-08-10,,,,,,,,,,0.0,686.0,0.0,0.0,,,,,,,,,,,
2015-08-11,,,,,,,,,,0.0,1008.0,0.0,28.0,,,,,,,,,,,
2015-08-12,,,,,,,,,,0.0,1238.0,0.0,0.0,,,,,,,,,,,
2015-08-13,,,,,,,,,,0.0,2636.0,0.0,0.0,,,,,,,,,,,
2015-08-14,,,,,,,,,,0.0,400.0,0.0,0.0,,,,,,,,,,,
2015-08-17,,,,,,,,,,,168.0,0.0,0.0,0.0,,,,,,,,,,
2015-08-18,,,,,,,,,,,158.0,0.0,0.0,0.0,,,,,,,,,,
2015-08-19,,,,,,,,,,,656.0,0.0,0.0,0.0,,,,,,,,,,
2015-08-20,,,,,,,,,,,406.0,0.0,0.0,0.0,,,,,,,,,,
2015-08-21,,,,,,,,,,,976.0,0.0,0.0,0.0,,,,,,,,,,
2015-08-24,,,,,,,,,,,286.0,0.0,0.0,0.0,,,,,,,,,,
2015-08-25,,,,,,,,,,,518.0,0.0,2.0,0.0,,,,,,,,,,
2015-08-26,,,,,,,,,,,218.0,0.0,0.0,0.0,,,,,,,,,,
2015-08-27,,,,,,,,,,,108.0,0.0,12.0,0.0,,,,,,,,,,
2015-08-28,,,,,,,,,,,300.0,0.0,4.0,0.0,,,,,,,,,,
2015-08-31,,,,,,,,,,,592.0,0.0,4.0,0.0,,,,,,,,,,
2015-09-01,,,,,,,,,,,312.0,0.0,0.0,0.0,,,,,,,,,,
2015-09-02,,,,,,,,,,,0.0,0.0,0.0,0.0,,,,,,,,,,
2015-09-07,,,,,,,,,,,0.0,0.0,0.0,0.0,,,,,,,,,,
2015-09-08,,,,,,,,,,,0.0,0.0,4.0,0.0,,,,,,,,,,
2015-09-09,,,,,,,,,,,0.0,0.0,36.0,0.0,,,,,,,,,,
2015-09-10,,,,,,,,,,,0.0,0.0,14.0,0.0,,,,,,,,,,
2015-09-11,,,,,,,,,,,0.0,0.0,8.0,0.0,,,,,,,,,,
2015-09-14,,,,,,,,,,,0.0,0.0,0.0,0.0,,,,,,,,,,
2015-09-15,,,,,,,,,,,0.0,0.0,22.0,0.0,,,,,,,,,,
2015-09-16,,,,,,,,,,,0.0,0.0,30.0,0.0,,,,,,,,,,
2015-09-17,,,,,,,,,,,,0.0,28.0,0.0,18.0,,,,,,,,,
2015-09-18,,,,,,,,,,,,0.0,8.0,0.0,10.0,,,,,,,,,
2015-09-21,,,,,,,,,,,,0.0,80.0,0.0,0.0,,,,,,,,,
2015-09-22,,,,,,,,,,,,0.0,4.0,0.0,0.0,,,,,,,,,
2015-09-23,,,,,,,,,,,,0.0,0.0,0.0,0.0,,,,,,,,,
2015-09-24,,,,,,,,,,,,0.0,4.0,0.0,0.0,,,,,,,,,
2015-09-25,,,,,,,,,,,,0.0,22.0,0.0,2.0,,,,,,,,,
2015-09-28,,,,,,,,,,,,0.0,4.0,0.0,0.0,,,,,,,,,
2015-09-29,,,,,,,,,,,,0.0,14.0,0.0,0.0,,,,,,,,,
2015-09-30,,,,,,,,,,,,0.0,16.0,0.0,0.0,,,,,,,,,
2015-10-08,,,,,,,,,,,,0.0,10.0,0.0,6.0,,,,,,,,,
2015-10-09,,,,,,,,,,,,0.0,4.0,0.0,4.0,,,,,,,,,
2015-10-12,,,,,,,,,,,,0.0,8.0,0.0,0.0,,,,,,,,,
2015-10-13,,,,,,,,,,,,0.0,2.0,0.0,0.0,,,,,,,,,
2015-10-14,,,,,,,,,,,,0.0,0.0,0.0,0.0,,,,,,,,,
2015-10-15,,,,,,,,,,,,0.0,0.0,0.0,0.0,,,,,,,,,
2015-10-16,,,,,,,,,,,,0.0,0.0,0.0,0.0,,,,,,,,,
2015-10-19,,,,,,,,,,,,0.0,0.0,0.0,0.0,,,,,,,,,
2015-10-20,,,,,,,,,,,,0.0,0.0,0.0,4.0,,,,,,,,,
2015-10-21,,,,,,,,,,,,0.0,0.0,0.0,2.0,,,,,,,,,
2015-10-22,,,,,,,,,,,,0.0,0.0,0.0,4.0,,,,,,,,,
2015-10-23,,,,,,,,,,,,0.0,16.0,0.0,0.0,,,,,,,,,
2015-10-26,,,,,,,,,,,,0.0,6.0,0.0,6.0,,,,,,,,,
2015-10-27,,,,,,,,,,,,0.0,0.0,0.0,8.0,,,,,,,,,
2015-10-28,,,,,,,,,,,,0.0,2.0,0.0,0.0,,,,,,,,,
2015-10-29,,,,,,,,,,,,0.0,2.0,0.0,0.0,,,,,,,,,
2015-10-30,,,,,,,,,,,,0.0,4.0,0.0,2.0,,,,,,,,,
2015-11-02,,,,,,,,,,,,0.0,118.0,0.0,4.0,,,,,,,,,
2015-11-03,,,,,,,,,,,,0.0,168.0,0.0,2.0,,,,,,,,,
2015-11-04,,,,,,,,,,,,0.0,20.0,0.0,0.0,,,,,,,,,
2015-11-05,,,,,,,,,,,,0.0,28.0,0.0,0.0,,,,,,,,,
2015-11-06,,,,,,,,,,,,0.0,22.0,0.0,0.0,,,,,,,,,
2015-11-09,,,,,,,,,,,,0.0,10.0,0.0,0.0,,,,,,,,,
2015-11-10,,,,,,,,,,,,0.0,8.0,0.0,0.0,,,,,,,,,
2015-11-11,,,,,,,,,,,,0.0,34.0,0.0,0.0,,,,,,,,,
2015-11-12,,,,,,,,,,,,0.0,2.0,0.0,2.0,,,,,,,,,
2015-11-13,,,,,,,,,,,,0.0,10.0,0.0,0.0,,,,,,,,,
2015-11-16,,,,,,,,,,,,,2.0,0.0,0.0,0.0,,,,,,,,
2015-11-17,,,,,,,,,,,,,0.0,0.0,0.0,0.0,,,,,,,,
2015-11-18,,,,,,,,,,,,,40.0,0.0,2.0,0.0,,,,,,,,
2015-11-19,,,,,,,,,,,,,136.0,0.0,2.0,0.0,,,,,,,,
2015-11-20,,,,,,,,,,,,,114.0,0.0,2.0,0.0,,,,,,,,
2015-11-23,,,,,,,,,,,,,90.0,0.0,2.0,0.0,,,,,,,,
2015-11-24,,,,,,,,,,,,,56.0,0.0,0.0,0.0,,,,,,,,
2015-11-25,,,,,,,,,,,,,12.0,0.0,0.0,2.0,,,,,,,,
2015-11-26,,,,,,,,,,,,,24.0,0.0,2.0,0.0,,,,,,,,
2015-11-27,,,,,,,,,,,,,152.0,0.0,2.0,2.0,,,,,,,,
2015-11-30,,,,,,,,,,,,,4.0,0.0,0.0,0.0,,,,,,,,
2015-12-01,,,,,,,,,,,,,0.0,0.0,0.0,0.0,,,,,,,,
2015-12-02,,,,,,,,,,,,,20.0,0.0,0.0,0.0,,,,,,,,
2015-12-03,,,,,,,,,,,,,0.0,0.0,0.0,0.0,,,,,,,,
2015-12-04,,,,,,,,,,,,,0.0,0.0,0.0,0.0,,,,,,,,
2015-12-07,,,,,,,,,,,,,18.0,0.0,2.0,0.0,,,,,,,,
2015-12-08,,,,,,,,,,,,,10.0,0.0,0.0,0.0,,,,,,,,
2015-12-09,,,,,,,,,,,,,0.0,0.0,0.0,0.0,,,,,,,,
2015-12-10,,,,,,,,,,,,,0.0,0.0,0.0,0.0,,,,,,,,
2015-12-11,,,,,,,,,,,,,154.0,0.0,4.0,0.0,,,,,,,,
2015-12-14,,,,,,,,,,,,,38.0,0.0,2.0,0.0,,,,,,,,
2015-12-15,,,,,,,,,,,,,6.0,0.0,0.0,0.0,,,,,,,,
2015-12-16,,,,,,,,,,,,,74.0,0.0,0.0,0.0,,,,,,,,
2015-12-17,,,,,,,,,,,,,2.0,0.0,0.0,0.0,,,,,,,,
2015-12-18,,,,,,,,,,,,,342.0,0.0,2.0,0.0,,,,,,,,
2015-12-21,,,,,,,,,,,,,110.0,0.0,0.0,0.0,,,,,,,,
2015-12-22,,,,,,,,,,,,,10.0,0.0,2.0,0.0,,,,,,,,
2015-12-23,,,,,,,,,,,,,14.0,0.0,0.0,0.0,,,,,,,,
2015-12-24,,,,,,,,,,,,,16.0,0.0,12.0,0.0,,,,,,,,
2015-12-25,,,,,,,,,,,,,0.0,0.0,0.0,0.0,,,,,,,,
2015-12-28,,,,,,,,,,,,,8.0,0.0,0.0,0.0,,,,,,,,
2015-12-29,,,,,,,,,,,,,24.0,0.0,0.0,0.0,,,,,,,,
2015-12-30,,,,,,,,,,,,,10.0,0.0,0.0,0.0,,,,,,,,
2015-12-31,,,,,,,,,,,,,64.0,0.0,0.0,0.0,,,,,,,,
2016-01-04,,,,,,,,,,,,,146.0,0.0,0.0,0.0,,,,,,,,
2016-01-05,,,,,,,,,,,,,218.0,0.0,0.0,0.0,,,,,,,,
2016-01-06,,,,,,,,,,,,,28.0,0.0,0.0,0.0,,,,,,,,
2016-01-07,,,,,,,,,,,,,18.0,0.0,0.0,0.0,,,,,,,,
2016-01-08,,,,,,,,,,,,,58.0,0.0,0.0,0.0,,,,,,,,
2016-01-11,,,,,,,,,,,,,14.0,0.0,0.0,0.0,,,,,,,,
2016-01-12,,,,,,,,,,,,,6.0,0.0,0.0,0.0,,,,,,,,
2016-01-13,,,,,,,,,,,,,18.0,0.0,0.0,0.0,,,,,,,,
2016-01-14,,,,,,,,,,,,,56.0,0.0,0.0,0.0,,,,,,,,
2016-01-15,,,,,,,,,,,,,10.0,0.0,2.0,16.0,,,,,,,,
2016-01-18,,,,,,,,,,,,,0.0,0.0,0.0,4.0,,,,,,,,
2016-01-19,,,,,,,,,,,,,18.0,0.0,2.0,0.0,,,,,,,,
2016-01-20,,,,,,,,,,,,,8.0,0.0,0.0,0.0,,,,,,,,
2016-01-21,,,,,,,,,,,,,0.0,0.0,0.0,0.0,,,,,,,,
2016-01-22,,,,,,,,,,,,,78.0,0.0,0.0,0.0,,,,,,,,
2016-01-25,,,,,,,,,,,,,12.0,0.0,2.0,0.0,,,,,,,,
2016-01-26,,,,,,,,,,,,,2.0,0.0,0.0,0.0,,,,,,,,
2016-01-27,,,,,,,,,,,,,38.0,0.0,0.0,0.0,,,,,,,,
2016-01-28,,,,,,,,,,,,,116.0,0.0,4.0,2.0,,,,,,,,
2016-01-29,,,,,,,,,,,,,0.0,0.0,0.0,0.0,,,,,,,,
2016-02-01,,,,,,,,,,,,,8.0,0.0,0.0,0.0,,,,,,,,
2016-02-02,,,,,,,,,,,,,0.0,0.0,0.0,0.0,,,,,,,,
2016-02-03,,,,,,,,,,,,,0.0,0.0,0.0,0.0,,,,,,,,
2016-02-04,,,,,,,,,,,,,6.0,0.0,0.0,0.0,,,,,,,,
2016-02-05,,,,,,,,,,,,,8.0,0.0,0.0,0.0,,,,,,,,
2016-02-15,,,,,,,,,,,,,0.0,0.0,0.0,0.0,,,,,,,,
2016-02-16,,,,,,,,,,,,,12.0,0.0,4.0,0.0,,,,,,,,
2016-02-17,,,,,,,,,,,,,8.0,0.0,6.0,2.0,,,,,,,,
2016-02-18,,,,,,,,,,,,,22.0,0.0,0.0,0.0,,,,,,,,
2016-02-19,,,,,,,,,,,,,0.0,0.0,0.0,0.0,,,,,,,,
2016-02-22,,,,,,,,,,,,,10.0,0.0,0.0,0.0,,,,,,,,
2016-02-23,,,,,,,,,,,,,22.0,0.0,0.0,0.0,,,,,,,,
2016-02-24,,,,,,,,,,,,,12.0,0.0,0.0,0.0,,,,,,,,
2016-02-25,,,,,,,,,,,,,6.0,0.0,0.0,0.0,,,,,,,,
2016-02-26,,,,,,,,,,,,,0.0,0.0,0.0,0.0,,,,,,,,
2016-02-29,,,,,,,,,,,,,0.0,0.0,0.0,0.0,,,,,,,,
2016-03-01,,,,,,,,,,,,,4.0,0.0,0.0,0.0,,,,,,,,
2016-03-02,,,,,,,,,,,,,0.0,0.0,0.0,0.0,,,,,,,,
2016-03-03,,,,,,,,,,,,,2.0,0.0,0.0,0.0,,,,,,,,
2016-03-04,,,,,,,,,,,,,14.0,0.0,0.0,0.0,,,,,,,,
2016-03-07,,,,,,,,,,,,,54.0,0.0,0.0,0.0,,,,,,,,
2016-03-08,,,,,,,,,,,,,158.0,0.0,0.0,0.0,,,,,,,,
2016-03-09,,,,,,,,,,,,,16.0,0.0,0.0,0.0,,,,,,,,
2016-03-10,,,,,,,,,,,,,32.0,0.0,0.0,0.0,,,,,,,,
2016-03-11,,,,,,,,,,,,,12.0,0.0,0.0,0.0,,,,,,,,
2016-03-14,,,,,,,,,,,,,28.0,0.0,50.0,0.0,,,,,,,,
2016-03-15,,,,,,,,,,,,,36.0,0.0,36.0,0.0,,,,,,,,
2016-03-16,,,,,,,,,,,,,32.0,0.0,0.0,4.0,,,,,,,,
2016-03-17,,,,,,,,,,,,,0.0,0.0,0.0,2.0,,,,,,,,
2016-03-18,,,,,,,,,,,,,82.0,0.0,0.0,18.0,,,,,,,,
2016-03-21,,,,,,,,,,,,,92.0,0.0,0.0,0.0,,,,,,,,
2016-03-22,,,,,,,,,,,,,36.0,0.0,2.0,2.0,,,,,,,,
2016-03-23,,,,,,,,,,,,,58.0,0.0,0.0,0.0,,,,,,,,
2016-03-24,,,,,,,,,,,,,46.0,0.0,0.0,0.0,,,,,,,,
2016-03-25,,,,,,,,,,,,,1018.0,0.0,6.0,6.0,,,,,,,,
2016-03-28,,,,,,,,,,,,,54.0,0.0,8.0,0.0,,,,,,,,
2016-03-29,,,,,,,,,,,,,32.0,0.0,20.0,0.0,,,,,,,,
2016-03-30,,,,,,,,,,,,,8.0,0.0,0.0,0.0,,,,,,,,
2016-03-31,,,,,,,,,,,,,48.0,0.0,0.0,0.0,,,,,,,,
2016-04-01,,,,,,,,,,,,,88.0,0.0,0.0,0.0,,,,,,,,
2016-04-05,,,,,,,,,,,,,40.0,0.0,4.0,0.0,,,,,,,,
2016-04-06,,,,,,,,,,,,,28.0,0.0,4.0,0.0,,,,,,,,
2016-04-07,,,,,,,,,,,,,10.0,0.0,0.0,0.0,,,,,,,,
2016-04-08,,,,,,,,,,,,,16.0,0.0,0.0,0.0,,,,,,,,
2016-04-11,,,,,,,,,,,,,44.0,0.0,2.0,0.0,,,,,,,,
2016-04-12,,,,,,,,,,,,,42.0,0.0,24.0,0.0,,,,,,,,
2016-04-13,,,,,,,,,,,,,230.0,0.0,6.0,0.0,,,,,,,,
2016-04-14,,,,,,,,,,,,,114.0,0.0,0.0,0.0,,,,,,,,
2016-04-15,,,,,,,,,,,,,114.0,0.0,0.0,0.0,,,,,,,,
2016-04-18,,,,,,,,,,,,,154.0,0.0,0.0,0.0,,,,,,,,
2016-04-19,,,,,,,,,,,,,146.0,0.0,0.0,0.0,,,,,,,,
2016-04-20,,,,,,,,,,,,,800.0,0.0,0.0,0.0,,,,,,,,
2016-04-21,,,,,,,,,,,,,2716.0,0.0,10.0,0.0,,,,,,,,
2016-04-22,,,,,,,,,,,,,1364.0,0.0,30.0,0.0,,,,,,,,
2016-04-25,,,,,,,,,,,,,416.0,0.0,0.0,0.0,,,,,,,,
2016-04-26,,,,,,,,,,,,,1426.0,0.0,0.0,0.0,,,,,,,,
2016-04-27,,,,,,,,,,,,,430.0,0.0,2.0,0.0,,,,,,,,
2016-04-28,,,,,,,,,,,,,388.0,0.0,0.0,0.0,,,,,,,,
2016-04-29,,,,,,,,,,,,,338.0,0.0,0.0,0.0,,,,,,,,
2016-05-03,,,,,,,,,,,,,540.0,0.0,2.0,0.0,,,,,,,,
2016-05-04,,,,,,,,,,,,,276.0,0.0,0.0,0.0,,,,,,,,
2016-05-05,,,,,,,,,,,,,516.0,0.0,0.0,6.0,,,,,,,,
2016-05-06,,,,,,,,,,,,,312.0,0.0,0.0,0.0,,,,,,,,
2016-05-09,,,,,,,,,,,,,414.0,0.0,0.0,2.0,,,,,,,,
2016-05-10,,,,,,,,,,,,,174.0,0.0,0.0,0.0,,,,,,,,
2016-05-11,,,,,,,,,,,,,1866.0,0.0,6.0,0.0,,,,,,,,
2016-05-12,,,,,,,,,,,,,554.0,0.0,0.0,0.0,,,,,,,,
2016-05-13,,,,,,,,,,,,,564.0,0.0,4.0,0.0,,,,,,,,
2016-05-16,,,,,,,,,,,,,218.0,0.0,4.0,0.0,,,,,,,,
2016-05-17,,,,,,,,,,,,,140.0,0.0,62.0,2.0,,,,,,,,
2016-05-18,,,,,,,,,,,,,504.0,0.0,0.0,2.0,,,,,,,,
2016-05-19,,,,,,,,,,,,,210.0,0.0,24.0,10.0,,,,,,,,
2016-05-20,,,,,,,,,,,,,216.0,0.0,10.0,2.0,,,,,,,,
2016-05-23,,,,,,,,,,,,,656.0,0.0,190.0,0.0,,,,,,,,
2016-05-24,,,,,,,,,,,,,696.0,0.0,4.0,0.0,,,,,,,,
2016-05-25,,,,,,,,,,,,,312.0,0.0,14.0,0.0,,,,,,,,
2016-05-26,,,,,,,,,,,,,366.0,0.0,248.0,0.0,,,,,,,,
2016-05-27,,,,,,,,,,,,,350.0,0.0,96.0,0.0,,,,,,,,
2016-05-30,,,,,,,,,,,,,672.0,0.0,170.0,2.0,,,,,,,,
2016-05-31,,,,,,,,,,,,,492.0,0.0,210.0,0.0,,,,,,,,
2016-06-01,,,,,,,,,,,,,416.0,0.0,22.0,0.0,,,,,,,,
2016-06-02,,,,,,,,,,,,,674.0,0.0,212.0,0.0,,,,,,,,
2016-06-03,,,,,,,,,,,,,698.0,0.0,138.0,0.0,,,,,,,,
2016-06-06,,,,,,,,,,,,,368.0,0.0,88.0,0.0,,,,,,,,
2016-06-07,,,,,,,,,,,,,272.0,0.0,34.0,0.0,,,,,,,,
2016-06-08,,,,,,,,,,,,,160.0,0.0,24.0,2.0,,,,,,,,
2016-06-13,,,,,,,,,,,,,554.0,0.0,312.0,0.0,,,,,,,,
2016-06-14,,,,,,,,,,,,,700.0,0.0,750.0,0.0,,,,,,,,
2016-06-15,,,,,,,,,,,,,272.0,0.0,18.0,0.0,,,,,,,,
2016-06-16,,,,,,,,,,,,,92.0,0.0,26.0,0.0,,,,,,,,
2016-06-17,,,,,,,,,,,,,118.0,0.0,38.0,0.0,,,,,,,,
2016-06-20,,,,,,,,,,,,,56.0,0.0,78.0,0.0,,,,,,,,
2016-06-21,,,,,,,,,,,,,58.0,0.0,6.0,0.0,,,,,,,,
2016-06-22,,,,,,,,,,,,,54.0,0.0,14.0,0.0,,,,,,,,
2016-06-23,,,,,,,,,,,,,38.0,0.0,20.0,0.0,,,,,,,,
2016-06-24,,,,,,,,,,,,,28.0,0.0,20.0,0.0,,,,,,,,
2016-06-27,,,,,,,,,,,,,196.0,0.0,82.0,0.0,,,,,,,,
2016-06-28,,,,,,,,,,,,,90.0,0.0,40.0,0.0,,,,,,,,
2016-06-29,,,,,,,,,,,,,124.0,0.0,18.0,0.0,,,,,,,,
2016-06-30,,,,,,,,,,,,,192.0,0.0,38.0,0.0,,,,,,,,
2016-07-01,,,,,,,,,,,,,6.0,0.0,58.0,0.0,,,,,,,,
2016-07-04,,,,,,,,,,,,,0.0,0.0,120.0,0.0,,,,,,,,
2016-07-05,,,,,,,,,,,,,0.0,0.0,48.0,0.0,,,,,,,,
2016-07-06,,,,,,,,,,,,,262.0,0.0,6.0,0.0,,,,,,,,
2016-07-07,,,,,,,,,,,,,12.0,0.0,42.0,0.0,,,,,,,,
2016-07-08,,,,,,,,,,,,,34.0,0.0,138.0,0.0,,,,,,,,
2016-07-11,,,,,,,,,,,,,0.0,0.0,34.0,0.0,,,,,,,,
2016-07-12,,,,,,,,,,,,,0.0,0.0,88.0,0.0,,,,,,,,
2016-07-13,,,,,,,,,,,,,0.0,0.0,840.0,0.0,,,,,,,,
2016-07-14,,,,,,,,,,,,,0.0,0.0,96.0,0.0,,,,,,,,
2016-07-15,,,,,,,,,,,,,,0.0,24.0,0.0,0.0,,,,,,,
2016-07-18,,,,,,,,,,,,,,0.0,70.0,0.0,0.0,,,,,,,
2016-07-19,,,,,,,,,,,,,,0.0,102.0,0.0,0.0,,,,,,,
2016-07-20,,,,,,,,,,,,,,0.0,32.0,0.0,0.0,,,,,,,
2016-07-21,,,,,,,,,,,,,,0.0,558.0,0.0,0.0,,,,,,,
2016-07-22,,,,,,,,,,,,,,0.0,164.0,0.0,0.0,,,,,,,
2016-07-25,,,,,,,,,,,,,,0.0,38.0,0.0,0.0,,,,,,,
2016-07-26,,,,,,,,,,,,,,0.0,230.0,0.0,0.0,,,,,,,
2016-07-27,,,,,,,,,,,,,,0.0,56.0,0.0,0.0,,,,,,,
2016-07-28,,,,,,,,,,,,,,0.0,20.0,0.0,0.0,,,,,,,
2016-07-29,,,,,,,,,,,,,,0.0,22.0,0.0,0.0,,,,,,,
2016-08-01,,,,,,,,,,,,,,0.0,10.0,0.0,0.0,,,,,,,
2016-08-02,,,,,,,,,,,,,,0.0,42.0,0.0,0.0,,,,,,,
2016-08-03,,,,,,,,,,,,,,0.0,0.0,0.0,0.0,,,,,,,
2016-08-04,,,,,,,,,,,,,,0.0,2.0,0.0,0.0,,,,,,,
2016-08-05,,,,,,,,,,,,,,0.0,0.0,0.0,0.0,,,,,,,
2016-08-08,,,,,,,,,,,,,,0.0,2.0,0.0,0.0,,,,,,,
2016-08-09,,,,,,,,,,,,,,0.0,42.0,0.0,0.0,,,,,,,
2016-08-10,,,,,,,,,,,,,,0.0,0.0,0.0,0.0,,,,,,,
2016-08-11,,,,,,,,,,,,,,0.0,8.0,0.0,0.0,,,,,,,
2016-08-12,,,,,,,,,,,,,,0.0,20.0,0.0,0.0,,,,,,,
2016-08-15,,,,,,,,,,,,,,,0.0,0.0,0.0,0.0,,,,,,
2016-08-16,,,,,,,,,,,,,,,22.0,0.0,0.0,0.0,,,,,,
2016-08-17,,,,,,,,,,,,,,,36.0,0.0,0.0,0.0,,,,,,
2016-08-18,,,,,,,,,,,,,,,50.0,0.0,0.0,0.0,,,,,,
2016-08-19,,,,,,,,,,,,,,,54.0,0.0,0.0,0.0,,,,,,
2016-08-22,,,,,,,,,,,,,,,12.0,0.0,0.0,0.0,,,,,,
2016-08-23,,,,,,,,,,,,,,,4.0,0.0,0.0,0.0,,,,,,
2016-08-24,,,,,,,,,,,,,,,0.0,0.0,0.0,0.0,,,,,,
2016-08-25,,,,,,,,,,,,,,,2.0,0.0,0.0,0.0,,,,,,
2016-08-26,,,,,,,,,,,,,,,0.0,0.0,0.0,0.0,,,,,,
2016-08-29,,,,,,,,,,,,,,,6.0,0.0,0.0,0.0,,,,,,
2016-08-30,,,,,,,,,,,,,,,0.0,0.0,0.0,0.0,,,,,,
2016-08-31,,,,,,,,,,,,,,,0.0,0.0,0.0,0.0,,,,,,
2016-09-01,,,,,,,,,,,,,,,0.0,0.0,0.0,0.0,,,,,,
2016-09-02,,,,,,,,,,,,,,,0.0,0.0,0.0,0.0,,,,,,
2016-09-05,,,,,,,,,,,,,,,0.0,0.0,0.0,0.0,,,,,,
2016-09-06,,,,,,,,,,,,,,,0.0,0.0,0.0,0.0,,,,,,
2016-09-07,,,,,,,,,,,,,,,0.0,0.0,0.0,0.0,,,,,,
2016-09-08,,,,,,,,,,,,,,,0.0,0.0,0.0,0.0,,,,,,
2016-09-09,,,,,,,,,,,,,,,0.0,0.0,0.0,0.0,,,,,,
2016-09-12,,,,,,,,,,,,,,,0.0,0.0,0.0,0.0,,,,,,
2016-09-13,,,,,,,,,,,,,,,0.0,0.0,0.0,0.0,,,,,,
2016-09-14,,,,,,,,,,,,,,,0.0,0.0,0.0,0.0,,,,,,
2016-09-19,,,,,,,,,,,,,,,,0.0,0.0,0.0,0.0,,,,,
2016-09-20,,,,,,,,,,,,,,,,0.0,0.0,0.0,0.0,,,,,
2016-09-21,,,,,,,,,,,,,,,,0.0,0.0,0.0,0.0,,,,,
2016-09-22,,,,,,,,,,,,,,,,0.0,0.0,0.0,0.0,,,,,
2016-09-23,,,,,,,,,,,,,,,,0.0,0.0,0.0,0.0,,,,,
2016-09-26,,,,,,,,,,,,,,,,0.0,0.0,0.0,0.0,,,,,
2016-09-27,,,,,,,,,,,,,,,,0.0,0.0,0.0,0.0,,,,,
2016-09-28,,,,,,,,,,,,,,,,0.0,0.0,0.0,0.0,,,,,
2016-09-29,,,,,,,,,,,,,,,,0.0,0.0,0.0,0.0,,,,,
2016-09-30,,,,,,,,,,,,,,,,0.0,0.0,0.0,0.0,,,,,
2016-10-10,,,,,,,,,,,,,,,,0.0,0.0,0.0,0.0,,,,,
2016-10-11,,,,,,,,,,,,,,,,0.0,0.0,0.0,0.0,,,,,
2016-10-12,,,,,,,,,,,,,,,,0.0,0.0,0.0,0.0,,,,,
2016-10-13,,,,,,,,,,,,,,,,0.0,0.0,0.0,0.0,,,,,
2016-10-14,,,,,,,,,,,,,,,,0.0,0.0,0.0,0.0,,,,,
2016-10-17,,,,,,,,,,,,,,,,0.0,0.0,0.0,0.0,,,,,
2016-10-18,,,,,,,,,,,,,,,,0.0,0.0,0.0,0.0,,,,,
2016-10-19,,,,,,,,,,,,,,,,0.0,0.0,0.0,0.0,,,,,
2016-10-20,,,,,,,,,,,,,,,,0.0,0.0,0.0,0.0,,,,,
2016-10-21,,,,,,,,,,,,,,,,0.0,0.0,0.0,0.0,,,,,
2016-10-24,,,,,,,,,,,,,,,,0.0,0.0,0.0,0.0,,,,,
2016-10-25,,,,,,,,,,,,,,,,0.0,0.0,0.0,0.0,,,,,
2016-10-26,,,,,,,,,,,,,,,,0.0,0.0,0.0,0.0,,,,,
2016-10-27,,,,,,,,,,,,,,,,0.0,0.0,0.0,0.0,,,,,
2016-10-28,,,,,,,,,,,,,,,,0.0,0.0,0.0,0.0,,,,,
2016-10-31,,,,,,,,,,,,,,,,0.0,0.0,0.0,0.0,,,,,
2016-11-01,,,,,,,,,,,,,,,,0.0,0.0,0.0,0.0,,,,,
2016-11-02,,,,,,,,,,,,,,,,0.0,0.0,0.0,0.0,,,,,
2016-11-03,,,,,,,,,,,,,,,,0.0,0.0,0.0,0.0,,,,,
2016-11-04,,,,,,,,,,,,,,,,0.0,0.0,0.0,0.0,,,,,
2016-11-07,,,,,,,,,,,,,,,,0.0,0.0,0.0,0.0,,,,,
2016-11-08,,,,,,,,,,,,,,,,0.0,0.0,0.0,0.0,,,,,
2016-11-09,,,,,,,,,,,,,,,,0.0,0.0,0.0,0.0,,,,,
2016-11-10,,,,,,,,,,,,,,,,0.0,0.0,0.0,0.0,,,,,
2016-11-11,,,,,,,,,,,,,,,,0.0,0.0,0.0,0.0,,,,,
2016-11-14,,,,,,,,,,,,,,,,0.0,0.0,0.0,0.0,,,,,
2016-11-15,,,,,,,,,,,,,,,,,32.0,0.0,0.0,0.0,,,,
2016-11-16,,,,,,,,,,,,,,,,,242.0,0.0,0.0,0.0,,,,
2016-11-17,,,,,,,,,,,,,,,,,424.0,0.0,0.0,0.0,,,,
2016-11-18,,,,,,,,,,,,,,,,,1158.0,2.0,0.0,0.0,,,,
2016-11-21,,,,,,,,,,,,,,,,,308.0,4.0,0.0,0.0,,,,
2016-11-22,,,,,,,,,,,,,,,,,228.0,0.0,0.0,0.0,,,,
2016-11-23,,,,,,,,,,,,,,,,,76.0,0.0,0.0,0.0,,,,
2016-11-24,,,,,,,,,,,,,,,,,92.0,0.0,0.0,0.0,,,,
2016-11-25,,,,,,,,,,,,,,,,,40.0,2.0,0.0,0.0,,,,
2016-11-28,,,,,,,,,,,,,,,,,112.0,6.0,0.0,18.0,,,,
2016-11-29,,,,,,,,,,,,,,,,,78.0,0.0,0.0,0.0,,,,
2016-11-30,,,,,,,,,,,,,,,,,402.0,2.0,0.0,0.0,,,,
2016-12-01,,,,,,,,,,,,,,,,,62.0,2.0,0.0,0.0,,,,
2016-12-02,,,,,,,,,,,,,,,,,30.0,0.0,0.0,0.0,,,,
2016-12-05,,,,,,,,,,,,,,,,,136.0,0.0,16.0,0.0,,,,
2016-12-06,,,,,,,,,,,,,,,,,130.0,0.0,2.0,0.0,,,,
2016-12-07,,,,,,,,,,,,,,,,,60.0,0.0,0.0,0.0,,,,
2016-12-08,,,,,,,,,,,,,,,,,4.0,0.0,0.0,0.0,,,,
2016-12-09,,,,,,,,,,,,,,,,,12.0,0.0,0.0,0.0,,,,
2016-12-12,,,,,,,,,,,,,,,,,28.0,0.0,0.0,0.0,,,,
2016-12-13,,,,,,,,,,,,,,,,,46.0,2.0,0.0,0.0,,,,
2016-12-14,,,,,,,,,,,,,,,,,44.0,0.0,0.0,0.0,,,,
2016-12-15,,,,,,,,,,,,,,,,,46.0,0.0,2.0,0.0,,,,
2016-12-16,,,,,,,,,,,,,,,,,2.0,0.0,0.0,0.0,,,,
2016-12-19,,,,,,,,,,,,,,,,,0.0,0.0,0.0,0.0,,,,
2016-12-20,,,,,,,,,,,,,,,,,8.0,0.0,0.0,0.0,,,,
2016-12-21,,,,,,,,,,,,,,,,,0.0,0.0,0.0,0.0,,,,
2016-12-22,,,,,,,,,,,,,,,,,4.0,0.0,0.0,0.0,,,,
2016-12-23,,,,,,,,,,,,,,,,,26.0,0.0,0.0,0.0,,,,
2016-12-26,,,,,,,,,,,,,,,,,28.0,0.0,0.0,0.0,,,,
2016-12-27,,,,,,,,,,,,,,,,,26.0,0.0,0.0,0.0,,,,
2016-12-28,,,,,,,,,,,,,,,,,34.0,0.0,0.0,0.0,,,,
2016-12-29,,,,,,,,,,,,,,,,,2.0,0.0,0.0,0.0,,,,
2016-12-30,,,,,,,,,,,,,,,,,106.0,0.0,0.0,0.0,,,,
2017-01-03,,,,,,,,,,,,,,,,,26.0,0.0,0.0,0.0,,,,
2017-01-04,,,,,,,,,,,,,,,,,40.0,0.0,0.0,0.0,,,,
2017-01-05,,,,,,,,,,,,,,,,,0.0,0.0,0.0,0.0,,,,
2017-01-06,,,,,,,,,,,,,,,,,60.0,0.0,0.0,0.0,,,,
2017-01-09,,,,,,,,,,,,,,,,,20.0,0.0,0.0,0.0,,,,
2017-01-10,,,,,,,,,,,,,,,,,10.0,0.0,0.0,0.0,,,,
2017-01-11,,,,,,,,,,,,,,,,,24.0,0.0,0.0,0.0,,,,
2017-01-12,,,,,,,,,,,,,,,,,6.0,0.0,0.0,0.0,,,,
2017-01-13,,,,,,,,,,,,,,,,,78.0,0.0,0.0,0.0,,,,
2017-01-16,,,,,,,,,,,,,,,,,52.0,0.0,0.0,0.0,,,,
2017-01-17,,,,,,,,,,,,,,,,,10.0,0.0,0.0,0.0,,,,
2017-01-18,,,,,,,,,,,,,,,,,2.0,0.0,0.0,0.0,,,,
2017-01-19,,,,,,,,,,,,,,,,,2.0,0.0,0.0,0.0,,,,
2017-01-20,,,,,,,,,,,,,,,,,0.0,0.0,0.0,0.0,,,,
2017-01-23,,,,,,,,,,,,,,,,,18.0,0.0,2.0,0.0,,,,
2017-01-24,,,,,,,,,,,,,,,,,342.0,0.0,2.0,0.0,,,,
2017-01-25,,,,,,,,,,,,,,,,,14.0,0.0,0.0,0.0,,,,
2017-01-26,,,,,,,,,,,,,,,,,34.0,0.0,0.0,0.0,,,,
2017-02-03,,,,,,,,,,,,,,,,,0.0,0.0,0.0,0.0,,,,
2017-02-06,,,,,,,,,,,,,,,,,14.0,0.0,0.0,0.0,,,,
2017-02-07,,,,,,,,,,,,,,,,,6.0,0.0,0.0,0.0,,,,
2017-02-08,,,,,,,,,,,,,,,,,46.0,0.0,0.0,0.0,,,,
2017-02-09,,,,,,,,,,,,,,,,,8.0,0.0,0.0,0.0,,,,
2017-02-10,,,,,,,,,,,,,,,,,0.0,0.0,0.0,0.0,,,,
2017-02-13,,,,,,,,,,,,,,,,,100.0,0.0,0.0,0.0,,,,
2017-02-14,,,,,,,,,,,,,,,,,40.0,0.0,0.0,0.0,,,,
2017-02-15,,,,,,,,,,,,,,,,,6.0,0.0,0.0,0.0,,,,
2017-02-16,,,,,,,,,,,,,,,,,8.0,0.0,0.0,0.0,,,,
2017-02-17,,,,,,,,,,,,,,,,,4.0,0.0,0.0,0.0,,,,
2017-02-20,,,,,,,,,,,,,,,,,12.0,0.0,0.0,4.0,,,,
2017-02-21,,,,,,,,,,,,,,,,,10.0,0.0,0.0,0.0,,,,
2017-02-22,,,,,,,,,,,,,,,,,0.0,0.0,0.0,0.0,,,,
2017-02-23,,,,,,,,,,,,,,,,,34.0,0.0,0.0,0.0,,,,
2017-02-24,,,,,,,,,,,,,,,,,38.0,0.0,0.0,0.0,,,,
2017-02-27,,,,,,,,,,,,,,,,,20.0,0.0,0.0,0.0,,,,
2017-02-28,,,,,,,,,,,,,,,,,6.0,0.0,0.0,0.0,,,,
2017-03-01,,,,,,,,,,,,,,,,,20.0,0.0,0.0,0.0,,,,
2017-03-02,,,,,,,,,,,,,,,,,44.0,0.0,42.0,0.0,,,,
2017-03-03,,,,,,,,,,,,,,,,,24.0,0.0,20.0,0.0,,,,
2017-03-06,,,,,,,,,,,,,,,,,46.0,0.0,0.0,0.0,,,,
2017-03-07,,,,,,,,,,,,,,,,,104.0,0.0,0.0,0.0,,,,
2017-03-08,,,,,,,,,,,,,,,,,12.0,0.0,0.0,0.0,,,,
2017-03-09,,,,,,,,,,,,,,,,,82.0,0.0,0.0,0.0,,,,
2017-03-10,,,,,,,,,,,,,,,,,42.0,0.0,0.0,0.0,,,,
2017-03-13,,,,,,,,,,,,,,,,,78.0,0.0,0.0,0.0,,,,
2017-03-14,,,,,,,,,,,,,,,,,24.0,0.0,0.0,0.0,,,,
2017-03-15,,,,,,,,,,,,,,,,,14.0,0.0,0.0,0.0,,,,
2017-03-16,,,,,,,,,,,,,,,,,6.0,0.0,0.0,0.0,,,,
2017-03-17,,,,,,,,,,,,,,,,,0.0,0.0,0.0,0.0,,,,
2017-03-20,,,,,,,,,,,,,,,,,114.0,0.0,0.0,0.0,,,,
2017-03-21,,,,,,,,,,,,,,,,,36.0,0.0,0.0,0.0,,,,
2017-03-22,,,,,,,,,,,,,,,,,16.0,0.0,0.0,0.0,,,,
2017-03-23,,,,,,,,,,,,,,,,,0.0,0.0,0.0,0.0,,,,
2017-03-24,,,,,,,,,,,,,,,,,32.0,0.0,0.0,0.0,,,,
2017-03-27,,,,,,,,,,,,,,,,,6.0,0.0,0.0,0.0,,,,
2017-03-28,,,,,,,,,,,,,,,,,0.0,0.0,0.0,0.0,,,,
2017-03-29,,,,,,,,,,,,,,,,,14.0,0.0,0.0,0.0,,,,
2017-03-30,,,,,,,,,,,,,,,,,0.0,0.0,0.0,0.0,,,,
2017-03-31,,,,,,,,,,,,,,,,,46.0,0.0,0.0,0.0,,,,
2017-04-05,,,,,,,,,,,,,,,,,0.0,0.0,0.0,0.0,,,,
2017-04-06,,,,,,,,,,,,,,,,,0.0,0.0,0.0,0.0,,,,
2017-04-07,,,,,,,,,,,,,,,,,24.0,0.0,0.0,0.0,,,,
2017-04-10,,,,,,,,,,,,,,,,,6.0,0.0,0.0,0.0,,,,
2017-04-11,,,,,,,,,,,,,,,,,4.0,0.0,0.0,0.0,,,,
2017-04-12,,,,,,,,,,,,,,,,,4.0,0.0,0.0,0.0,,,,
2017-04-13,,,,,,,,,,,,,,,,,4.0,0.0,0.0,0.0,,,,
2017-04-14,,,,,,,,,,,,,,,,,20.0,0.0,0.0,0.0,,,,
2017-04-17,,,,,,,,,,,,,,,,,16.0,0.0,0.0,0.0,,,,
2017-04-18,,,,,,,,,,,,,,,,,16.0,0.0,0.0,0.0,,,,
2017-04-19,,,,,,,,,,,,,,,,,6.0,0.0,0.0,0.0,,,,
2017-04-20,,,,,,,,,,,,,,,,,2.0,0.0,0.0,0.0,,,,
2017-04-21,,,,,,,,,,,,,,,,,12.0,0.0,8.0,0.0,,,,
2017-04-24,,,,,,,,,,,,,,,,,12.0,0.0,0.0,0.0,,,,
2017-04-25,,,,,,,,,,,,,,,,,4.0,0.0,0.0,0.0,,,,
2017-04-26,,,,,,,,,,,,,,,,,8.0,0.0,0.0,0.0,,,,
2017-04-27,,,,,,,,,,,,,,,,,26.0,0.0,0.0,0.0,,,,
2017-04-28,,,,,,,,,,,,,,,,,20.0,0.0,0.0,0.0,,,,
2017-05-02,,,,,,,,,,,,,,,,,2.0,0.0,0.0,0.0,,,,
2017-05-03,,,,,,,,,,,,,,,,,0.0,8.0,0.0,0.0,,,,
2017-05-04,,,,,,,,,,,,,,,,,8.0,6.0,0.0,0.0,,,,
2017-05-05,,,,,,,,,,,,,,,,,0.0,0.0,4.0,0.0,,,,
2017-05-08,,,,,,,,,,,,,,,,,6.0,0.0,10.0,0.0,,,,
2017-05-09,,,,,,,,,,,,,,,,,4.0,0.0,24.0,0.0,,,,
2017-05-10,,,,,,,,,,,,,,,,,28.0,0.0,2.0,0.0,,,,
2017-05-11,,,,,,,,,,,,,,,,,24.0,0.0,0.0,0.0,,,,
2017-05-12,,,,,,,,,,,,,,,,,36.0,0.0,4.0,0.0,,,,
2017-05-15,,,,,,,,,,,,,,,,,14.0,0.0,0.0,0.0,,,,
2017-05-16,,,,,,,,,,,,,,,,,2.0,0.0,0.0,0.0,,,,
2017-05-17,,,,,,,,,,,,,,,,,2.0,0.0,0.0,0.0,,,,
2017-05-18,,,,,,,,,,,,,,,,,0.0,0.0,0.0,0.0,,,,
2017-05-19,,,,,,,,,,,,,,,,,18.0,0.0,0.0,0.0,,,,
2017-05-22,,,,,,,,,,,,,,,,,2.0,0.0,0.0,0.0,,,,
2017-05-23,,,,,,,,,,,,,,,,,0.0,0.0,0.0,0.0,,,,
2017-05-24,,,,,,,,,,,,,,,,,0.0,0.0,0.0,0.0,,,,
2017-05-25,,,,,,,,,,,,,,,,,6.0,0.0,0.0,0.0,,,,
2017-05-26,,,,,,,,,,,,,,,,,64.0,0.0,0.0,0.0,,,,
2017-05-31,,,,,,,,,,,,,,,,,0.0,0.0,0.0,0.0,,,,
2017-06-01,,,,,,,,,,,,,,,,,44.0,0.0,0.0,0.0,,,,
2017-06-02,,,,,,,,,,,,,,,,,22.0,0.0,0.0,0.0,,,,
2017-06-05,,,,,,,,,,,,,,,,,10.0,0.0,0.0,0.0,,,,
2017-06-06,,,,,,,,,,,,,,,,,10.0,0.0,0.0,0.0,,,,
2017-06-07,,,,,,,,,,,,,,,,,82.0,0.0,0.0,0.0,,,,
2017-06-08,,,,,,,,,,,,,,,,,26.0,4.0,0.0,0.0,,,,
2017-06-09,,,,,,,,,,,,,,,,,18.0,0.0,4.0,0.0,,,,
2017-06-12,,,,,,,,,,,,,,,,,12.0,0.0,0.0,0.0,,,,
2017-06-13,,,,,,,,,,,,,,,,,12.0,0.0,0.0,0.0,,,,
2017-06-14,,,,,,,,,,,,,,,,,130.0,0.0,6.0,0.0,,,,
2017-06-15,,,,,,,,,,,,,,,,,40.0,6.0,0.0,0.0,,,,
2017-06-16,,,,,,,,,,,,,,,,,20.0,0.0,0.0,0.0,,,,
2017-06-19,,,,,,,,,,,,,,,,,30.0,4.0,0.0,0.0,,,,
2017-06-20,,,,,,,,,,,,,,,,,44.0,2.0,0.0,0.0,,,,
2017-06-21,,,,,,,,,,,,,,,,,76.0,0.0,0.0,0.0,,,,
2017-06-22,,,,,,,,,,,,,,,,,22.0,0.0,0.0,0.0,,,,
2017-06-23,,,,,,,,,,,,,,,,,2.0,0.0,0.0,0.0,,,,
2017-06-26,,,,,,,,,,,,,,,,,52.0,0.0,0.0,0.0,,,,
2017-06-27,,,,,,,,,,,,,,,,,16.0,0.0,0.0,0.0,,,,
2017-06-28,,,,,,,,,,,,,,,,,8.0,0.0,0.0,0.0,,,,
2017-06-29,,,,,,,,,,,,,,,,,14.0,0.0,2.0,0.0,,,,
2017-06-30,,,,,,,,,,,,,,,,,76.0,0.0,2.0,0.0,,,,
2017-07-03,,,,,,,,,,,,,,,,,0.0,0.0,4.0,0.0,,,,
2017-07-04,,,,,,,,,,,,,,,,,0.0,0.0,8.0,0.0,,,,
2017-07-05,,,,,,,,,,,,,,,,,0.0,0.0,0.0,0.0,,,,
2017-07-06,,,,,,,,,,,,,,,,,0.0,0.0,28.0,26.0,,,,
2017-07-07,,,,,,,,,,,,,,,,,0.0,0.0,16.0,0.0,,,,
2017-07-10,,,,,,,,,,,,,,,,,0.0,0.0,18.0,0.0,,,,
2017-07-11,,,,,,,,,,,,,,,,,0.0,0.0,30.0,0.0,,,,
2017-07-12,,,,,,,,,,,,,,,,,0.0,0.0,2.0,0.0,,,,
2017-07-13,,,,,,,,,,,,,,,,,0.0,0.0,10.0,0.0,,,,
2017-07-14,,,,,,,,,,,,,,,,,0.0,0.0,48.0,0.0,,,,
2017-07-17,,,,,,,,,,,,,,,,,,0.0,26.0,0.0,0.0,,,
2017-07-18,,,,,,,,,,,,,,,,,,0.0,46.0,0.0,0.0,,,
2017-07-19,,,,,,,,,,,,,,,,,,0.0,0.0,0.0,0.0,,,
2017-07-20,,,,,,,,,,,,,,,,,,0.0,30.0,0.0,0.0,,,
2017-07-21,,,,,,,,,,,,,,,,,,0.0,6.0,0.0,0.0,,,
2017-07-24,,,,,,,,,,,,,,,,,,0.0,16.0,0.0,0.0,,,
2017-07-25,,,,,,,,,,,,,,,,,,0.0,8.0,0.0,0.0,,,
2017-07-26,,,,,,,,,,,,,,,,,,0.0,0.0,0.0,0.0,,,
2017-07-27,,,,,,,,,,,,,,,,,,0.0,38.0,0.0,0.0,,,
2017-07-28,,,,,,,,,,,,,,,,,,0.0,12.0,0.0,0.0,,,
2017-07-31,,,,,,,,,,,,,,,,,,0.0,0.0,0.0,0.0,,,
2017-08-01,,,,,,,,,,,,,,,,,,0.0,18.0,0.0,0.0,,,
2017-08-02,,,,,,,,,,,,,,,,,,0.0,6.0,0.0,0.0,,,
2017-08-03,,,,,,,,,,,,,,,,,,0.0,50.0,0.0,0.0,,,
2017-08-04,,,,,,,,,,,,,,,,,,0.0,6.0,0.0,0.0,,,
2017-08-07,,,,,,,,,,,,,,,,,,0.0,0.0,0.0,0.0,,,
2017-08-08,,,,,,,,,,,,,,,,,,0.0,0.0,0.0,0.0,,,
2017-08-09,,,,,,,,,,,,,,,,,,0.0,2.0,0.0,0.0,,,
2017-08-10,,,,,,,,,,,,,,,,,,0.0,0.0,0.0,0.0,,,
2017-08-11,,,,,,,,,,,,,,,,,,0.0,14.0,4.0,0.0,,,
2017-08-14,,,,,,,,,,,,,,,,,,0.0,8.0,0.0,0.0,,,
2017-08-15,,,,,,,,,,,,,,,,,,,0.0,0.0,0.0,0.0,,
2017-08-16,,,,,,,,,,,,,,,,,,,0.0,0.0,0.0,0.0,,
2017-08-17,,,,,,,,,,,,,,,,,,,2.0,0.0,0.0,0.0,,
2017-08-18,,,,,,,,,,,,,,,,,,,0.0,2.0,0.0,0.0,,
2017-08-21,,,,,,,,,,,,,,,,,,,2.0,10.0,0.0,0.0,,
2017-08-22,,,,,,,,,,,,,,,,,,,0.0,0.0,0.0,0.0,,
2017-08-23,,,,,,,,,,,,,,,,,,,0.0,0.0,0.0,0.0,,
2017-08-24,,,,,,,,,,,,,,,,,,,0.0,0.0,0.0,0.0,,
2017-08-25,,,,,,,,,,,,,,,,,,,2.0,0.0,0.0,0.0,,
2017-08-28,,,,,,,,,,,,,,,,,,,6.0,0.0,0.0,0.0,,
2017-08-29,,,,,,,,,,,,,,,,,,,0.0,0.0,0.0,0.0,,
2017-08-30,,,,,,,,,,,,,,,,,,,0.0,0.0,0.0,0.0,,
2017-08-31,,,,,,,,,,,,,,,,,,,6.0,6.0,0.0,0.0,,
2017-09-01,,,,,,,,,,,,,,,,,,,2.0,0.0,0.0,0.0,,
2017-09-04,,,,,,,,,,,,,,,,,,,0.0,0.0,0.0,0.0,,
2017-09-05,,,,,,,,,,,,,,,,,,,0.0,0.0,0.0,0.0,,
2017-09-06,,,,,,,,,,,,,,,,,,,0.0,0.0,0.0,0.0,,
2017-09-07,,,,,,,,,,,,,,,,,,,0.0,0.0,0.0,0.0,,
2017-09-08,,,,,,,,,,,,,,,,,,,0.0,0.0,0.0,0.0,,
2017-09-11,,,,,,,,,,,,,,,,,,,0.0,0.0,0.0,0.0,,
2017-09-12,,,,,,,,,,,,,,,,,,,0.0,0.0,0.0,0.0,,
2017-09-13,,,,,,,,,,,,,,,,,,,0.0,0.0,0.0,0.0,,
2017-09-14,,,,,,,,,,,,,,,,,,,0.0,0.0,0.0,0.0,,
2017-09-15,,,,,,,,,,,,,,,,,,,,0.0,0.0,0.0,0.0,
2017-09-18,,,,,,,,,,,,,,,,,,,,0.0,0.0,0.0,0.0,
2017-09-19,,,,,,,,,,,,,,,,,,,,0.0,0.0,0.0,0.0,
2017-09-20,,,,,,,,,,,,,,,,,,,,0.0,0.0,0.0,0.0,
2017-09-21,,,,,,,,,,,,,,,,,,,,0.0,0.0,0.0,0.0,
2017-09-22,,,,,,,,,,,,,,,,,,,,2.0,0.0,0.0,0.0,
2017-09-25,,,,,,,,,,,,,,,,,,,,4.0,0.0,0.0,0.0,
2017-09-26,,,,,,,,,,,,,,,,,,,,0.0,0.0,0.0,0.0,
2017-09-27,,,,,,,,,,,,,,,,,,,,0.0,0.0,0.0,0.0,
2017-09-28,,,,,,,,,,,,,,,,,,,,0.0,0.0,0.0,0.0,
2017-09-29,,,,,,,,,,,,,,,,,,,,0.0,20.0,0.0,0.0,
2017-10-09,,,,,,,,,,,,,,,,,,,,0.0,18.0,0.0,0.0,
2017-10-10,,,,,,,,,,,,,,,,,,,,0.0,0.0,0.0,0.0,
2017-10-11,,,,,,,,,,,,,,,,,,,,0.0,0.0,0.0,0.0,
2017-10-12,,,,,,,,,,,,,,,,,,,,0.0,2.0,0.0,0.0,
2017-10-13,,,,,,,,,,,,,,,,,,,,0.0,0.0,0.0,0.0,
2017-10-16,,,,,,,,,,,,,,,,,,,,0.0,0.0,0.0,0.0,
2017-10-17,,,,,,,,,,,,,,,,,,,,0.0,0.0,0.0,0.0,
2017-10-18,,,,,,,,,,,,,,,,,,,,0.0,12.0,0.0,0.0,
2017-10-19,,,,,,,,,,,,,,,,,,,,0.0,4.0,0.0,0.0,
2017-10-20,,,,,,,,,,,,,,,,,,,,0.0,4.0,0.0,0.0,
2017-10-23,,,,,,,,,,,,,,,,,,,,0.0,0.0,0.0,0.0,
2017-10-24,,,,,,,,,,,,,,,,,,,,0.0,0.0,0.0,0.0,
2017-10-25,,,,,,,,,,,,,,,,,,,,0.0,0.0,0.0,0.0,
2017-10-26,,,,,,,,,,,,,,,,,,,,0.0,0.0,0.0,0.0,
2017-10-27,,,,,,,,,,,,,,,,,,,,0.0,0.0,0.0,0.0,
2017-10-30,,,,,,,,,,,,,,,,,,,,0.0,0.0,0.0,0.0,
2017-10-31,,,,,,,,,,,,,,,,,,,,0.0,0.0,0.0,0.0,
2017-11-01,,,,,,,,,,,,,,,,,,,,0.0,0.0,0.0,0.0,
2017-11-02,,,,,,,,,,,,,,,,,,,,0.0,0.0,0.0,0.0,
2017-11-03,,,,,,,,,,,,,,,,,,,,0.0,0.0,0.0,0.0,
2017-11-06,,,,,,,,,,,,,,,,,,,,0.0,0.0,0.0,0.0,
2017-11-07,,,,,,,,,,,,,,,,,,,,0.0,0.0,0.0,0.0,
2017-11-08,,,,,,,,,,,,,,,,,,,,0.0,0.0,0.0,0.0,
2017-11-09,,,,,,,,,,,,,,,,,,,,0.0,0.0,0.0,0.0,
2017-11-10,,,,,,,,,,,,,,,,,,,,0.0,12.0,0.0,0.0,
2017-11-13,,,,,,,,,,,,,,,,,,,,0.0,0.0,0.0,0.0,
2017-11-14,,,,,,,,,,,,,,,,,,,,0.0,0.0,0.0,0.0,
2017-11-15,,,,,,,,,,,,,,,,,,,,,0.0,0.0,0.0,0.0
2017-11-16,,,,,,,,,,,,,,,,,,,,,0.0,0.0,0.0,0.0
2017-11-17,,,,,,,,,,,,,,,,,,,,,0.0,0.0,0.0,0.0
2017-11-20,,,,,,,,,,,,,,,,,,,,,4.0,0.0,0.0,0.0
2017-11-21,,,,,,,,,,,,,,,,,,,,,8.0,0.0,0.0,0.0
2017-11-22,,,,,,,,,,,,,,,,,,,,,0.0,0.0,0.0,0.0
2017-11-23,,,,,,,,,,,,,,,,,,,,,0.0,0.0,0.0,0.0
2017-11-24,,,,,,,,,,,,,,,,,,,,,0.0,0.0,0.0,0.0
2017-11-27,,,,,,,,,,,,,,,,,,,,,0.0,0.0,0.0,0.0
2017-11-28,,,,,,,,,,,,,,,,,,,,,0.0,0.0,0.0,0.0
2017-11-29,,,,,,,,,,,,,,,,,,,,,0.0,0.0,0.0,0.0
2017-11-30,,,,,,,,,,,,,,,,,,,,,0.0,0.0,0.0,0.0
2017-12-01,,,,,,,,,,,,,,,,,,,,,6.0,0.0,0.0,0.0
2017-12-04,,,,,,,,,,,,,,,,,,,,,0.0,0.0,0.0,0.0
2017-12-05,,,,,,,,,,,,,,,,,,,,,0.0,0.0,0.0,0.0
2017-12-06,,,,,,,,,,,,,,,,,,,,,0.0,0.0,0.0,0.0
2017-12-07,,,,,,,,,,,,,,,,,,,,,8.0,0.0,0.0,0.0
2017-12-08,,,,,,,,,,,,,,,,,,,,,0.0,0.0,0.0,0.0
2017-12-11,,,,,,,,,,,,,,,,,,,,,0.0,0.0,0.0,0.0
2017-12-12,,,,,,,,,,,,,,,,,,,,,0.0,0.0,0.0,0.0
2017-12-13,,,,,,,,,,,,,,,,,,,,,0.0,0.0,0.0,0.0
2017-12-14,,,,,,,,,,,,,,,,,,,,,0.0,0.0,0.0,0.0
2017-12-15,,,,,,,,,,,,,,,,,,,,,0.0,0.0,0.0,0.0
2017-12-18,,,,,,,,,,,,,,,,,,,,,4.0,0.0,0.0,0.0
2017-12-19,,,,,,,,,,,,,,,,,,,,,0.0,0.0,0.0,0.0
2017-12-20,,,,,,,,,,,,,,,,,,,,,0.0,0.0,0.0,0.0
2017-12-21,,,,,,,,,,,,,,,,,,,,,0.0,0.0,0.0,0.0
2017-12-22,,,,,,,,,,,,,,,,,,,,,8.0,0.0,0.0,0.0
2017-12-25,,,,,,,,,,,,,,,,,,,,,0.0,0.0,0.0,0.0
2017-12-26,,,,,,,,,,,,,,,,,,,,,0.0,0.0,0.0,0.0
2017-12-27,,,,,,,,,,,,,,,,,,,,,0.0,0.0,0.0,0.0
2017-12-28,,,,,,,,,,,,,,,,,,,,,0.0,0.0,0.0,0.0
2017-12-29,,,,,,,,,,,,,,,,,,,,,0.0,0.0,0.0,0.0
2018-01-02,,,,,,,,,,,,,,,,,,,,,0.0,0.0,0.0,0.0
2018-01-03,,,,,,,,,,,,,,,,,,,,,0.0,0.0,0.0,0.0
2018-01-04,,,,,,,,,,,,,,,,,,,,,0.0,0.0,0.0,0.0
2018-01-05,,,,,,,,,,,,,,,,,,,,,0.0,0.0,0.0,0.0
2018-01-08,,,,,,,,,,,,,,,,,,,,,0.0,0.0,0.0,0.0
2018-01-09,,,,,,,,,,,,,,,,,,,,,0.0,0.0,0.0,0.0
2018-01-10,,,,,,,,,,,,,,,,,,,,,0.0,0.0,0.0,0.0
2018-01-11,,,,,,,,,,,,,,,,,,,,,0.0,0.0,0.0,0.0
2018-01-12,,,,,,,,,,,,,,,,,,,,,0.0,0.0,0.0,0.0
2018-01-15,,,,,,,,,,,,,,,,,,,,,0.0,0.0,0.0,0.0
2018-01-16,,,,,,,,,,,,,,,,,,,,,0.0,0.0,0.0,0.0
2018-01-17,,,,,,,,,,,,,,,,,,,,,0.0,0.0,0.0,0.0
2018-01-18,,,,,,,,,,,,,,,,,,,,,0.0,0.0,0.0,0.0
2018-01-19,,,,,,,,,,,,,,,,,,,,,0.0,0.0,0.0,0.0
2018-01-22,,,,,,,,,,,,,,,,,,,,,0.0,0.0,0.0,0.0
2018-01-23,,,,,,,,,,,,,,,,,,,,,0.0,0.0,0.0,0.0
2018-01-24,,,,,,,,,,,,,,,,,,,,,0.0,0.0,0.0,0.0
2018-01-25,,,,,,,,,,,,,,,,,,,,,0.0,0.0,0.0,0.0
2018-01-26,,,,,,,,,,,,,,,,,,,,,0.0,0.0,0.0,0.0
2018-01-29,,,,,,,,,,,,,,,,,,,,,0.0,0.0,28.0,0.0
2018-01-30,,,,,,,,,,,,,,,,,,,,,8.0,0.0,4.0,0.0
2018-01-31,,,,,,,,,,,,,,,,,,,,,0.0,0.0,0.0,0.0
2018-02-01,,,,,,,,,,,,,,,,,,,,,0.0,0.0,0.0,0.0
2018-02-02,,,,,,,,,,,,,,,,,,,,,0.0,0.0,0.0,0.0
2018-02-05,,,,,,,,,,,,,,,,,,,,,2.0,0.0,14.0,0.0
2018-02-06,,,,,,,,,,,,,,,,,,,,,0.0,0.0,4.0,0.0
2018-02-07,,,,,,,,,,,,,,,,,,,,,0.0,0.0,0.0,0.0
2018-02-08,,,,,,,,,,,,,,,,,,,,,0.0,0.0,0.0,0.0
2018-02-09,,,,,,,,,,,,,,,,,,,,,0.0,0.0,0.0,0.0
2018-02-12,,,,,,,,,,,,,,,,,,,,,0.0,0.0,20.0,4.0
2018-02-13,,,,,,,,,,,,,,,,,,,,,0.0,0.0,0.0,0.0
2018-02-14,,,,,,,,,,,,,,,,,,,,,0.0,0.0,0.0,0.0
2018-02-22,,,,,,,,,,,,,,,,,,,,,0.0,0.0,0.0,0.0
2018-02-23,,,,,,,,,,,,,,,,,,,,,0.0,0.0,0.0,0.0
2018-02-26,,,,,,,,,,,,,,,,,,,,,0.0,0.0,0.0,0.0
2018-02-27,,,,,,,,,,,,,,,,,,,,,0.0,0.0,0.0,0.0
2018-02-28,,,,,,,,,,,,,,,,,,,,,0.0,0.0,0.0,0.0
2018-03-01,,,,,,,,,,,,,,,,,,,,,0.0,0.0,0.0,0.0
2018-03-02,,,,,,,,,,,,,,,,,,,,,6.0,0.0,0.0,0.0
2018-03-05,,,,,,,,,,,,,,,,,,,,,0.0,0.0,0.0,0.0
2018-03-06,,,,,,,,,,,,,,,,,,,,,0.0,0.0,0.0,0.0
2018-03-07,,,,,,,,,,,,,,,,,,,,,0.0,0.0,0.0,0.0
2018-03-08,,,,,,,,,,,,,,,,,,,,,0.0,0.0,0.0,0.0
2018-03-09,,,,,,,,,,,,,,,,,,,,,0.0,0.0,10.0,0.0
2018-03-12,,,,,,,,,,,,,,,,,,,,,0.0,0.0,0.0,0.0
2018-03-13,,,,,,,,,,,,,,,,,,,,,0.0,0.0,8.0,0.0
2018-03-14,,,,,,,,,,,,,,,,,,,,,0.0,0.0,14.0,0.0
2018-03-15,,,,,,,,,,,,,,,,,,,,,0.0,0.0,0.0,0.0
2018-03-16,,,,,,,,,,,,,,,,,,,,,0.0,0.0,0.0,0.0
2018-03-19,,,,,,,,,,,,,,,,,,,,,0.0,0.0,0.0,0.0
2018-03-20,,,,,,,,,,,,,,,,,,,,,0.0,0.0,0.0,0.0
2018-03-21,,,,,,,,,,,,,,,,,,,,,0.0,0.0,6.0,0.0
2018-03-22,,,,,,,,,,,,,,,,,,,,,2.0,0.0,46.0,0.0
2018-03-23,,,,,,,,,,,,,,,,,,,,,0.0,0.0,0.0,0.0
2018-03-26,,,,,,,,,,,,,,,,,,,,,0.0,0.0,0.0,0.0
2018-03-27,,,,,,,,,,,,,,,,,,,,,0.0,0.0,0.0,0.0
2018-03-28,,,,,,,,,,,,,,,,,,,,,0.0,0.0,6.0,0.0
2018-03-29,,,,,,,,,,,,,,,,,,,,,0.0,0.0,14.0,0.0
2018-03-30,,,,,,,,,,,,,,,,,,,,,0.0,0.0,20.0,0.0
2018-04-02,,,,,,,,,,,,,,,,,,,,,0.0,0.0,14.0,0.0
2018-04-03,,,,,,,,,,,,,,,,,,,,,0.0,0.0,0.0,0.0
2018-04-04,,,,,,,,,,,,,,,,,,,,,0.0,0.0,14.0,0.0
2018-04-09,,,,,,,,,,,,,,,,,,,,,0.0,0.0,152.0,0.0
2018-04-10,,,,,,,,,,,,,,,,,,,,,0.0,0.0,20.0,0.0
2018-04-11,,,,,,,,,,,,,,,,,,,,,0.0,0.0,20.0,0.0
2018-04-12,,,,,,,,,,,,,,,,,,,,,,0.0,6.0,0.0
2018-04-13,,,,,,,,,,,,,,,,,,,,,,0.0,14.0,
2018-04-16,,,,,,,,,,,,,,,,,,,,,0.0,0.0,14.0,0.0
2018-04-17,,,,,,,,,,,,,,,,,,,,,0.0,0.0,26.0,0.0
2018-04-18,,,,,,,,,,,,,,,,,,,,,0.0,0.0,10.0,0.0
2018-04-19,,,,,,,,,,,,,,,,,,,,,0.0,0.0,4.0,0.0
