,SN1507.SHF,SN1508.SHF,SN1509.SHF,SN1510.SHF,SN1511.SHF,SN1512.SHF,SN1601.SHF,SN1602.SHF,SN1603.SHF,SN1604.SHF,SN1605.SHF,SN1606.SHF,SN1607.SHF,SN1608.SHF,SN1609.SHF,SN1610.SHF,SN1611.SHF,SN1612.SHF,SN1701.SHF,SN1702.SHF,SN1703.SHF,SN1704.SHF,SN1705.SHF,SN1706.SHF,SN1707.SHF,SN1708.SHF,SN1709.SHF,SN1710.SHF,SN1711.SHF,SN1712.SHF,SN1801.SHF,SN1802.SHF,SN1803.SHF,SN1804.SHF,SN1805.SHF,SN1806.SHF,SN1807.SHF,SN1808.SHF,SN1809.SHF,SN1810.SHF,SN1811.SHF,SN1812.SHF,SN1901.SHF,SN1902.SHF,SN1903.SHF,SN1904.SHF
2015-03-27,1798.0,10.0,0.0,14.0,0.0,0.0,10.0,0.0,0.0,,,,,,,,,,,,,,,,,,,,,,,,,,,,,,,,,,,,,
2015-03-30,2468.0,38.0,2.0,2.0,0.0,0.0,6.0,2.0,0.0,,,,,,,,,,,,,,,,,,,,,,,,,,,,,,,,,,,,,
2015-03-31,4522.0,0.0,0.0,0.0,0.0,0.0,0.0,0.0,0.0,,,,,,,,,,,,,,,,,,,,,,,,,,,,,,,,,,,,,
2015-04-01,4374.0,12.0,0.0,2.0,0.0,0.0,0.0,2.0,0.0,,,,,,,,,,,,,,,,,,,,,,,,,,,,,,,,,,,,,
2015-04-02,2716.0,0.0,0.0,10.0,0.0,0.0,2.0,0.0,0.0,,,,,,,,,,,,,,,,,,,,,,,,,,,,,,,,,,,,,
2015-04-03,1390.0,0.0,0.0,0.0,0.0,4.0,0.0,0.0,0.0,,,,,,,,,,,,,,,,,,,,,,,,,,,,,,,,,,,,,
2015-04-07,848.0,0.0,0.0,0.0,0.0,0.0,0.0,0.0,0.0,,,,,,,,,,,,,,,,,,,,,,,,,,,,,,,,,,,,,
2015-04-08,848.0,0.0,8.0,0.0,0.0,0.0,4.0,0.0,0.0,,,,,,,,,,,,,,,,,,,,,,,,,,,,,,,,,,,,,
2015-04-09,816.0,0.0,0.0,4.0,0.0,0.0,0.0,0.0,0.0,,,,,,,,,,,,,,,,,,,,,,,,,,,,,,,,,,,,,
2015-04-10,2418.0,0.0,18.0,2.0,0.0,0.0,0.0,0.0,0.0,,,,,,,,,,,,,,,,,,,,,,,,,,,,,,,,,,,,,
2015-04-13,1628.0,0.0,0.0,0.0,0.0,0.0,0.0,0.0,0.0,,,,,,,,,,,,,,,,,,,,,,,,,,,,,,,,,,,,,
2015-04-14,5588.0,4.0,0.0,2.0,0.0,0.0,0.0,0.0,0.0,,,,,,,,,,,,,,,,,,,,,,,,,,,,,,,,,,,,,
2015-04-15,4132.0,0.0,0.0,0.0,0.0,0.0,0.0,0.0,0.0,,,,,,,,,,,,,,,,,,,,,,,,,,,,,,,,,,,,,
2015-04-16,3866.0,0.0,6.0,2.0,0.0,0.0,0.0,0.0,0.0,0.0,,,,,,,,,,,,,,,,,,,,,,,,,,,,,,,,,,,,
2015-04-17,11322.0,22.0,4.0,16.0,0.0,0.0,0.0,0.0,0.0,0.0,,,,,,,,,,,,,,,,,,,,,,,,,,,,,,,,,,,,
2015-04-20,10518.0,34.0,4.0,10.0,0.0,0.0,2.0,0.0,0.0,0.0,,,,,,,,,,,,,,,,,,,,,,,,,,,,,,,,,,,,
2015-04-21,3434.0,14.0,4.0,4.0,0.0,0.0,0.0,0.0,0.0,0.0,,,,,,,,,,,,,,,,,,,,,,,,,,,,,,,,,,,,
2015-04-22,5870.0,8.0,8.0,4.0,0.0,0.0,0.0,2.0,0.0,0.0,,,,,,,,,,,,,,,,,,,,,,,,,,,,,,,,,,,,
2015-04-23,3310.0,14.0,6.0,4.0,0.0,0.0,0.0,0.0,0.0,0.0,,,,,,,,,,,,,,,,,,,,,,,,,,,,,,,,,,,,
2015-04-24,2088.0,4.0,2.0,6.0,0.0,0.0,0.0,0.0,0.0,0.0,,,,,,,,,,,,,,,,,,,,,,,,,,,,,,,,,,,,
2015-04-27,16994.0,8.0,10.0,14.0,0.0,0.0,0.0,0.0,0.0,0.0,,,,,,,,,,,,,,,,,,,,,,,,,,,,,,,,,,,,
2015-04-28,31980.0,40.0,36.0,22.0,0.0,0.0,0.0,0.0,0.0,0.0,,,,,,,,,,,,,,,,,,,,,,,,,,,,,,,,,,,,
2015-04-29,10628.0,4.0,0.0,4.0,0.0,0.0,0.0,2.0,0.0,0.0,,,,,,,,,,,,,,,,,,,,,,,,,,,,,,,,,,,,
2015-04-30,17782.0,16.0,2.0,0.0,0.0,0.0,0.0,0.0,0.0,0.0,,,,,,,,,,,,,,,,,,,,,,,,,,,,,,,,,,,,
2015-05-04,8824.0,34.0,8.0,2.0,0.0,0.0,0.0,0.0,0.0,0.0,,,,,,,,,,,,,,,,,,,,,,,,,,,,,,,,,,,,
2015-05-05,12990.0,24.0,50.0,4.0,0.0,12.0,0.0,0.0,0.0,0.0,,,,,,,,,,,,,,,,,,,,,,,,,,,,,,,,,,,,
2015-05-06,32668.0,178.0,20.0,4.0,0.0,0.0,0.0,0.0,0.0,0.0,,,,,,,,,,,,,,,,,,,,,,,,,,,,,,,,,,,,
2015-05-07,51604.0,300.0,132.0,0.0,0.0,0.0,0.0,2.0,0.0,0.0,,,,,,,,,,,,,,,,,,,,,,,,,,,,,,,,,,,,
2015-05-08,22070.0,60.0,94.0,4.0,0.0,0.0,0.0,0.0,0.0,0.0,,,,,,,,,,,,,,,,,,,,,,,,,,,,,,,,,,,,
2015-05-11,13824.0,40.0,62.0,0.0,0.0,2.0,8.0,0.0,0.0,0.0,,,,,,,,,,,,,,,,,,,,,,,,,,,,,,,,,,,,
2015-05-12,17242.0,58.0,130.0,0.0,0.0,12.0,2.0,0.0,0.0,8.0,,,,,,,,,,,,,,,,,,,,,,,,,,,,,,,,,,,,
2015-05-13,10418.0,22.0,28.0,0.0,0.0,0.0,0.0,0.0,0.0,0.0,,,,,,,,,,,,,,,,,,,,,,,,,,,,,,,,,,,,
2015-05-14,31286.0,64.0,18.0,0.0,0.0,0.0,22.0,0.0,0.0,0.0,,,,,,,,,,,,,,,,,,,,,,,,,,,,,,,,,,,,
2015-05-15,11000.0,0.0,10.0,0.0,0.0,0.0,0.0,0.0,0.0,0.0,,,,,,,,,,,,,,,,,,,,,,,,,,,,,,,,,,,,
2015-05-18,11708.0,42.0,6.0,0.0,0.0,0.0,0.0,0.0,0.0,0.0,0.0,,,,,,,,,,,,,,,,,,,,,,,,,,,,,,,,,,,
2015-05-19,7572.0,36.0,2.0,0.0,0.0,0.0,0.0,0.0,0.0,0.0,0.0,,,,,,,,,,,,,,,,,,,,,,,,,,,,,,,,,,,
2015-05-20,27600.0,30.0,30.0,16.0,0.0,0.0,0.0,0.0,0.0,0.0,0.0,,,,,,,,,,,,,,,,,,,,,,,,,,,,,,,,,,,
2015-05-21,38176.0,138.0,70.0,0.0,0.0,0.0,22.0,0.0,0.0,0.0,0.0,,,,,,,,,,,,,,,,,,,,,,,,,,,,,,,,,,,
2015-05-22,23976.0,28.0,10.0,0.0,0.0,0.0,8.0,0.0,0.0,0.0,0.0,,,,,,,,,,,,,,,,,,,,,,,,,,,,,,,,,,,
2015-05-25,25734.0,50.0,18.0,0.0,0.0,4.0,28.0,2.0,0.0,2.0,0.0,,,,,,,,,,,,,,,,,,,,,,,,,,,,,,,,,,,
2015-05-26,18802.0,12.0,78.0,0.0,0.0,4.0,6.0,0.0,0.0,16.0,22.0,,,,,,,,,,,,,,,,,,,,,,,,,,,,,,,,,,,
2015-05-27,17864.0,158.0,128.0,0.0,0.0,0.0,0.0,0.0,0.0,0.0,0.0,,,,,,,,,,,,,,,,,,,,,,,,,,,,,,,,,,,
2015-05-28,15242.0,46.0,210.0,6.0,0.0,0.0,28.0,0.0,0.0,0.0,28.0,,,,,,,,,,,,,,,,,,,,,,,,,,,,,,,,,,,
2015-05-29,8976.0,76.0,144.0,0.0,0.0,0.0,46.0,0.0,0.0,6.0,34.0,,,,,,,,,,,,,,,,,,,,,,,,,,,,,,,,,,,
2015-06-01,4366.0,54.0,92.0,0.0,0.0,0.0,48.0,2.0,0.0,0.0,0.0,,,,,,,,,,,,,,,,,,,,,,,,,,,,,,,,,,,
2015-06-02,3880.0,36.0,314.0,0.0,0.0,0.0,26.0,0.0,0.0,0.0,4.0,,,,,,,,,,,,,,,,,,,,,,,,,,,,,,,,,,,
2015-06-03,3306.0,90.0,504.0,0.0,0.0,0.0,0.0,0.0,0.0,0.0,2.0,,,,,,,,,,,,,,,,,,,,,,,,,,,,,,,,,,,
2015-06-04,3252.0,180.0,322.0,0.0,16.0,0.0,14.0,0.0,0.0,0.0,0.0,,,,,,,,,,,,,,,,,,,,,,,,,,,,,,,,,,,
2015-06-05,1284.0,90.0,136.0,4.0,0.0,6.0,22.0,0.0,0.0,40.0,0.0,,,,,,,,,,,,,,,,,,,,,,,,,,,,,,,,,,,
2015-06-08,2082.0,46.0,150.0,0.0,0.0,0.0,8.0,0.0,0.0,6.0,0.0,,,,,,,,,,,,,,,,,,,,,,,,,,,,,,,,,,,
2015-06-09,2204.0,32.0,256.0,2.0,0.0,0.0,16.0,0.0,0.0,0.0,8.0,,,,,,,,,,,,,,,,,,,,,,,,,,,,,,,,,,,
2015-06-10,1234.0,40.0,196.0,10.0,0.0,0.0,8.0,0.0,0.0,0.0,4.0,,,,,,,,,,,,,,,,,,,,,,,,,,,,,,,,,,,
2015-06-11,1014.0,128.0,190.0,0.0,0.0,0.0,0.0,0.0,0.0,0.0,0.0,,,,,,,,,,,,,,,,,,,,,,,,,,,,,,,,,,,
2015-06-12,3152.0,50.0,562.0,0.0,0.0,0.0,12.0,0.0,0.0,0.0,0.0,,,,,,,,,,,,,,,,,,,,,,,,,,,,,,,,,,,
2015-06-15,1276.0,18.0,192.0,0.0,0.0,0.0,2.0,0.0,0.0,0.0,0.0,,,,,,,,,,,,,,,,,,,,,,,,,,,,,,,,,,,
2015-06-16,1166.0,52.0,864.0,6.0,0.0,0.0,4.0,0.0,0.0,0.0,6.0,0.0,,,,,,,,,,,,,,,,,,,,,,,,,,,,,,,,,,
2015-06-17,1016.0,110.0,340.0,14.0,0.0,0.0,0.0,0.0,0.0,0.0,0.0,0.0,,,,,,,,,,,,,,,,,,,,,,,,,,,,,,,,,,
2015-06-18,768.0,22.0,182.0,2.0,0.0,0.0,2.0,0.0,0.0,0.0,0.0,0.0,,,,,,,,,,,,,,,,,,,,,,,,,,,,,,,,,,
2015-06-19,1368.0,2.0,410.0,0.0,2.0,2.0,6.0,0.0,0.0,0.0,0.0,0.0,,,,,,,,,,,,,,,,,,,,,,,,,,,,,,,,,,
2015-06-23,644.0,42.0,298.0,0.0,0.0,16.0,0.0,0.0,0.0,0.0,0.0,0.0,,,,,,,,,,,,,,,,,,,,,,,,,,,,,,,,,,
2015-06-24,988.0,24.0,310.0,0.0,0.0,4.0,0.0,0.0,0.0,0.0,0.0,0.0,,,,,,,,,,,,,,,,,,,,,,,,,,,,,,,,,,
2015-06-25,1352.0,250.0,574.0,0.0,2.0,2.0,4.0,0.0,0.0,0.0,14.0,0.0,,,,,,,,,,,,,,,,,,,,,,,,,,,,,,,,,,
2015-06-26,1700.0,128.0,1160.0,26.0,0.0,2.0,16.0,0.0,0.0,0.0,0.0,0.0,,,,,,,,,,,,,,,,,,,,,,,,,,,,,,,,,,
2015-06-29,1252.0,94.0,1550.0,24.0,0.0,0.0,6.0,0.0,0.0,0.0,0.0,0.0,,,,,,,,,,,,,,,,,,,,,,,,,,,,,,,,,,
2015-06-30,1384.0,378.0,2832.0,148.0,20.0,8.0,24.0,0.0,0.0,2.0,0.0,0.0,,,,,,,,,,,,,,,,,,,,,,,,,,,,,,,,,,
2015-07-01,278.0,92.0,2858.0,78.0,30.0,18.0,8.0,0.0,0.0,0.0,0.0,0.0,,,,,,,,,,,,,,,,,,,,,,,,,,,,,,,,,,
2015-07-02,180.0,70.0,2598.0,2.0,14.0,0.0,26.0,0.0,0.0,0.0,2.0,0.0,,,,,,,,,,,,,,,,,,,,,,,,,,,,,,,,,,
2015-07-03,212.0,80.0,2348.0,0.0,0.0,0.0,4.0,0.0,0.0,0.0,0.0,0.0,,,,,,,,,,,,,,,,,,,,,,,,,,,,,,,,,,
2015-07-06,96.0,46.0,2102.0,0.0,0.0,0.0,28.0,0.0,0.0,30.0,36.0,0.0,,,,,,,,,,,,,,,,,,,,,,,,,,,,,,,,,,
2015-07-07,428.0,4.0,2356.0,2.0,0.0,0.0,0.0,0.0,0.0,22.0,0.0,0.0,,,,,,,,,,,,,,,,,,,,,,,,,,,,,,,,,,
2015-07-08,272.0,62.0,3870.0,12.0,4.0,4.0,24.0,0.0,0.0,16.0,0.0,0.0,,,,,,,,,,,,,,,,,,,,,,,,,,,,,,,,,,
2015-07-09,108.0,56.0,3426.0,10.0,0.0,16.0,40.0,2.0,0.0,10.0,30.0,0.0,,,,,,,,,,,,,,,,,,,,,,,,,,,,,,,,,,
2015-07-10,184.0,10.0,3844.0,2.0,2.0,0.0,6.0,0.0,0.0,0.0,4.0,0.0,,,,,,,,,,,,,,,,,,,,,,,,,,,,,,,,,,
2015-07-13,52.0,12.0,2170.0,4.0,0.0,0.0,0.0,0.0,0.0,0.0,0.0,0.0,,,,,,,,,,,,,,,,,,,,,,,,,,,,,,,,,,
2015-07-14,28.0,16.0,2830.0,0.0,0.0,0.0,0.0,0.0,0.0,0.0,0.0,0.0,,,,,,,,,,,,,,,,,,,,,,,,,,,,,,,,,,
2015-07-15,100.0,30.0,2168.0,0.0,0.0,0.0,0.0,0.0,0.0,0.0,0.0,0.0,,,,,,,,,,,,,,,,,,,,,,,,,,,,,,,,,,
2015-07-16,,20.0,1928.0,6.0,0.0,0.0,0.0,0.0,0.0,0.0,0.0,0.0,0.0,,,,,,,,,,,,,,,,,,,,,,,,,,,,,,,,,
2015-07-17,,0.0,2288.0,10.0,0.0,0.0,0.0,0.0,0.0,0.0,0.0,0.0,0.0,,,,,,,,,,,,,,,,,,,,,,,,,,,,,,,,,
2015-07-20,,102.0,6298.0,4.0,0.0,0.0,16.0,0.0,0.0,0.0,0.0,0.0,0.0,,,,,,,,,,,,,,,,,,,,,,,,,,,,,,,,,
2015-07-21,,64.0,3266.0,0.0,0.0,0.0,4.0,0.0,0.0,0.0,0.0,0.0,0.0,,,,,,,,,,,,,,,,,,,,,,,,,,,,,,,,,
2015-07-22,,28.0,2200.0,6.0,0.0,0.0,30.0,0.0,0.0,0.0,0.0,0.0,0.0,,,,,,,,,,,,,,,,,,,,,,,,,,,,,,,,,
2015-07-23,,26.0,1550.0,36.0,0.0,0.0,6.0,0.0,0.0,0.0,0.0,0.0,0.0,,,,,,,,,,,,,,,,,,,,,,,,,,,,,,,,,
2015-07-24,,10.0,1462.0,0.0,0.0,14.0,0.0,0.0,0.0,0.0,0.0,0.0,0.0,,,,,,,,,,,,,,,,,,,,,,,,,,,,,,,,,
2015-07-27,,18.0,3556.0,30.0,0.0,0.0,4.0,0.0,0.0,0.0,0.0,0.0,0.0,,,,,,,,,,,,,,,,,,,,,,,,,,,,,,,,,
2015-07-28,,6.0,1906.0,6.0,0.0,0.0,0.0,0.0,0.0,0.0,0.0,0.0,0.0,,,,,,,,,,,,,,,,,,,,,,,,,,,,,,,,,
2015-07-29,,60.0,3144.0,40.0,0.0,0.0,6.0,0.0,0.0,0.0,0.0,0.0,0.0,,,,,,,,,,,,,,,,,,,,,,,,,,,,,,,,,
2015-07-30,,66.0,2828.0,14.0,0.0,0.0,12.0,0.0,0.0,0.0,0.0,0.0,0.0,,,,,,,,,,,,,,,,,,,,,,,,,,,,,,,,,
2015-07-31,,6.0,1278.0,0.0,0.0,2.0,0.0,0.0,0.0,0.0,0.0,0.0,0.0,,,,,,,,,,,,,,,,,,,,,,,,,,,,,,,,,
2015-08-03,,8.0,1688.0,46.0,0.0,2.0,16.0,4.0,0.0,0.0,0.0,0.0,0.0,,,,,,,,,,,,,,,,,,,,,,,,,,,,,,,,,
2015-08-04,,4.0,1578.0,80.0,2.0,0.0,36.0,0.0,0.0,0.0,0.0,0.0,0.0,,,,,,,,,,,,,,,,,,,,,,,,,,,,,,,,,
2015-08-05,,12.0,1078.0,28.0,0.0,0.0,18.0,0.0,0.0,0.0,0.0,0.0,0.0,,,,,,,,,,,,,,,,,,,,,,,,,,,,,,,,,
2015-08-06,,4.0,1482.0,54.0,6.0,0.0,26.0,0.0,0.0,0.0,0.0,0.0,0.0,,,,,,,,,,,,,,,,,,,,,,,,,,,,,,,,,
2015-08-07,,36.0,810.0,20.0,8.0,0.0,48.0,0.0,0.0,0.0,0.0,0.0,0.0,,,,,,,,,,,,,,,,,,,,,,,,,,,,,,,,,
2015-08-10,,124.0,816.0,12.0,0.0,0.0,40.0,0.0,0.0,26.0,0.0,0.0,0.0,,,,,,,,,,,,,,,,,,,,,,,,,,,,,,,,,
2015-08-11,,44.0,1200.0,44.0,2.0,0.0,22.0,0.0,0.0,0.0,0.0,0.0,0.0,,,,,,,,,,,,,,,,,,,,,,,,,,,,,,,,,
2015-08-12,,24.0,1104.0,42.0,0.0,0.0,22.0,0.0,0.0,0.0,0.0,0.0,0.0,,,,,,,,,,,,,,,,,,,,,,,,,,,,,,,,,
2015-08-13,,0.0,1550.0,18.0,0.0,0.0,16.0,0.0,0.0,0.0,0.0,10.0,0.0,,,,,,,,,,,,,,,,,,,,,,,,,,,,,,,,,
2015-08-14,,4.0,610.0,0.0,0.0,0.0,34.0,0.0,0.0,0.0,0.0,0.0,0.0,,,,,,,,,,,,,,,,,,,,,,,,,,,,,,,,,
2015-08-17,,8.0,950.0,14.0,0.0,0.0,44.0,0.0,0.0,0.0,0.0,0.0,0.0,,,,,,,,,,,,,,,,,,,,,,,,,,,,,,,,,
2015-08-18,,,562.0,10.0,0.0,0.0,30.0,0.0,0.0,0.0,0.0,0.0,8.0,0.0,,,,,,,,,,,,,,,,,,,,,,,,,,,,,,,,
2015-08-19,,,760.0,2.0,0.0,0.0,114.0,0.0,0.0,0.0,0.0,0.0,0.0,0.0,,,,,,,,,,,,,,,,,,,,,,,,,,,,,,,,
2015-08-20,,,576.0,24.0,0.0,0.0,66.0,0.0,0.0,0.0,0.0,0.0,0.0,0.0,,,,,,,,,,,,,,,,,,,,,,,,,,,,,,,,
2015-08-21,,,712.0,58.0,0.0,12.0,82.0,0.0,0.0,0.0,0.0,0.0,4.0,0.0,,,,,,,,,,,,,,,,,,,,,,,,,,,,,,,,
2015-08-24,,,1358.0,76.0,0.0,0.0,138.0,0.0,0.0,12.0,0.0,0.0,0.0,0.0,,,,,,,,,,,,,,,,,,,,,,,,,,,,,,,,
2015-08-25,,,782.0,36.0,0.0,2.0,158.0,0.0,0.0,0.0,0.0,0.0,0.0,0.0,,,,,,,,,,,,,,,,,,,,,,,,,,,,,,,,
2015-08-26,,,566.0,30.0,0.0,0.0,138.0,0.0,0.0,0.0,0.0,0.0,0.0,0.0,,,,,,,,,,,,,,,,,,,,,,,,,,,,,,,,
2015-08-27,,,478.0,34.0,0.0,2.0,164.0,0.0,0.0,0.0,0.0,0.0,0.0,0.0,,,,,,,,,,,,,,,,,,,,,,,,,,,,,,,,
2015-08-28,,,1190.0,208.0,0.0,2.0,146.0,0.0,0.0,2.0,2.0,6.0,2.0,0.0,,,,,,,,,,,,,,,,,,,,,,,,,,,,,,,,
2015-08-31,,,690.0,208.0,0.0,0.0,134.0,0.0,0.0,0.0,0.0,0.0,0.0,0.0,,,,,,,,,,,,,,,,,,,,,,,,,,,,,,,,
2015-09-01,,,76.0,36.0,0.0,0.0,44.0,0.0,0.0,0.0,0.0,0.0,0.0,0.0,,,,,,,,,,,,,,,,,,,,,,,,,,,,,,,,
2015-09-02,,,156.0,26.0,0.0,0.0,238.0,0.0,0.0,0.0,12.0,0.0,0.0,0.0,,,,,,,,,,,,,,,,,,,,,,,,,,,,,,,,
2015-09-07,,,104.0,38.0,0.0,0.0,122.0,0.0,0.0,4.0,0.0,0.0,0.0,0.0,,,,,,,,,,,,,,,,,,,,,,,,,,,,,,,,
2015-09-08,,,76.0,108.0,0.0,0.0,80.0,0.0,0.0,0.0,0.0,0.0,6.0,0.0,,,,,,,,,,,,,,,,,,,,,,,,,,,,,,,,
2015-09-09,,,68.0,534.0,0.0,0.0,576.0,0.0,0.0,0.0,2.0,0.0,0.0,0.0,,,,,,,,,,,,,,,,,,,,,,,,,,,,,,,,
2015-09-10,,,256.0,398.0,0.0,0.0,754.0,8.0,0.0,0.0,0.0,0.0,20.0,0.0,,,,,,,,,,,,,,,,,,,,,,,,,,,,,,,,
2015-09-11,,,96.0,126.0,0.0,16.0,1060.0,0.0,0.0,0.0,36.0,0.0,0.0,0.0,,,,,,,,,,,,,,,,,,,,,,,,,,,,,,,,
2015-09-14,,,16.0,98.0,0.0,0.0,574.0,0.0,0.0,0.0,0.0,0.0,0.0,0.0,,,,,,,,,,,,,,,,,,,,,,,,,,,,,,,,
2015-09-15,,,32.0,130.0,0.0,0.0,432.0,0.0,0.0,0.0,0.0,0.0,0.0,0.0,,,,,,,,,,,,,,,,,,,,,,,,,,,,,,,,
2015-09-16,,,,170.0,0.0,0.0,296.0,6.0,0.0,0.0,0.0,0.0,0.0,0.0,0.0,,,,,,,,,,,,,,,,,,,,,,,,,,,,,,,
2015-09-17,,,,126.0,0.0,4.0,196.0,0.0,0.0,0.0,0.0,0.0,0.0,0.0,0.0,,,,,,,,,,,,,,,,,,,,,,,,,,,,,,,
2015-09-18,,,,72.0,0.0,0.0,328.0,0.0,0.0,0.0,0.0,0.0,4.0,0.0,2.0,,,,,,,,,,,,,,,,,,,,,,,,,,,,,,,
2015-09-21,,,,172.0,0.0,0.0,630.0,0.0,0.0,0.0,0.0,2.0,0.0,0.0,0.0,,,,,,,,,,,,,,,,,,,,,,,,,,,,,,,
2015-09-22,,,,74.0,0.0,0.0,454.0,0.0,0.0,0.0,0.0,0.0,0.0,0.0,8.0,,,,,,,,,,,,,,,,,,,,,,,,,,,,,,,
2015-09-23,,,,106.0,0.0,0.0,544.0,0.0,0.0,0.0,0.0,0.0,0.0,0.0,2.0,,,,,,,,,,,,,,,,,,,,,,,,,,,,,,,
2015-09-24,,,,28.0,0.0,0.0,304.0,0.0,0.0,2.0,12.0,0.0,0.0,0.0,4.0,,,,,,,,,,,,,,,,,,,,,,,,,,,,,,,
2015-09-25,,,,98.0,0.0,0.0,354.0,0.0,0.0,0.0,0.0,0.0,0.0,0.0,0.0,,,,,,,,,,,,,,,,,,,,,,,,,,,,,,,
2015-09-28,,,,336.0,0.0,0.0,466.0,0.0,0.0,0.0,0.0,0.0,0.0,0.0,0.0,,,,,,,,,,,,,,,,,,,,,,,,,,,,,,,
2015-09-29,,,,108.0,0.0,0.0,696.0,0.0,0.0,0.0,0.0,0.0,0.0,0.0,0.0,,,,,,,,,,,,,,,,,,,,,,,,,,,,,,,
2015-09-30,,,,88.0,6.0,0.0,498.0,0.0,0.0,0.0,0.0,0.0,0.0,0.0,0.0,,,,,,,,,,,,,,,,,,,,,,,,,,,,,,,
2015-10-08,,,,20.0,0.0,0.0,352.0,0.0,0.0,0.0,0.0,12.0,0.0,0.0,0.0,,,,,,,,,,,,,,,,,,,,,,,,,,,,,,,
2015-10-09,,,,132.0,0.0,0.0,1146.0,0.0,0.0,0.0,0.0,0.0,0.0,0.0,0.0,,,,,,,,,,,,,,,,,,,,,,,,,,,,,,,
2015-10-12,,,,136.0,4.0,2.0,706.0,0.0,0.0,0.0,10.0,0.0,2.0,0.0,4.0,,,,,,,,,,,,,,,,,,,,,,,,,,,,,,,
2015-10-13,,,,40.0,0.0,0.0,1414.0,0.0,0.0,0.0,0.0,0.0,0.0,0.0,0.0,,,,,,,,,,,,,,,,,,,,,,,,,,,,,,,
2015-10-14,,,,0.0,2.0,0.0,1070.0,0.0,0.0,0.0,0.0,0.0,0.0,0.0,0.0,,,,,,,,,,,,,,,,,,,,,,,,,,,,,,,
2015-10-15,,,,72.0,12.0,10.0,2736.0,0.0,0.0,0.0,0.0,0.0,0.0,0.0,0.0,,,,,,,,,,,,,,,,,,,,,,,,,,,,,,,
2015-10-16,,,,,0.0,0.0,2108.0,0.0,0.0,0.0,0.0,0.0,0.0,0.0,0.0,0.0,,,,,,,,,,,,,,,,,,,,,,,,,,,,,,
2015-10-19,,,,,0.0,0.0,1976.0,0.0,0.0,0.0,0.0,0.0,0.0,0.0,0.0,0.0,,,,,,,,,,,,,,,,,,,,,,,,,,,,,,
2015-10-20,,,,,0.0,0.0,788.0,0.0,0.0,0.0,2.0,0.0,0.0,0.0,0.0,0.0,,,,,,,,,,,,,,,,,,,,,,,,,,,,,,
2015-10-21,,,,,58.0,0.0,2036.0,0.0,0.0,0.0,0.0,0.0,0.0,0.0,0.0,0.0,,,,,,,,,,,,,,,,,,,,,,,,,,,,,,
2015-10-22,,,,,0.0,0.0,1110.0,0.0,0.0,0.0,10.0,0.0,0.0,0.0,0.0,0.0,,,,,,,,,,,,,,,,,,,,,,,,,,,,,,
2015-10-23,,,,,0.0,4.0,1914.0,0.0,0.0,0.0,0.0,0.0,0.0,0.0,0.0,0.0,,,,,,,,,,,,,,,,,,,,,,,,,,,,,,
2015-10-26,,,,,22.0,0.0,2398.0,0.0,0.0,0.0,0.0,0.0,0.0,0.0,0.0,0.0,,,,,,,,,,,,,,,,,,,,,,,,,,,,,,
2015-10-27,,,,,22.0,8.0,2664.0,0.0,0.0,0.0,0.0,0.0,0.0,0.0,0.0,0.0,,,,,,,,,,,,,,,,,,,,,,,,,,,,,,
2015-10-28,,,,,10.0,64.0,2088.0,0.0,0.0,0.0,0.0,0.0,2.0,0.0,0.0,0.0,,,,,,,,,,,,,,,,,,,,,,,,,,,,,,
2015-10-29,,,,,0.0,10.0,4442.0,0.0,0.0,0.0,14.0,2.0,0.0,0.0,0.0,0.0,,,,,,,,,,,,,,,,,,,,,,,,,,,,,,
2015-10-30,,,,,6.0,12.0,5608.0,0.0,0.0,0.0,2.0,0.0,0.0,0.0,6.0,0.0,,,,,,,,,,,,,,,,,,,,,,,,,,,,,,
2015-11-02,,,,,0.0,4.0,2946.0,0.0,0.0,0.0,2.0,0.0,0.0,0.0,10.0,0.0,,,,,,,,,,,,,,,,,,,,,,,,,,,,,,
2015-11-03,,,,,0.0,2.0,1218.0,0.0,0.0,0.0,2.0,4.0,0.0,0.0,0.0,0.0,,,,,,,,,,,,,,,,,,,,,,,,,,,,,,
2015-11-04,,,,,0.0,0.0,1502.0,0.0,0.0,0.0,10.0,4.0,0.0,0.0,4.0,0.0,,,,,,,,,,,,,,,,,,,,,,,,,,,,,,
2015-11-05,,,,,0.0,0.0,2090.0,0.0,0.0,0.0,4.0,8.0,0.0,0.0,0.0,6.0,,,,,,,,,,,,,,,,,,,,,,,,,,,,,,
2015-11-06,,,,,0.0,0.0,3454.0,2.0,0.0,0.0,0.0,0.0,0.0,0.0,18.0,4.0,,,,,,,,,,,,,,,,,,,,,,,,,,,,,,
2015-11-09,,,,,0.0,0.0,2466.0,0.0,0.0,2.0,14.0,0.0,0.0,0.0,0.0,0.0,,,,,,,,,,,,,,,,,,,,,,,,,,,,,,
2015-11-10,,,,,0.0,14.0,2568.0,0.0,0.0,0.0,0.0,0.0,2.0,0.0,0.0,0.0,,,,,,,,,,,,,,,,,,,,,,,,,,,,,,
2015-11-11,,,,,0.0,0.0,2654.0,0.0,0.0,0.0,0.0,0.0,0.0,0.0,0.0,0.0,,,,,,,,,,,,,,,,,,,,,,,,,,,,,,
2015-11-12,,,,,0.0,0.0,2260.0,0.0,0.0,0.0,0.0,0.0,0.0,0.0,0.0,0.0,,,,,,,,,,,,,,,,,,,,,,,,,,,,,,
2015-11-13,,,,,0.0,0.0,2776.0,0.0,0.0,0.0,6.0,0.0,0.0,0.0,0.0,0.0,,,,,,,,,,,,,,,,,,,,,,,,,,,,,,
2015-11-16,,,,,0.0,0.0,1710.0,0.0,0.0,0.0,0.0,0.0,0.0,0.0,0.0,0.0,,,,,,,,,,,,,,,,,,,,,,,,,,,,,,
2015-11-17,,,,,,4.0,2836.0,2.0,0.0,0.0,6.0,0.0,0.0,0.0,0.0,10.0,0.0,,,,,,,,,,,,,,,,,,,,,,,,,,,,,
2015-11-18,,,,,,8.0,3416.0,0.0,0.0,0.0,392.0,0.0,0.0,0.0,0.0,0.0,0.0,,,,,,,,,,,,,,,,,,,,,,,,,,,,,
2015-11-19,,,,,,0.0,5340.0,0.0,0.0,0.0,120.0,0.0,0.0,0.0,0.0,0.0,0.0,,,,,,,,,,,,,,,,,,,,,,,,,,,,,
2015-11-20,,,,,,0.0,7442.0,0.0,0.0,0.0,86.0,0.0,0.0,0.0,0.0,0.0,2.0,,,,,,,,,,,,,,,,,,,,,,,,,,,,,
2015-11-23,,,,,,2.0,6700.0,0.0,0.0,0.0,198.0,0.0,0.0,0.0,0.0,0.0,0.0,,,,,,,,,,,,,,,,,,,,,,,,,,,,,
2015-11-24,,,,,,8.0,8838.0,0.0,0.0,0.0,188.0,0.0,0.0,0.0,0.0,0.0,0.0,,,,,,,,,,,,,,,,,,,,,,,,,,,,,
2015-11-25,,,,,,6.0,7450.0,108.0,0.0,12.0,112.0,0.0,0.0,0.0,0.0,22.0,0.0,,,,,,,,,,,,,,,,,,,,,,,,,,,,,
2015-11-26,,,,,,0.0,8380.0,0.0,0.0,0.0,432.0,0.0,0.0,0.0,0.0,2.0,0.0,,,,,,,,,,,,,,,,,,,,,,,,,,,,,
2015-11-27,,,,,,0.0,10582.0,0.0,0.0,0.0,310.0,0.0,0.0,0.0,0.0,14.0,0.0,,,,,,,,,,,,,,,,,,,,,,,,,,,,,
2015-11-30,,,,,,2.0,5504.0,0.0,0.0,0.0,200.0,0.0,2.0,0.0,0.0,0.0,0.0,,,,,,,,,,,,,,,,,,,,,,,,,,,,,
2015-12-01,,,,,,0.0,3288.0,2.0,0.0,0.0,502.0,0.0,0.0,0.0,0.0,0.0,0.0,,,,,,,,,,,,,,,,,,,,,,,,,,,,,
2015-12-02,,,,,,0.0,2334.0,0.0,0.0,0.0,304.0,0.0,0.0,0.0,6.0,6.0,0.0,,,,,,,,,,,,,,,,,,,,,,,,,,,,,
2015-12-03,,,,,,0.0,3302.0,0.0,0.0,0.0,426.0,0.0,2.0,0.0,0.0,14.0,0.0,,,,,,,,,,,,,,,,,,,,,,,,,,,,,
2015-12-04,,,,,,0.0,1414.0,0.0,0.0,0.0,258.0,0.0,0.0,0.0,42.0,2.0,0.0,,,,,,,,,,,,,,,,,,,,,,,,,,,,,
2015-12-07,,,,,,0.0,1746.0,0.0,0.0,0.0,322.0,0.0,0.0,0.0,0.0,0.0,0.0,,,,,,,,,,,,,,,,,,,,,,,,,,,,,
2015-12-08,,,,,,0.0,1566.0,0.0,0.0,0.0,274.0,0.0,0.0,0.0,0.0,0.0,0.0,,,,,,,,,,,,,,,,,,,,,,,,,,,,,
2015-12-09,,,,,,0.0,1472.0,0.0,0.0,0.0,278.0,0.0,0.0,0.0,0.0,2.0,0.0,,,,,,,,,,,,,,,,,,,,,,,,,,,,,
2015-12-10,,,,,,0.0,1234.0,0.0,0.0,0.0,232.0,2.0,0.0,0.0,0.0,2.0,0.0,,,,,,,,,,,,,,,,,,,,,,,,,,,,,
2015-12-11,,,,,,0.0,1240.0,0.0,0.0,0.0,436.0,0.0,0.0,0.0,2.0,6.0,0.0,,,,,,,,,,,,,,,,,,,,,,,,,,,,,
2015-12-14,,,,,,0.0,3352.0,0.0,0.0,0.0,686.0,0.0,0.0,0.0,0.0,18.0,0.0,,,,,,,,,,,,,,,,,,,,,,,,,,,,,
2015-12-15,,,,,,0.0,2568.0,0.0,0.0,0.0,664.0,0.0,2.0,0.0,2.0,8.0,0.0,,,,,,,,,,,,,,,,,,,,,,,,,,,,,
2015-12-16,,,,,,,1272.0,0.0,0.0,0.0,228.0,0.0,0.0,0.0,0.0,4.0,0.0,0.0,,,,,,,,,,,,,,,,,,,,,,,,,,,,
2015-12-17,,,,,,,2426.0,0.0,0.0,0.0,1042.0,0.0,0.0,0.0,0.0,0.0,0.0,0.0,,,,,,,,,,,,,,,,,,,,,,,,,,,,
2015-12-18,,,,,,,3668.0,0.0,0.0,0.0,3352.0,0.0,0.0,0.0,0.0,8.0,0.0,0.0,,,,,,,,,,,,,,,,,,,,,,,,,,,,
2015-12-21,,,,,,,5162.0,0.0,0.0,0.0,6526.0,0.0,0.0,0.0,0.0,2.0,0.0,0.0,,,,,,,,,,,,,,,,,,,,,,,,,,,,
2015-12-22,,,,,,,4680.0,0.0,0.0,4.0,17050.0,0.0,0.0,0.0,98.0,4.0,4.0,0.0,,,,,,,,,,,,,,,,,,,,,,,,,,,,
2015-12-23,,,,,,,2968.0,0.0,0.0,0.0,19194.0,0.0,0.0,0.0,38.0,0.0,0.0,0.0,,,,,,,,,,,,,,,,,,,,,,,,,,,,
2015-12-24,,,,,,,1254.0,0.0,0.0,0.0,17184.0,0.0,0.0,0.0,48.0,0.0,0.0,0.0,,,,,,,,,,,,,,,,,,,,,,,,,,,,
2015-12-25,,,,,,,536.0,0.0,0.0,0.0,10156.0,0.0,0.0,0.0,18.0,0.0,0.0,0.0,,,,,,,,,,,,,,,,,,,,,,,,,,,,
2015-12-28,,,,,,,326.0,0.0,4.0,0.0,9530.0,0.0,0.0,0.0,66.0,0.0,0.0,0.0,,,,,,,,,,,,,,,,,,,,,,,,,,,,
2015-12-29,,,,,,,694.0,0.0,0.0,0.0,14662.0,0.0,0.0,0.0,26.0,0.0,0.0,0.0,,,,,,,,,,,,,,,,,,,,,,,,,,,,
2015-12-30,,,,,,,138.0,0.0,0.0,0.0,16860.0,0.0,0.0,0.0,28.0,0.0,0.0,0.0,,,,,,,,,,,,,,,,,,,,,,,,,,,,
2015-12-31,,,,,,,166.0,0.0,0.0,0.0,17454.0,0.0,0.0,0.0,46.0,2.0,0.0,0.0,,,,,,,,,,,,,,,,,,,,,,,,,,,,
2016-01-04,,,,,,,52.0,0.0,0.0,0.0,7628.0,0.0,0.0,0.0,8.0,0.0,0.0,0.0,,,,,,,,,,,,,,,,,,,,,,,,,,,,
2016-01-05,,,,,,,24.0,0.0,0.0,0.0,12748.0,12.0,0.0,0.0,32.0,0.0,0.0,0.0,,,,,,,,,,,,,,,,,,,,,,,,,,,,
2016-01-06,,,,,,,44.0,0.0,0.0,0.0,10368.0,0.0,0.0,0.0,50.0,0.0,0.0,0.0,,,,,,,,,,,,,,,,,,,,,,,,,,,,
2016-01-07,,,,,,,156.0,0.0,0.0,0.0,12942.0,0.0,0.0,0.0,62.0,0.0,0.0,0.0,,,,,,,,,,,,,,,,,,,,,,,,,,,,
2016-01-08,,,,,,,100.0,0.0,0.0,0.0,15172.0,44.0,0.0,0.0,46.0,0.0,0.0,0.0,,,,,,,,,,,,,,,,,,,,,,,,,,,,
2016-01-11,,,,,,,16.0,0.0,0.0,0.0,14282.0,0.0,0.0,0.0,76.0,0.0,0.0,0.0,,,,,,,,,,,,,,,,,,,,,,,,,,,,
2016-01-12,,,,,,,40.0,0.0,0.0,0.0,15264.0,0.0,0.0,0.0,72.0,0.0,0.0,0.0,,,,,,,,,,,,,,,,,,,,,,,,,,,,
2016-01-13,,,,,,,0.0,0.0,12.0,10.0,17358.0,0.0,0.0,0.0,136.0,18.0,0.0,0.0,,,,,,,,,,,,,,,,,,,,,,,,,,,,
2016-01-14,,,,,,,24.0,0.0,0.0,2.0,13682.0,0.0,0.0,0.0,88.0,0.0,0.0,0.0,,,,,,,,,,,,,,,,,,,,,,,,,,,,
2016-01-15,,,,,,,20.0,0.0,4.0,0.0,13236.0,0.0,0.0,0.0,46.0,0.0,0.0,0.0,,,,,,,,,,,,,,,,,,,,,,,,,,,,
2016-01-18,,,,,,,,0.0,0.0,0.0,17032.0,0.0,0.0,0.0,22.0,2.0,0.0,0.0,0.0,,,,,,,,,,,,,,,,,,,,,,,,,,,
2016-01-19,,,,,,,,0.0,0.0,0.0,12976.0,0.0,0.0,0.0,36.0,0.0,0.0,0.0,0.0,,,,,,,,,,,,,,,,,,,,,,,,,,,
2016-01-20,,,,,,,,0.0,0.0,0.0,11544.0,0.0,0.0,0.0,20.0,0.0,0.0,0.0,0.0,,,,,,,,,,,,,,,,,,,,,,,,,,,
2016-01-21,,,,,,,,0.0,0.0,0.0,20734.0,0.0,0.0,0.0,18.0,0.0,0.0,0.0,0.0,,,,,,,,,,,,,,,,,,,,,,,,,,,
2016-01-22,,,,,,,,0.0,0.0,0.0,15416.0,4.0,0.0,0.0,22.0,0.0,0.0,0.0,0.0,,,,,,,,,,,,,,,,,,,,,,,,,,,
2016-01-25,,,,,,,,0.0,0.0,0.0,20878.0,0.0,0.0,0.0,14.0,0.0,0.0,0.0,0.0,,,,,,,,,,,,,,,,,,,,,,,,,,,
2016-01-26,,,,,,,,0.0,0.0,0.0,16062.0,0.0,0.0,0.0,0.0,0.0,0.0,0.0,0.0,,,,,,,,,,,,,,,,,,,,,,,,,,,
2016-01-27,,,,,,,,0.0,0.0,0.0,33510.0,0.0,0.0,0.0,22.0,0.0,0.0,0.0,0.0,,,,,,,,,,,,,,,,,,,,,,,,,,,
2016-01-28,,,,,,,,0.0,0.0,0.0,29174.0,0.0,0.0,0.0,32.0,0.0,0.0,0.0,0.0,,,,,,,,,,,,,,,,,,,,,,,,,,,
2016-01-29,,,,,,,,0.0,0.0,0.0,39550.0,0.0,0.0,0.0,58.0,0.0,0.0,0.0,0.0,,,,,,,,,,,,,,,,,,,,,,,,,,,
2016-02-01,,,,,,,,0.0,0.0,0.0,39834.0,0.0,0.0,0.0,16.0,0.0,0.0,0.0,0.0,,,,,,,,,,,,,,,,,,,,,,,,,,,
2016-02-02,,,,,,,,0.0,0.0,0.0,21844.0,0.0,0.0,0.0,10.0,0.0,0.0,0.0,0.0,,,,,,,,,,,,,,,,,,,,,,,,,,,
2016-02-03,,,,,,,,0.0,0.0,0.0,19434.0,0.0,0.0,0.0,18.0,0.0,0.0,0.0,0.0,,,,,,,,,,,,,,,,,,,,,,,,,,,
2016-02-04,,,,,,,,0.0,0.0,0.0,16544.0,0.0,0.0,0.0,10.0,0.0,0.0,0.0,0.0,,,,,,,,,,,,,,,,,,,,,,,,,,,
2016-02-05,,,,,,,,0.0,0.0,0.0,11934.0,0.0,0.0,0.0,20.0,0.0,0.0,0.0,0.0,,,,,,,,,,,,,,,,,,,,,,,,,,,
2016-02-15,,,,,,,,0.0,0.0,4.0,6436.0,0.0,0.0,0.0,26.0,0.0,0.0,0.0,0.0,,,,,,,,,,,,,,,,,,,,,,,,,,,
2016-02-16,,,,,,,,,0.0,0.0,12660.0,0.0,0.0,0.0,8.0,0.0,0.0,10.0,0.0,0.0,,,,,,,,,,,,,,,,,,,,,,,,,,
2016-02-17,,,,,,,,,0.0,0.0,10220.0,0.0,0.0,0.0,2.0,0.0,0.0,0.0,0.0,0.0,,,,,,,,,,,,,,,,,,,,,,,,,,
2016-02-18,,,,,,,,,0.0,0.0,11414.0,0.0,0.0,0.0,4.0,0.0,0.0,0.0,0.0,0.0,,,,,,,,,,,,,,,,,,,,,,,,,,
2016-02-19,,,,,,,,,0.0,0.0,13440.0,0.0,0.0,0.0,54.0,0.0,0.0,0.0,0.0,0.0,,,,,,,,,,,,,,,,,,,,,,,,,,
2016-02-22,,,,,,,,,0.0,2.0,24958.0,0.0,0.0,0.0,74.0,0.0,0.0,0.0,0.0,0.0,,,,,,,,,,,,,,,,,,,,,,,,,,
2016-02-23,,,,,,,,,0.0,0.0,51802.0,0.0,0.0,0.0,202.0,0.0,0.0,0.0,0.0,0.0,,,,,,,,,,,,,,,,,,,,,,,,,,
2016-02-24,,,,,,,,,0.0,0.0,54618.0,6.0,0.0,0.0,48.0,0.0,0.0,0.0,0.0,0.0,,,,,,,,,,,,,,,,,,,,,,,,,,
2016-02-25,,,,,,,,,0.0,0.0,44526.0,0.0,0.0,0.0,36.0,0.0,0.0,4.0,0.0,0.0,,,,,,,,,,,,,,,,,,,,,,,,,,
2016-02-26,,,,,,,,,0.0,4.0,48600.0,2.0,6.0,0.0,64.0,2.0,0.0,0.0,0.0,0.0,,,,,,,,,,,,,,,,,,,,,,,,,,
2016-02-29,,,,,,,,,2.0,0.0,51306.0,0.0,0.0,0.0,60.0,0.0,0.0,0.0,0.0,0.0,,,,,,,,,,,,,,,,,,,,,,,,,,
2016-03-01,,,,,,,,,0.0,0.0,31750.0,0.0,4.0,0.0,6.0,0.0,0.0,12.0,0.0,0.0,,,,,,,,,,,,,,,,,,,,,,,,,,
2016-03-02,,,,,,,,,0.0,0.0,32300.0,0.0,0.0,0.0,14.0,0.0,0.0,0.0,0.0,0.0,,,,,,,,,,,,,,,,,,,,,,,,,,
2016-03-03,,,,,,,,,0.0,0.0,74098.0,0.0,0.0,0.0,108.0,0.0,0.0,0.0,0.0,0.0,,,,,,,,,,,,,,,,,,,,,,,,,,
2016-03-04,,,,,,,,,0.0,0.0,79394.0,0.0,18.0,0.0,166.0,4.0,0.0,0.0,0.0,0.0,,,,,,,,,,,,,,,,,,,,,,,,,,
2016-03-07,,,,,,,,,0.0,0.0,82964.0,8.0,0.0,0.0,306.0,0.0,0.0,0.0,0.0,0.0,,,,,,,,,,,,,,,,,,,,,,,,,,
2016-03-08,,,,,,,,,120.0,30.0,117778.0,2.0,6.0,0.0,1030.0,0.0,0.0,0.0,0.0,0.0,,,,,,,,,,,,,,,,,,,,,,,,,,
2016-03-09,,,,,,,,,0.0,0.0,76510.0,8.0,0.0,0.0,430.0,4.0,0.0,0.0,6.0,0.0,,,,,,,,,,,,,,,,,,,,,,,,,,
2016-03-10,,,,,,,,,0.0,0.0,96310.0,0.0,0.0,0.0,904.0,0.0,0.0,0.0,0.0,0.0,,,,,,,,,,,,,,,,,,,,,,,,,,
2016-03-11,,,,,,,,,0.0,0.0,70792.0,8.0,0.0,0.0,150.0,0.0,4.0,0.0,0.0,0.0,,,,,,,,,,,,,,,,,,,,,,,,,,
2016-03-14,,,,,,,,,0.0,20.0,52784.0,0.0,0.0,0.0,122.0,0.0,0.0,0.0,0.0,0.0,,,,,,,,,,,,,,,,,,,,,,,,,,
2016-03-15,,,,,,,,,0.0,0.0,50468.0,18.0,0.0,0.0,98.0,0.0,0.0,0.0,0.0,0.0,,,,,,,,,,,,,,,,,,,,,,,,,,
2016-03-16,,,,,,,,,,0.0,41980.0,10.0,0.0,0.0,210.0,0.0,0.0,2.0,6.0,0.0,0.0,,,,,,,,,,,,,,,,,,,,,,,,,
2016-03-17,,,,,,,,,,0.0,34100.0,0.0,0.0,0.0,252.0,0.0,0.0,0.0,4.0,0.0,0.0,,,,,,,,,,,,,,,,,,,,,,,,,
2016-03-18,,,,,,,,,,0.0,61924.0,0.0,0.0,0.0,552.0,2.0,0.0,0.0,0.0,0.0,0.0,,,,,,,,,,,,,,,,,,,,,,,,,
2016-03-21,,,,,,,,,,4.0,55704.0,8.0,0.0,0.0,856.0,2.0,0.0,0.0,4.0,0.0,0.0,,,,,,,,,,,,,,,,,,,,,,,,,
2016-03-22,,,,,,,,,,0.0,41924.0,6.0,0.0,0.0,306.0,0.0,0.0,0.0,4.0,0.0,0.0,,,,,,,,,,,,,,,,,,,,,,,,,
2016-03-23,,,,,,,,,,0.0,45664.0,4.0,0.0,0.0,520.0,0.0,0.0,0.0,2.0,0.0,0.0,,,,,,,,,,,,,,,,,,,,,,,,,
2016-03-24,,,,,,,,,,0.0,71278.0,0.0,0.0,0.0,696.0,0.0,0.0,68.0,0.0,0.0,0.0,,,,,,,,,,,,,,,,,,,,,,,,,
2016-03-25,,,,,,,,,,0.0,57208.0,28.0,0.0,0.0,932.0,4.0,0.0,0.0,6.0,0.0,0.0,,,,,,,,,,,,,,,,,,,,,,,,,
2016-03-28,,,,,,,,,,0.0,40490.0,6.0,0.0,0.0,760.0,2.0,0.0,0.0,4.0,0.0,0.0,,,,,,,,,,,,,,,,,,,,,,,,,
2016-03-29,,,,,,,,,,0.0,41094.0,0.0,0.0,0.0,766.0,0.0,0.0,0.0,0.0,0.0,0.0,,,,,,,,,,,,,,,,,,,,,,,,,
2016-03-30,,,,,,,,,,0.0,67674.0,8.0,0.0,0.0,1146.0,2.0,0.0,0.0,20.0,0.0,0.0,,,,,,,,,,,,,,,,,,,,,,,,,
2016-03-31,,,,,,,,,,0.0,69430.0,0.0,0.0,0.0,2056.0,0.0,0.0,0.0,2.0,0.0,0.0,,,,,,,,,,,,,,,,,,,,,,,,,
2016-04-01,,,,,,,,,,0.0,50800.0,0.0,0.0,0.0,1968.0,0.0,0.0,0.0,0.0,0.0,0.0,,,,,,,,,,,,,,,,,,,,,,,,,
2016-04-05,,,,,,,,,,0.0,18524.0,4.0,0.0,0.0,1688.0,0.0,0.0,0.0,0.0,0.0,0.0,,,,,,,,,,,,,,,,,,,,,,,,,
2016-04-06,,,,,,,,,,0.0,27906.0,0.0,0.0,0.0,2796.0,0.0,0.0,0.0,2.0,0.0,0.0,,,,,,,,,,,,,,,,,,,,,,,,,
2016-04-07,,,,,,,,,,0.0,24902.0,0.0,0.0,0.0,2592.0,0.0,0.0,0.0,0.0,0.0,0.0,,,,,,,,,,,,,,,,,,,,,,,,,
2016-04-08,,,,,,,,,,0.0,30624.0,10.0,0.0,0.0,3814.0,0.0,0.0,0.0,2.0,0.0,0.0,,,,,,,,,,,,,,,,,,,,,,,,,
2016-04-11,,,,,,,,,,0.0,31106.0,6.0,0.0,0.0,5028.0,0.0,0.0,0.0,2.0,0.0,0.0,,,,,,,,,,,,,,,,,,,,,,,,,
2016-04-12,,,,,,,,,,0.0,22846.0,0.0,0.0,0.0,3916.0,0.0,0.0,0.0,0.0,0.0,0.0,,,,,,,,,,,,,,,,,,,,,,,,,
2016-04-13,,,,,,,,,,0.0,30058.0,0.0,0.0,0.0,5590.0,0.0,0.0,0.0,0.0,0.0,0.0,,,,,,,,,,,,,,,,,,,,,,,,,
2016-04-14,,,,,,,,,,0.0,35104.0,34.0,0.0,0.0,7494.0,0.0,0.0,0.0,0.0,0.0,0.0,,,,,,,,,,,,,,,,,,,,,,,,,
2016-04-15,,,,,,,,,,0.0,19584.0,0.0,0.0,0.0,4606.0,0.0,0.0,0.0,0.0,0.0,0.0,,,,,,,,,,,,,,,,,,,,,,,,,
2016-04-18,,,,,,,,,,,20774.0,0.0,0.0,0.0,5374.0,0.0,0.0,0.0,0.0,0.0,0.0,0.0,,,,,,,,,,,,,,,,,,,,,,,,
2016-04-19,,,,,,,,,,,19212.0,0.0,0.0,0.0,6332.0,4.0,0.0,0.0,0.0,0.0,8.0,0.0,,,,,,,,,,,,,,,,,,,,,,,,
2016-04-20,,,,,,,,,,,19258.0,0.0,0.0,0.0,6356.0,0.0,0.0,0.0,0.0,0.0,0.0,0.0,,,,,,,,,,,,,,,,,,,,,,,,
2016-04-21,,,,,,,,,,,20964.0,10.0,0.0,2.0,10240.0,0.0,0.0,0.0,0.0,0.0,0.0,0.0,,,,,,,,,,,,,,,,,,,,,,,,
2016-04-22,,,,,,,,,,,19430.0,0.0,0.0,0.0,10398.0,0.0,4.0,0.0,0.0,0.0,4.0,0.0,,,,,,,,,,,,,,,,,,,,,,,,
2016-04-25,,,,,,,,,,,16102.0,0.0,0.0,0.0,9130.0,0.0,0.0,0.0,0.0,0.0,0.0,0.0,,,,,,,,,,,,,,,,,,,,,,,,
2016-04-26,,,,,,,,,,,9102.0,2.0,0.0,0.0,6890.0,102.0,0.0,0.0,2.0,0.0,4.0,0.0,,,,,,,,,,,,,,,,,,,,,,,,
2016-04-27,,,,,,,,,,,5110.0,64.0,0.0,0.0,8192.0,12.0,0.0,12.0,0.0,0.0,0.0,0.0,,,,,,,,,,,,,,,,,,,,,,,,
2016-04-28,,,,,,,,,,,4248.0,10.0,0.0,0.0,9694.0,0.0,24.0,0.0,8.0,0.0,0.0,0.0,,,,,,,,,,,,,,,,,,,,,,,,
2016-04-29,,,,,,,,,,,3898.0,6.0,0.0,2.0,12784.0,4.0,0.0,0.0,2.0,0.0,0.0,0.0,,,,,,,,,,,,,,,,,,,,,,,,
2016-05-03,,,,,,,,,,,730.0,0.0,0.0,4.0,9112.0,0.0,0.0,0.0,0.0,0.0,0.0,0.0,,,,,,,,,,,,,,,,,,,,,,,,
2016-05-04,,,,,,,,,,,856.0,0.0,0.0,0.0,19180.0,0.0,0.0,0.0,0.0,0.0,0.0,0.0,,,,,,,,,,,,,,,,,,,,,,,,
2016-05-05,,,,,,,,,,,1000.0,0.0,0.0,0.0,30476.0,0.0,0.0,0.0,0.0,0.0,0.0,0.0,,,,,,,,,,,,,,,,,,,,,,,,
2016-05-06,,,,,,,,,,,504.0,0.0,0.0,0.0,41310.0,0.0,0.0,0.0,0.0,0.0,0.0,0.0,,,,,,,,,,,,,,,,,,,,,,,,
2016-05-09,,,,,,,,,,,360.0,0.0,0.0,2.0,33068.0,0.0,0.0,0.0,0.0,0.0,0.0,0.0,,,,,,,,,,,,,,,,,,,,,,,,
2016-05-10,,,,,,,,,,,620.0,2.0,0.0,0.0,38566.0,0.0,0.0,0.0,0.0,0.0,0.0,0.0,,,,,,,,,,,,,,,,,,,,,,,,
2016-05-11,,,,,,,,,,,564.0,0.0,0.0,2.0,26656.0,0.0,0.0,0.0,0.0,0.0,0.0,0.0,,,,,,,,,,,,,,,,,,,,,,,,
2016-05-12,,,,,,,,,,,204.0,6.0,90.0,0.0,25600.0,0.0,0.0,0.0,0.0,0.0,0.0,0.0,,,,,,,,,,,,,,,,,,,,,,,,
2016-05-13,,,,,,,,,,,360.0,0.0,0.0,0.0,33972.0,0.0,0.0,0.0,4.0,0.0,0.0,0.0,,,,,,,,,,,,,,,,,,,,,,,,
2016-05-16,,,,,,,,,,,256.0,0.0,0.0,0.0,22214.0,0.0,0.0,0.0,0.0,0.0,0.0,0.0,,,,,,,,,,,,,,,,,,,,,,,,
2016-05-17,,,,,,,,,,,,0.0,0.0,0.0,23502.0,0.0,0.0,0.0,0.0,0.0,0.0,0.0,0.0,,,,,,,,,,,,,,,,,,,,,,,
2016-05-18,,,,,,,,,,,,16.0,0.0,0.0,24366.0,0.0,0.0,0.0,0.0,0.0,0.0,0.0,0.0,,,,,,,,,,,,,,,,,,,,,,,
2016-05-19,,,,,,,,,,,,0.0,0.0,0.0,22608.0,0.0,0.0,0.0,0.0,0.0,0.0,0.0,0.0,,,,,,,,,,,,,,,,,,,,,,,
2016-05-20,,,,,,,,,,,,0.0,0.0,0.0,15350.0,0.0,0.0,0.0,4.0,0.0,0.0,0.0,0.0,,,,,,,,,,,,,,,,,,,,,,,
2016-05-23,,,,,,,,,,,,0.0,4.0,0.0,23870.0,0.0,4.0,0.0,16.0,0.0,0.0,0.0,0.0,,,,,,,,,,,,,,,,,,,,,,,
2016-05-24,,,,,,,,,,,,2.0,0.0,0.0,19434.0,0.0,0.0,0.0,2.0,0.0,0.0,0.0,0.0,,,,,,,,,,,,,,,,,,,,,,,
2016-05-25,,,,,,,,,,,,0.0,22.0,0.0,15432.0,0.0,0.0,0.0,2.0,0.0,0.0,0.0,0.0,,,,,,,,,,,,,,,,,,,,,,,
2016-05-26,,,,,,,,,,,,0.0,22.0,0.0,18336.0,0.0,0.0,0.0,0.0,0.0,0.0,0.0,0.0,,,,,,,,,,,,,,,,,,,,,,,
2016-05-27,,,,,,,,,,,,20.0,0.0,0.0,20132.0,0.0,0.0,38.0,0.0,0.0,0.0,0.0,0.0,,,,,,,,,,,,,,,,,,,,,,,
2016-05-30,,,,,,,,,,,,10.0,4.0,0.0,13538.0,0.0,0.0,0.0,0.0,0.0,0.0,0.0,0.0,,,,,,,,,,,,,,,,,,,,,,,
2016-05-31,,,,,,,,,,,,4.0,8.0,0.0,12918.0,0.0,0.0,0.0,0.0,0.0,0.0,0.0,0.0,,,,,,,,,,,,,,,,,,,,,,,
2016-06-01,,,,,,,,,,,,0.0,14.0,72.0,19062.0,0.0,0.0,0.0,6.0,0.0,0.0,0.0,0.0,,,,,,,,,,,,,,,,,,,,,,,
2016-06-02,,,,,,,,,,,,0.0,2.0,0.0,18218.0,0.0,0.0,18.0,2.0,0.0,0.0,0.0,0.0,,,,,,,,,,,,,,,,,,,,,,,
2016-06-03,,,,,,,,,,,,4.0,0.0,0.0,12176.0,0.0,0.0,0.0,0.0,0.0,0.0,0.0,0.0,,,,,,,,,,,,,,,,,,,,,,,
2016-06-06,,,,,,,,,,,,0.0,2.0,0.0,17152.0,0.0,0.0,2.0,0.0,0.0,0.0,0.0,0.0,,,,,,,,,,,,,,,,,,,,,,,
2016-06-07,,,,,,,,,,,,0.0,0.0,0.0,11530.0,0.0,0.0,0.0,0.0,0.0,0.0,0.0,0.0,,,,,,,,,,,,,,,,,,,,,,,
2016-06-08,,,,,,,,,,,,0.0,0.0,0.0,12394.0,0.0,0.0,24.0,18.0,0.0,0.0,0.0,0.0,,,,,,,,,,,,,,,,,,,,,,,
2016-06-13,,,,,,,,,,,,0.0,0.0,0.0,10064.0,0.0,0.0,0.0,0.0,0.0,0.0,0.0,0.0,,,,,,,,,,,,,,,,,,,,,,,
2016-06-14,,,,,,,,,,,,0.0,0.0,0.0,11692.0,0.0,2.0,0.0,2.0,0.0,0.0,0.0,0.0,,,,,,,,,,,,,,,,,,,,,,,
2016-06-15,,,,,,,,,,,,0.0,0.0,0.0,10592.0,0.0,0.0,0.0,0.0,0.0,0.0,0.0,0.0,,,,,,,,,,,,,,,,,,,,,,,
2016-06-16,,,,,,,,,,,,,0.0,1184.0,16132.0,0.0,0.0,0.0,2.0,0.0,0.0,0.0,0.0,0.0,,,,,,,,,,,,,,,,,,,,,,
2016-06-17,,,,,,,,,,,,,0.0,224.0,11516.0,0.0,0.0,20.0,4.0,0.0,0.0,0.0,0.0,0.0,,,,,,,,,,,,,,,,,,,,,,
2016-06-20,,,,,,,,,,,,,0.0,2.0,10244.0,0.0,0.0,14.0,0.0,0.0,0.0,0.0,0.0,0.0,,,,,,,,,,,,,,,,,,,,,,
2016-06-21,,,,,,,,,,,,,0.0,0.0,13082.0,0.0,0.0,0.0,4.0,0.0,0.0,0.0,0.0,0.0,,,,,,,,,,,,,,,,,,,,,,
2016-06-22,,,,,,,,,,,,,0.0,6.0,9574.0,0.0,0.0,0.0,0.0,0.0,0.0,0.0,0.0,0.0,,,,,,,,,,,,,,,,,,,,,,
2016-06-23,,,,,,,,,,,,,0.0,0.0,9548.0,0.0,0.0,0.0,0.0,0.0,0.0,0.0,0.0,0.0,,,,,,,,,,,,,,,,,,,,,,
2016-06-24,,,,,,,,,,,,,0.0,0.0,18052.0,0.0,0.0,0.0,0.0,0.0,0.0,0.0,0.0,0.0,,,,,,,,,,,,,,,,,,,,,,
2016-06-27,,,,,,,,,,,,,0.0,2.0,14422.0,0.0,0.0,0.0,6.0,0.0,0.0,0.0,0.0,0.0,,,,,,,,,,,,,,,,,,,,,,
2016-06-28,,,,,,,,,,,,,0.0,0.0,11936.0,0.0,0.0,0.0,2.0,0.0,0.0,0.0,0.0,0.0,,,,,,,,,,,,,,,,,,,,,,
2016-06-29,,,,,,,,,,,,,0.0,0.0,20096.0,0.0,0.0,0.0,2.0,0.0,0.0,0.0,4.0,0.0,,,,,,,,,,,,,,,,,,,,,,
2016-06-30,,,,,,,,,,,,,0.0,0.0,14328.0,0.0,0.0,0.0,0.0,0.0,0.0,0.0,0.0,0.0,,,,,,,,,,,,,,,,,,,,,,
2016-07-01,,,,,,,,,,,,,0.0,0.0,34210.0,6.0,0.0,0.0,16.0,0.0,0.0,0.0,30.0,4.0,,,,,,,,,,,,,,,,,,,,,,
2016-07-04,,,,,,,,,,,,,0.0,0.0,58638.0,8.0,0.0,0.0,148.0,0.0,0.0,0.0,6.0,4.0,,,,,,,,,,,,,,,,,,,,,,
2016-07-05,,,,,,,,,,,,,0.0,2.0,61288.0,2.0,0.0,2.0,42.0,0.0,0.0,0.0,18.0,0.0,,,,,,,,,,,,,,,,,,,,,,
2016-07-06,,,,,,,,,,,,,0.0,0.0,45218.0,16.0,0.0,0.0,68.0,0.0,0.0,0.0,2.0,4.0,,,,,,,,,,,,,,,,,,,,,,
2016-07-07,,,,,,,,,,,,,0.0,0.0,33606.0,0.0,0.0,0.0,54.0,0.0,0.0,0.0,0.0,0.0,,,,,,,,,,,,,,,,,,,,,,
2016-07-08,,,,,,,,,,,,,0.0,0.0,24224.0,0.0,0.0,0.0,92.0,0.0,0.0,0.0,8.0,0.0,,,,,,,,,,,,,,,,,,,,,,
2016-07-11,,,,,,,,,,,,,0.0,0.0,29320.0,4.0,0.0,0.0,76.0,0.0,0.0,0.0,0.0,0.0,,,,,,,,,,,,,,,,,,,,,,
2016-07-12,,,,,,,,,,,,,0.0,0.0,29438.0,0.0,0.0,0.0,42.0,0.0,0.0,0.0,0.0,0.0,,,,,,,,,,,,,,,,,,,,,,
2016-07-13,,,,,,,,,,,,,0.0,0.0,46426.0,0.0,0.0,0.0,88.0,0.0,0.0,0.0,26.0,0.0,,,,,,,,,,,,,,,,,,,,,,
2016-07-14,,,,,,,,,,,,,0.0,0.0,24542.0,6.0,0.0,0.0,84.0,0.0,0.0,0.0,4.0,0.0,,,,,,,,,,,,,,,,,,,,,,
2016-07-15,,,,,,,,,,,,,0.0,0.0,27224.0,0.0,0.0,0.0,88.0,0.0,0.0,0.0,0.0,0.0,,,,,,,,,,,,,,,,,,,,,,
2016-07-18,,,,,,,,,,,,,,0.0,25786.0,0.0,0.0,0.0,80.0,0.0,0.0,0.0,8.0,0.0,0.0,,,,,,,,,,,,,,,,,,,,,
2016-07-19,,,,,,,,,,,,,,0.0,22642.0,0.0,0.0,0.0,26.0,0.0,0.0,0.0,0.0,0.0,0.0,,,,,,,,,,,,,,,,,,,,,
2016-07-20,,,,,,,,,,,,,,2.0,23416.0,0.0,0.0,0.0,176.0,0.0,0.0,0.0,2.0,0.0,0.0,,,,,,,,,,,,,,,,,,,,,
2016-07-21,,,,,,,,,,,,,,0.0,21418.0,0.0,0.0,0.0,166.0,0.0,0.0,0.0,64.0,2.0,0.0,,,,,,,,,,,,,,,,,,,,,
2016-07-22,,,,,,,,,,,,,,2.0,23504.0,0.0,0.0,0.0,76.0,0.0,0.0,0.0,16.0,0.0,0.0,,,,,,,,,,,,,,,,,,,,,
2016-07-25,,,,,,,,,,,,,,0.0,13780.0,0.0,0.0,0.0,44.0,0.0,22.0,0.0,2.0,0.0,0.0,,,,,,,,,,,,,,,,,,,,,
2016-07-26,,,,,,,,,,,,,,0.0,16832.0,0.0,0.0,0.0,10.0,0.0,20.0,0.0,4.0,0.0,0.0,,,,,,,,,,,,,,,,,,,,,
2016-07-27,,,,,,,,,,,,,,0.0,38912.0,4.0,0.0,0.0,170.0,0.0,0.0,0.0,4.0,0.0,0.0,,,,,,,,,,,,,,,,,,,,,
2016-07-28,,,,,,,,,,,,,,0.0,22488.0,0.0,0.0,0.0,208.0,0.0,0.0,0.0,2.0,0.0,0.0,,,,,,,,,,,,,,,,,,,,,
2016-07-29,,,,,,,,,,,,,,4.0,17634.0,0.0,0.0,0.0,296.0,0.0,0.0,0.0,0.0,0.0,0.0,,,,,,,,,,,,,,,,,,,,,
2016-08-01,,,,,,,,,,,,,,0.0,16140.0,0.0,0.0,0.0,190.0,0.0,0.0,0.0,4.0,0.0,0.0,,,,,,,,,,,,,,,,,,,,,
2016-08-02,,,,,,,,,,,,,,0.0,13230.0,0.0,0.0,0.0,164.0,0.0,0.0,0.0,0.0,0.0,0.0,,,,,,,,,,,,,,,,,,,,,
2016-08-03,,,,,,,,,,,,,,4.0,13300.0,0.0,0.0,0.0,190.0,0.0,0.0,0.0,0.0,0.0,0.0,,,,,,,,,,,,,,,,,,,,,
2016-08-04,,,,,,,,,,,,,,0.0,15616.0,4.0,0.0,0.0,296.0,0.0,0.0,0.0,2.0,0.0,0.0,,,,,,,,,,,,,,,,,,,,,
2016-08-05,,,,,,,,,,,,,,0.0,15730.0,10.0,0.0,0.0,344.0,0.0,0.0,0.0,0.0,0.0,0.0,,,,,,,,,,,,,,,,,,,,,
2016-08-08,,,,,,,,,,,,,,0.0,15974.0,0.0,0.0,0.0,768.0,0.0,0.0,0.0,8.0,0.0,0.0,,,,,,,,,,,,,,,,,,,,,
2016-08-09,,,,,,,,,,,,,,0.0,11064.0,0.0,0.0,0.0,536.0,0.0,0.0,0.0,6.0,0.0,0.0,,,,,,,,,,,,,,,,,,,,,
2016-08-10,,,,,,,,,,,,,,0.0,19078.0,2.0,0.0,0.0,1108.0,0.0,0.0,0.0,0.0,0.0,0.0,,,,,,,,,,,,,,,,,,,,,
2016-08-11,,,,,,,,,,,,,,0.0,20646.0,0.0,0.0,0.0,1680.0,0.0,0.0,0.0,6.0,0.0,0.0,,,,,,,,,,,,,,,,,,,,,
2016-08-12,,,,,,,,,,,,,,0.0,12300.0,0.0,0.0,0.0,1854.0,0.0,0.0,0.0,8.0,0.0,0.0,,,,,,,,,,,,,,,,,,,,,
2016-08-15,,,,,,,,,,,,,,48.0,11544.0,2.0,0.0,0.0,1408.0,0.0,0.0,0.0,12.0,0.0,0.0,,,,,,,,,,,,,,,,,,,,,
2016-08-16,,,,,,,,,,,,,,,9848.0,4.0,0.0,0.0,1224.0,0.0,0.0,0.0,6.0,0.0,0.0,0.0,,,,,,,,,,,,,,,,,,,,
2016-08-17,,,,,,,,,,,,,,,7600.0,14.0,0.0,0.0,866.0,0.0,0.0,0.0,4.0,0.0,0.0,0.0,,,,,,,,,,,,,,,,,,,,
2016-08-18,,,,,,,,,,,,,,,11854.0,0.0,0.0,0.0,2432.0,0.0,0.0,0.0,4.0,0.0,0.0,0.0,,,,,,,,,,,,,,,,,,,,
2016-08-19,,,,,,,,,,,,,,,7898.0,4.0,0.0,2.0,1278.0,0.0,0.0,0.0,8.0,0.0,0.0,0.0,,,,,,,,,,,,,,,,,,,,
2016-08-22,,,,,,,,,,,,,,,9078.0,0.0,0.0,0.0,2994.0,0.0,0.0,0.0,6.0,0.0,0.0,0.0,,,,,,,,,,,,,,,,,,,,
2016-08-23,,,,,,,,,,,,,,,5376.0,0.0,0.0,0.0,2234.0,0.0,0.0,0.0,2.0,0.0,0.0,0.0,,,,,,,,,,,,,,,,,,,,
2016-08-24,,,,,,,,,,,,,,,9562.0,8.0,0.0,0.0,6088.0,0.0,0.0,0.0,0.0,0.0,0.0,0.0,,,,,,,,,,,,,,,,,,,,
2016-08-25,,,,,,,,,,,,,,,8742.0,50.0,2.0,0.0,9432.0,0.0,0.0,0.0,66.0,0.0,0.0,0.0,,,,,,,,,,,,,,,,,,,,
2016-08-26,,,,,,,,,,,,,,,4088.0,0.0,0.0,0.0,4728.0,0.0,0.0,0.0,0.0,0.0,0.0,0.0,,,,,,,,,,,,,,,,,,,,
2016-08-29,,,,,,,,,,,,,,,2950.0,12.0,0.0,0.0,8246.0,0.0,0.0,0.0,10.0,0.0,0.0,0.0,,,,,,,,,,,,,,,,,,,,
2016-08-30,,,,,,,,,,,,,,,2814.0,2.0,0.0,0.0,7232.0,0.0,0.0,0.0,38.0,0.0,0.0,0.0,,,,,,,,,,,,,,,,,,,,
2016-08-31,,,,,,,,,,,,,,,1712.0,6.0,0.0,0.0,8324.0,0.0,0.0,0.0,26.0,0.0,0.0,0.0,,,,,,,,,,,,,,,,,,,,
2016-09-01,,,,,,,,,,,,,,,996.0,0.0,0.0,0.0,13978.0,0.0,0.0,0.0,156.0,0.0,0.0,0.0,,,,,,,,,,,,,,,,,,,,
2016-09-02,,,,,,,,,,,,,,,2072.0,0.0,0.0,0.0,28432.0,0.0,0.0,0.0,60.0,0.0,0.0,0.0,,,,,,,,,,,,,,,,,,,,
2016-09-05,,,,,,,,,,,,,,,448.0,0.0,0.0,0.0,17292.0,0.0,0.0,0.0,8.0,0.0,0.0,0.0,,,,,,,,,,,,,,,,,,,,
2016-09-06,,,,,,,,,,,,,,,672.0,0.0,0.0,0.0,16490.0,0.0,0.0,0.0,8.0,0.0,0.0,0.0,,,,,,,,,,,,,,,,,,,,
2016-09-07,,,,,,,,,,,,,,,196.0,0.0,0.0,0.0,15564.0,20.0,0.0,0.0,8.0,0.0,0.0,0.0,,,,,,,,,,,,,,,,,,,,
2016-09-08,,,,,,,,,,,,,,,316.0,0.0,0.0,0.0,14396.0,0.0,0.0,0.0,12.0,0.0,0.0,0.0,,,,,,,,,,,,,,,,,,,,
2016-09-09,,,,,,,,,,,,,,,240.0,0.0,0.0,0.0,10798.0,0.0,0.0,0.0,4.0,0.0,0.0,0.0,,,,,,,,,,,,,,,,,,,,
2016-09-12,,,,,,,,,,,,,,,976.0,0.0,2.0,0.0,31128.0,0.0,0.0,0.0,174.0,0.0,0.0,0.0,,,,,,,,,,,,,,,,,,,,
2016-09-13,,,,,,,,,,,,,,,568.0,0.0,0.0,0.0,16680.0,0.0,0.0,0.0,28.0,0.0,0.0,0.0,,,,,,,,,,,,,,,,,,,,
2016-09-14,,,,,,,,,,,,,,,56.0,0.0,0.0,0.0,16640.0,0.0,0.0,0.0,32.0,0.0,0.0,0.0,,,,,,,,,,,,,,,,,,,,
2016-09-19,,,,,,,,,,,,,,,8.0,0.0,0.0,0.0,11860.0,0.0,0.0,0.0,6.0,0.0,0.0,0.0,,,,,,,,,,,,,,,,,,,,
2016-09-20,,,,,,,,,,,,,,,,2.0,0.0,0.0,8984.0,0.0,0.0,0.0,14.0,0.0,0.0,0.0,0.0,,,,,,,,,,,,,,,,,,,
2016-09-21,,,,,,,,,,,,,,,,0.0,0.0,0.0,14508.0,0.0,0.0,0.0,10.0,0.0,0.0,0.0,0.0,,,,,,,,,,,,,,,,,,,
2016-09-22,,,,,,,,,,,,,,,,0.0,0.0,0.0,19236.0,0.0,0.0,0.0,32.0,0.0,0.0,0.0,0.0,,,,,,,,,,,,,,,,,,,
2016-09-23,,,,,,,,,,,,,,,,0.0,0.0,0.0,15974.0,0.0,0.0,0.0,34.0,0.0,0.0,0.0,0.0,,,,,,,,,,,,,,,,,,,
2016-09-26,,,,,,,,,,,,,,,,0.0,0.0,0.0,15118.0,0.0,0.0,0.0,10.0,0.0,0.0,0.0,0.0,,,,,,,,,,,,,,,,,,,
2016-09-27,,,,,,,,,,,,,,,,12.0,0.0,0.0,15858.0,0.0,0.0,0.0,12.0,0.0,0.0,0.0,0.0,,,,,,,,,,,,,,,,,,,
2016-09-28,,,,,,,,,,,,,,,,2.0,0.0,0.0,12554.0,0.0,0.0,0.0,38.0,0.0,0.0,0.0,0.0,,,,,,,,,,,,,,,,,,,
2016-09-29,,,,,,,,,,,,,,,,0.0,0.0,0.0,23066.0,0.0,0.0,0.0,98.0,0.0,0.0,0.0,0.0,,,,,,,,,,,,,,,,,,,
2016-09-30,,,,,,,,,,,,,,,,0.0,0.0,0.0,11260.0,0.0,0.0,0.0,32.0,0.0,0.0,0.0,0.0,,,,,,,,,,,,,,,,,,,
2016-10-10,,,,,,,,,,,,,,,,0.0,0.0,0.0,12158.0,0.0,0.0,0.0,2.0,0.0,0.0,0.0,0.0,,,,,,,,,,,,,,,,,,,
2016-10-11,,,,,,,,,,,,,,,,0.0,0.0,0.0,13380.0,0.0,0.0,0.0,100.0,0.0,0.0,0.0,0.0,,,,,,,,,,,,,,,,,,,
2016-10-12,,,,,,,,,,,,,,,,8.0,0.0,0.0,15776.0,0.0,0.0,0.0,58.0,0.0,0.0,0.0,0.0,,,,,,,,,,,,,,,,,,,
2016-10-13,,,,,,,,,,,,,,,,0.0,0.0,0.0,11774.0,0.0,0.0,0.0,12.0,0.0,0.0,0.0,8.0,,,,,,,,,,,,,,,,,,,
2016-10-14,,,,,,,,,,,,,,,,0.0,0.0,2.0,15718.0,0.0,0.0,0.0,18.0,0.0,0.0,0.0,0.0,,,,,,,,,,,,,,,,,,,
2016-10-17,,,,,,,,,,,,,,,,0.0,0.0,0.0,13464.0,0.0,0.0,0.0,8.0,0.0,0.0,0.0,0.0,,,,,,,,,,,,,,,,,,,
2016-10-18,,,,,,,,,,,,,,,,,0.0,0.0,14032.0,0.0,0.0,0.0,32.0,0.0,0.0,0.0,0.0,0.0,,,,,,,,,,,,,,,,,,
2016-10-19,,,,,,,,,,,,,,,,,0.0,0.0,12270.0,0.0,0.0,0.0,6.0,0.0,0.0,0.0,0.0,0.0,,,,,,,,,,,,,,,,,,
2016-10-20,,,,,,,,,,,,,,,,,0.0,0.0,15344.0,0.0,0.0,0.0,124.0,0.0,0.0,0.0,0.0,0.0,,,,,,,,,,,,,,,,,,
2016-10-21,,,,,,,,,,,,,,,,,0.0,48.0,37166.0,0.0,0.0,0.0,106.0,0.0,0.0,0.0,4.0,0.0,,,,,,,,,,,,,,,,,,
2016-10-24,,,,,,,,,,,,,,,,,0.0,22.0,18560.0,2.0,0.0,0.0,44.0,0.0,0.0,0.0,0.0,0.0,,,,,,,,,,,,,,,,,,
2016-10-25,,,,,,,,,,,,,,,,,0.0,22.0,24972.0,0.0,0.0,0.0,152.0,0.0,0.0,0.0,0.0,0.0,,,,,,,,,,,,,,,,,,
2016-10-26,,,,,,,,,,,,,,,,,0.0,0.0,21938.0,0.0,0.0,0.0,164.0,0.0,0.0,0.0,0.0,0.0,,,,,,,,,,,,,,,,,,
2016-10-27,,,,,,,,,,,,,,,,,0.0,0.0,15958.0,0.0,0.0,0.0,160.0,0.0,0.0,0.0,0.0,0.0,,,,,,,,,,,,,,,,,,
2016-10-28,,,,,,,,,,,,,,,,,0.0,0.0,19928.0,0.0,0.0,0.0,98.0,0.0,0.0,0.0,0.0,0.0,,,,,,,,,,,,,,,,,,
2016-10-31,,,,,,,,,,,,,,,,,0.0,0.0,17586.0,0.0,0.0,0.0,34.0,0.0,0.0,0.0,0.0,0.0,,,,,,,,,,,,,,,,,,
2016-11-01,,,,,,,,,,,,,,,,,0.0,0.0,27244.0,0.0,0.0,0.0,144.0,0.0,0.0,0.0,0.0,0.0,,,,,,,,,,,,,,,,,,
2016-11-02,,,,,,,,,,,,,,,,,0.0,0.0,20424.0,8.0,0.0,0.0,228.0,0.0,0.0,0.0,0.0,0.0,,,,,,,,,,,,,,,,,,
2016-11-03,,,,,,,,,,,,,,,,,0.0,0.0,13188.0,0.0,2.0,0.0,44.0,0.0,0.0,0.0,0.0,0.0,,,,,,,,,,,,,,,,,,
2016-11-04,,,,,,,,,,,,,,,,,0.0,0.0,42886.0,2.0,8.0,0.0,482.0,2.0,0.0,0.0,8.0,0.0,,,,,,,,,,,,,,,,,,
2016-11-07,,,,,,,,,,,,,,,,,0.0,0.0,36322.0,0.0,0.0,0.0,692.0,0.0,0.0,0.0,16.0,0.0,,,,,,,,,,,,,,,,,,
2016-11-08,,,,,,,,,,,,,,,,,0.0,0.0,61552.0,26.0,20.0,0.0,836.0,0.0,0.0,0.0,34.0,0.0,,,,,,,,,,,,,,,,,,
2016-11-09,,,,,,,,,,,,,,,,,0.0,0.0,59814.0,42.0,0.0,0.0,2632.0,0.0,0.0,0.0,16.0,0.0,,,,,,,,,,,,,,,,,,
2016-11-10,,,,,,,,,,,,,,,,,0.0,0.0,75396.0,0.0,0.0,0.0,1666.0,2.0,0.0,0.0,28.0,0.0,,,,,,,,,,,,,,,,,,
2016-11-11,,,,,,,,,,,,,,,,,0.0,0.0,41616.0,0.0,4.0,0.0,778.0,0.0,0.0,0.0,6.0,0.0,,,,,,,,,,,,,,,,,,
2016-11-14,,,,,,,,,,,,,,,,,0.0,0.0,72138.0,0.0,2.0,0.0,2258.0,4.0,0.0,0.0,18.0,0.0,,,,,,,,,,,,,,,,,,
2016-11-15,,,,,,,,,,,,,,,,,0.0,0.0,48160.0,6.0,0.0,0.0,1316.0,0.0,0.0,0.0,14.0,0.0,,,,,,,,,,,,,,,,,,
2016-11-16,,,,,,,,,,,,,,,,,,0.0,25136.0,0.0,0.0,0.0,954.0,0.0,0.0,0.0,0.0,0.0,0.0,,,,,,,,,,,,,,,,,
2016-11-17,,,,,,,,,,,,,,,,,,0.0,24414.0,0.0,0.0,0.0,1104.0,0.0,0.0,0.0,0.0,0.0,0.0,,,,,,,,,,,,,,,,,
2016-11-18,,,,,,,,,,,,,,,,,,0.0,28830.0,4.0,0.0,0.0,1376.0,0.0,0.0,0.0,12.0,0.0,0.0,,,,,,,,,,,,,,,,,
2016-11-21,,,,,,,,,,,,,,,,,,0.0,31542.0,4.0,0.0,0.0,1378.0,12.0,0.0,0.0,2.0,0.0,0.0,,,,,,,,,,,,,,,,,
2016-11-22,,,,,,,,,,,,,,,,,,4.0,30884.0,4.0,0.0,0.0,834.0,0.0,0.0,0.0,2.0,0.0,0.0,,,,,,,,,,,,,,,,,
2016-11-23,,,,,,,,,,,,,,,,,,0.0,21410.0,0.0,0.0,0.0,476.0,0.0,0.0,0.0,0.0,0.0,0.0,,,,,,,,,,,,,,,,,
2016-11-24,,,,,,,,,,,,,,,,,,0.0,43068.0,0.0,0.0,0.0,1814.0,0.0,0.0,0.0,6.0,0.0,0.0,,,,,,,,,,,,,,,,,
2016-11-25,,,,,,,,,,,,,,,,,,0.0,24014.0,0.0,0.0,0.0,1016.0,0.0,0.0,0.0,0.0,0.0,0.0,,,,,,,,,,,,,,,,,
2016-11-28,,,,,,,,,,,,,,,,,,0.0,26528.0,0.0,0.0,0.0,1252.0,0.0,0.0,0.0,8.0,0.0,0.0,,,,,,,,,,,,,,,,,
2016-11-29,,,,,,,,,,,,,,,,,,0.0,29468.0,2.0,18.0,0.0,1400.0,0.0,0.0,0.0,0.0,0.0,0.0,,,,,,,,,,,,,,,,,
2016-11-30,,,,,,,,,,,,,,,,,,0.0,28296.0,0.0,0.0,0.0,1780.0,0.0,0.0,0.0,0.0,10.0,4.0,,,,,,,,,,,,,,,,,
2016-12-01,,,,,,,,,,,,,,,,,,0.0,27626.0,16.0,0.0,0.0,2058.0,0.0,0.0,0.0,10.0,0.0,0.0,,,,,,,,,,,,,,,,,
2016-12-02,,,,,,,,,,,,,,,,,,0.0,18074.0,2.0,0.0,0.0,1912.0,0.0,0.0,0.0,24.0,6.0,2.0,,,,,,,,,,,,,,,,,
2016-12-05,,,,,,,,,,,,,,,,,,0.0,18412.0,0.0,8.0,0.0,1640.0,0.0,0.0,0.0,0.0,4.0,0.0,,,,,,,,,,,,,,,,,
2016-12-06,,,,,,,,,,,,,,,,,,0.0,16538.0,0.0,0.0,0.0,1588.0,0.0,0.0,0.0,2.0,0.0,0.0,,,,,,,,,,,,,,,,,
2016-12-07,,,,,,,,,,,,,,,,,,0.0,18714.0,4.0,0.0,0.0,1666.0,0.0,0.0,0.0,0.0,0.0,0.0,,,,,,,,,,,,,,,,,
2016-12-08,,,,,,,,,,,,,,,,,,0.0,19464.0,0.0,0.0,0.0,2446.0,0.0,0.0,0.0,8.0,0.0,0.0,,,,,,,,,,,,,,,,,
2016-12-09,,,,,,,,,,,,,,,,,,0.0,14892.0,2.0,0.0,0.0,1710.0,0.0,0.0,0.0,6.0,0.0,0.0,,,,,,,,,,,,,,,,,
2016-12-12,,,,,,,,,,,,,,,,,,0.0,12486.0,12.0,0.0,0.0,2078.0,4.0,0.0,0.0,40.0,0.0,0.0,,,,,,,,,,,,,,,,,
2016-12-13,,,,,,,,,,,,,,,,,,0.0,21248.0,0.0,0.0,0.0,2852.0,0.0,0.0,0.0,8.0,0.0,0.0,,,,,,,,,,,,,,,,,
2016-12-14,,,,,,,,,,,,,,,,,,0.0,18748.0,20.0,22.0,0.0,3448.0,0.0,0.0,0.0,24.0,0.0,0.0,,,,,,,,,,,,,,,,,
2016-12-15,,,,,,,,,,,,,,,,,,0.0,18394.0,0.0,0.0,0.0,3638.0,0.0,0.0,0.0,68.0,4.0,0.0,,,,,,,,,,,,,,,,,
2016-12-16,,,,,,,,,,,,,,,,,,,11304.0,4.0,8.0,0.0,2916.0,0.0,0.0,0.0,2.0,0.0,0.0,0.0,,,,,,,,,,,,,,,,
2016-12-19,,,,,,,,,,,,,,,,,,,14578.0,0.0,0.0,0.0,3776.0,0.0,0.0,0.0,10.0,0.0,0.0,0.0,,,,,,,,,,,,,,,,
2016-12-20,,,,,,,,,,,,,,,,,,,11690.0,0.0,0.0,0.0,3896.0,0.0,0.0,0.0,26.0,0.0,0.0,0.0,,,,,,,,,,,,,,,,
2016-12-21,,,,,,,,,,,,,,,,,,,5616.0,4.0,0.0,0.0,2402.0,0.0,0.0,0.0,12.0,0.0,0.0,0.0,,,,,,,,,,,,,,,,
2016-12-22,,,,,,,,,,,,,,,,,,,8204.0,16.0,0.0,0.0,3044.0,0.0,0.0,0.0,8.0,0.0,0.0,0.0,,,,,,,,,,,,,,,,
2016-12-23,,,,,,,,,,,,,,,,,,,9856.0,0.0,0.0,0.0,4182.0,0.0,0.0,0.0,20.0,4.0,0.0,0.0,,,,,,,,,,,,,,,,
2016-12-26,,,,,,,,,,,,,,,,,,,18122.0,20.0,0.0,0.0,11048.0,0.0,0.0,0.0,46.0,0.0,2.0,0.0,,,,,,,,,,,,,,,,
2016-12-27,,,,,,,,,,,,,,,,,,,7808.0,0.0,10.0,0.0,6124.0,0.0,0.0,0.0,28.0,0.0,2.0,0.0,,,,,,,,,,,,,,,,
2016-12-28,,,,,,,,,,,,,,,,,,,7996.0,8.0,0.0,0.0,9556.0,2.0,0.0,0.0,20.0,0.0,0.0,0.0,,,,,,,,,,,,,,,,
2016-12-29,,,,,,,,,,,,,,,,,,,5976.0,0.0,0.0,0.0,13184.0,0.0,0.0,0.0,20.0,0.0,0.0,0.0,,,,,,,,,,,,,,,,
2016-12-30,,,,,,,,,,,,,,,,,,,2780.0,0.0,0.0,0.0,12402.0,0.0,0.0,0.0,30.0,0.0,0.0,0.0,,,,,,,,,,,,,,,,
2017-01-03,,,,,,,,,,,,,,,,,,,712.0,4.0,6.0,0.0,15106.0,0.0,0.0,0.0,92.0,0.0,0.0,0.0,,,,,,,,,,,,,,,,
2017-01-04,,,,,,,,,,,,,,,,,,,716.0,0.0,6.0,0.0,25698.0,4.0,0.0,0.0,44.0,0.0,0.0,0.0,,,,,,,,,,,,,,,,
2017-01-05,,,,,,,,,,,,,,,,,,,296.0,0.0,0.0,0.0,25876.0,0.0,0.0,0.0,62.0,0.0,0.0,0.0,,,,,,,,,,,,,,,,
2017-01-06,,,,,,,,,,,,,,,,,,,352.0,4.0,2.0,0.0,27994.0,0.0,0.0,0.0,62.0,16.0,0.0,0.0,,,,,,,,,,,,,,,,
2017-01-09,,,,,,,,,,,,,,,,,,,212.0,0.0,0.0,0.0,18838.0,0.0,0.0,0.0,106.0,2.0,0.0,0.0,,,,,,,,,,,,,,,,
2017-01-10,,,,,,,,,,,,,,,,,,,200.0,0.0,2.0,0.0,26632.0,0.0,0.0,0.0,174.0,2.0,0.0,0.0,,,,,,,,,,,,,,,,
2017-01-11,,,,,,,,,,,,,,,,,,,140.0,0.0,6.0,0.0,20568.0,0.0,0.0,0.0,226.0,0.0,0.0,0.0,,,,,,,,,,,,,,,,
2017-01-12,,,,,,,,,,,,,,,,,,,76.0,4.0,0.0,0.0,34190.0,0.0,0.0,0.0,146.0,0.0,0.0,0.0,,,,,,,,,,,,,,,,
2017-01-13,,,,,,,,,,,,,,,,,,,116.0,0.0,0.0,0.0,18084.0,0.0,0.0,0.0,172.0,0.0,0.0,0.0,,,,,,,,,,,,,,,,
2017-01-16,,,,,,,,,,,,,,,,,,,8.0,0.0,0.0,0.0,16638.0,0.0,0.0,0.0,36.0,0.0,0.0,0.0,,,,,,,,,,,,,,,,
2017-01-17,,,,,,,,,,,,,,,,,,,,0.0,4.0,8.0,18968.0,8.0,0.0,0.0,38.0,0.0,0.0,0.0,2.0,,,,,,,,,,,,,,,
2017-01-18,,,,,,,,,,,,,,,,,,,,0.0,0.0,0.0,13972.0,0.0,0.0,0.0,66.0,0.0,0.0,0.0,0.0,,,,,,,,,,,,,,,
2017-01-19,,,,,,,,,,,,,,,,,,,,0.0,2.0,0.0,12098.0,0.0,0.0,0.0,34.0,0.0,0.0,0.0,0.0,,,,,,,,,,,,,,,
2017-01-20,,,,,,,,,,,,,,,,,,,,2.0,0.0,0.0,17896.0,14.0,0.0,0.0,150.0,0.0,0.0,0.0,0.0,,,,,,,,,,,,,,,
2017-01-23,,,,,,,,,,,,,,,,,,,,0.0,2.0,0.0,17298.0,16.0,0.0,0.0,28.0,0.0,0.0,0.0,0.0,,,,,,,,,,,,,,,
2017-01-24,,,,,,,,,,,,,,,,,,,,0.0,0.0,0.0,11690.0,6.0,0.0,0.0,22.0,0.0,0.0,0.0,8.0,,,,,,,,,,,,,,,
2017-01-25,,,,,,,,,,,,,,,,,,,,0.0,0.0,0.0,10542.0,2.0,0.0,0.0,28.0,4.0,0.0,0.0,26.0,,,,,,,,,,,,,,,
2017-01-26,,,,,,,,,,,,,,,,,,,,0.0,0.0,0.0,8568.0,0.0,0.0,0.0,6.0,8.0,0.0,0.0,0.0,,,,,,,,,,,,,,,
2017-02-03,,,,,,,,,,,,,,,,,,,,0.0,0.0,0.0,5784.0,2.0,0.0,0.0,40.0,0.0,0.0,0.0,0.0,,,,,,,,,,,,,,,
2017-02-06,,,,,,,,,,,,,,,,,,,,0.0,0.0,0.0,10614.0,0.0,0.0,0.0,54.0,0.0,0.0,0.0,0.0,,,,,,,,,,,,,,,
2017-02-07,,,,,,,,,,,,,,,,,,,,0.0,0.0,0.0,18212.0,0.0,0.0,0.0,36.0,0.0,0.0,0.0,0.0,,,,,,,,,,,,,,,
2017-02-08,,,,,,,,,,,,,,,,,,,,0.0,0.0,0.0,23812.0,0.0,0.0,0.0,54.0,0.0,0.0,0.0,0.0,,,,,,,,,,,,,,,
2017-02-09,,,,,,,,,,,,,,,,,,,,0.0,0.0,0.0,24580.0,0.0,0.0,0.0,30.0,0.0,0.0,0.0,0.0,,,,,,,,,,,,,,,
2017-02-10,,,,,,,,,,,,,,,,,,,,0.0,0.0,0.0,17978.0,0.0,0.0,0.0,34.0,0.0,0.0,0.0,0.0,,,,,,,,,,,,,,,
2017-02-13,,,,,,,,,,,,,,,,,,,,0.0,0.0,0.0,24744.0,0.0,0.0,0.0,228.0,0.0,0.0,0.0,0.0,,,,,,,,,,,,,,,
2017-02-14,,,,,,,,,,,,,,,,,,,,0.0,0.0,0.0,20138.0,0.0,0.0,0.0,158.0,0.0,0.0,0.0,8.0,,,,,,,,,,,,,,,
2017-02-15,,,,,,,,,,,,,,,,,,,,0.0,0.0,8.0,22100.0,0.0,0.0,0.0,106.0,0.0,0.0,0.0,8.0,,,,,,,,,,,,,,,
2017-02-16,,,,,,,,,,,,,,,,,,,,,0.0,0.0,19586.0,0.0,0.0,0.0,106.0,0.0,0.0,0.0,8.0,0.0,,,,,,,,,,,,,,
2017-02-17,,,,,,,,,,,,,,,,,,,,,0.0,0.0,15526.0,0.0,0.0,0.0,96.0,0.0,0.0,0.0,0.0,0.0,,,,,,,,,,,,,,
2017-02-20,,,,,,,,,,,,,,,,,,,,,0.0,0.0,16770.0,52.0,0.0,0.0,86.0,0.0,0.0,0.0,0.0,126.0,,,,,,,,,,,,,,
2017-02-21,,,,,,,,,,,,,,,,,,,,,4.0,0.0,15798.0,0.0,0.0,0.0,164.0,0.0,0.0,0.0,22.0,0.0,,,,,,,,,,,,,,
2017-02-22,,,,,,,,,,,,,,,,,,,,,0.0,0.0,11680.0,0.0,0.0,0.0,36.0,0.0,0.0,0.0,2.0,2.0,,,,,,,,,,,,,,
2017-02-23,,,,,,,,,,,,,,,,,,,,,0.0,0.0,16352.0,10.0,0.0,0.0,140.0,0.0,0.0,0.0,20.0,2.0,,,,,,,,,,,,,,
2017-02-24,,,,,,,,,,,,,,,,,,,,,0.0,0.0,17000.0,0.0,0.0,0.0,112.0,0.0,0.0,0.0,0.0,0.0,,,,,,,,,,,,,,
2017-02-27,,,,,,,,,,,,,,,,,,,,,0.0,0.0,16250.0,0.0,0.0,0.0,108.0,0.0,0.0,0.0,0.0,2.0,,,,,,,,,,,,,,
2017-02-28,,,,,,,,,,,,,,,,,,,,,12.0,0.0,13362.0,0.0,0.0,0.0,64.0,0.0,0.0,0.0,2.0,0.0,,,,,,,,,,,,,,
2017-03-01,,,,,,,,,,,,,,,,,,,,,0.0,0.0,12504.0,0.0,0.0,0.0,190.0,0.0,0.0,0.0,6.0,4.0,,,,,,,,,,,,,,
2017-03-02,,,,,,,,,,,,,,,,,,,,,0.0,0.0,16406.0,2.0,0.0,0.0,276.0,0.0,0.0,0.0,12.0,6.0,,,,,,,,,,,,,,
2017-03-03,,,,,,,,,,,,,,,,,,,,,0.0,0.0,16420.0,0.0,0.0,0.0,98.0,0.0,0.0,0.0,4.0,14.0,,,,,,,,,,,,,,
2017-03-06,,,,,,,,,,,,,,,,,,,,,0.0,0.0,16130.0,0.0,0.0,0.0,110.0,0.0,0.0,0.0,2.0,10.0,,,,,,,,,,,,,,
2017-03-07,,,,,,,,,,,,,,,,,,,,,0.0,0.0,15228.0,0.0,0.0,0.0,218.0,0.0,0.0,0.0,0.0,90.0,,,,,,,,,,,,,,
2017-03-08,,,,,,,,,,,,,,,,,,,,,0.0,0.0,17132.0,0.0,0.0,0.0,92.0,0.0,0.0,0.0,8.0,0.0,,,,,,,,,,,,,,
2017-03-09,,,,,,,,,,,,,,,,,,,,,0.0,0.0,23170.0,2.0,0.0,0.0,418.0,0.0,0.0,0.0,2.0,0.0,,,,,,,,,,,,,,
2017-03-10,,,,,,,,,,,,,,,,,,,,,4.0,0.0,24188.0,0.0,0.0,0.0,684.0,0.0,0.0,0.0,2.0,0.0,,,,,,,,,,,,,,
2017-03-13,,,,,,,,,,,,,,,,,,,,,0.0,0.0,24876.0,24.0,0.0,0.0,252.0,0.0,0.0,0.0,0.0,0.0,,,,,,,,,,,,,,
2017-03-14,,,,,,,,,,,,,,,,,,,,,0.0,0.0,12904.0,2.0,0.0,0.0,396.0,0.0,0.0,0.0,4.0,0.0,,,,,,,,,,,,,,
2017-03-15,,,,,,,,,,,,,,,,,,,,,0.0,0.0,21580.0,0.0,0.0,0.0,292.0,0.0,0.0,0.0,4.0,0.0,,,,,,,,,,,,,,
2017-03-16,,,,,,,,,,,,,,,,,,,,,,0.0,13910.0,0.0,0.0,0.0,150.0,0.0,0.0,0.0,0.0,0.0,0.0,,,,,,,,,,,,,
2017-03-17,,,,,,,,,,,,,,,,,,,,,,0.0,14650.0,0.0,0.0,0.0,276.0,0.0,0.0,0.0,0.0,0.0,0.0,,,,,,,,,,,,,
2017-03-20,,,,,,,,,,,,,,,,,,,,,,0.0,12224.0,0.0,0.0,0.0,686.0,0.0,0.0,0.0,4.0,0.0,0.0,,,,,,,,,,,,,
2017-03-21,,,,,,,,,,,,,,,,,,,,,,0.0,14932.0,0.0,0.0,0.0,668.0,0.0,16.0,0.0,0.0,0.0,0.0,,,,,,,,,,,,,
2017-03-22,,,,,,,,,,,,,,,,,,,,,,0.0,18074.0,0.0,0.0,0.0,424.0,0.0,6.0,0.0,0.0,0.0,0.0,,,,,,,,,,,,,
2017-03-23,,,,,,,,,,,,,,,,,,,,,,0.0,13976.0,0.0,0.0,0.0,590.0,0.0,2.0,0.0,14.0,0.0,0.0,,,,,,,,,,,,,
2017-03-24,,,,,,,,,,,,,,,,,,,,,,0.0,14316.0,0.0,0.0,0.0,446.0,0.0,0.0,0.0,0.0,0.0,0.0,,,,,,,,,,,,,
2017-03-27,,,,,,,,,,,,,,,,,,,,,,0.0,19000.0,0.0,0.0,0.0,1278.0,0.0,8.0,0.0,8.0,0.0,0.0,,,,,,,,,,,,,
2017-03-28,,,,,,,,,,,,,,,,,,,,,,0.0,17420.0,0.0,0.0,0.0,690.0,0.0,0.0,0.0,2.0,0.0,0.0,,,,,,,,,,,,,
2017-03-29,,,,,,,,,,,,,,,,,,,,,,0.0,12884.0,16.0,0.0,0.0,208.0,0.0,0.0,0.0,4.0,0.0,0.0,,,,,,,,,,,,,
2017-03-30,,,,,,,,,,,,,,,,,,,,,,2.0,11778.0,44.0,0.0,0.0,250.0,0.0,0.0,0.0,0.0,0.0,0.0,,,,,,,,,,,,,
2017-03-31,,,,,,,,,,,,,,,,,,,,,,4.0,12830.0,8.0,0.0,0.0,398.0,0.0,0.0,0.0,0.0,0.0,0.0,,,,,,,,,,,,,
2017-04-05,,,,,,,,,,,,,,,,,,,,,,0.0,9080.0,0.0,0.0,0.0,382.0,0.0,0.0,0.0,0.0,0.0,0.0,,,,,,,,,,,,,
2017-04-06,,,,,,,,,,,,,,,,,,,,,,0.0,16256.0,2.0,0.0,0.0,830.0,0.0,0.0,0.0,2.0,0.0,0.0,,,,,,,,,,,,,
2017-04-07,,,,,,,,,,,,,,,,,,,,,,0.0,20114.0,0.0,0.0,0.0,1504.0,0.0,0.0,0.0,16.0,0.0,0.0,,,,,,,,,,,,,
2017-04-10,,,,,,,,,,,,,,,,,,,,,,0.0,10504.0,26.0,0.0,0.0,632.0,0.0,0.0,0.0,4.0,0.0,0.0,,,,,,,,,,,,,
2017-04-11,,,,,,,,,,,,,,,,,,,,,,0.0,17252.0,62.0,0.0,0.0,1974.0,0.0,0.0,0.0,14.0,0.0,0.0,,,,,,,,,,,,,
2017-04-12,,,,,,,,,,,,,,,,,,,,,,0.0,20156.0,48.0,0.0,0.0,3098.0,0.0,0.0,0.0,6.0,0.0,0.0,,,,,,,,,,,,,
2017-04-13,,,,,,,,,,,,,,,,,,,,,,0.0,18824.0,38.0,0.0,0.0,3194.0,0.0,0.0,0.0,14.0,0.0,0.0,,,,,,,,,,,,,
2017-04-14,,,,,,,,,,,,,,,,,,,,,,0.0,11530.0,0.0,0.0,0.0,2040.0,0.0,0.0,0.0,18.0,0.0,0.0,,,,,,,,,,,,,
2017-04-17,,,,,,,,,,,,,,,,,,,,,,0.0,19336.0,2.0,0.0,0.0,3978.0,0.0,2.0,0.0,8.0,0.0,0.0,,,,,,,,,,,,,
2017-04-18,,,,,,,,,,,,,,,,,,,,,,,9488.0,0.0,0.0,0.0,2126.0,0.0,0.0,0.0,0.0,0.0,0.0,0.0,,,,,,,,,,,,
2017-04-19,,,,,,,,,,,,,,,,,,,,,,,15186.0,40.0,0.0,0.0,5494.0,0.0,0.0,0.0,14.0,0.0,0.0,0.0,,,,,,,,,,,,
2017-04-20,,,,,,,,,,,,,,,,,,,,,,,17416.0,4.0,0.0,8.0,8316.0,0.0,0.0,0.0,14.0,0.0,0.0,0.0,,,,,,,,,,,,
2017-04-21,,,,,,,,,,,,,,,,,,,,,,,14112.0,0.0,0.0,0.0,5878.0,0.0,0.0,0.0,28.0,0.0,0.0,0.0,,,,,,,,,,,,
2017-04-24,,,,,,,,,,,,,,,,,,,,,,,22442.0,8.0,0.0,0.0,13578.0,0.0,0.0,0.0,2.0,0.0,0.0,0.0,,,,,,,,,,,,
2017-04-25,,,,,,,,,,,,,,,,,,,,,,,11912.0,2.0,0.0,0.0,8188.0,0.0,0.0,0.0,28.0,0.0,0.0,0.0,,,,,,,,,,,,
2017-04-26,,,,,,,,,,,,,,,,,,,,,,,10396.0,0.0,0.0,0.0,8722.0,0.0,0.0,0.0,16.0,0.0,0.0,0.0,,,,,,,,,,,,
2017-04-27,,,,,,,,,,,,,,,,,,,,,,,7818.0,0.0,0.0,0.0,12554.0,0.0,0.0,0.0,24.0,0.0,0.0,0.0,,,,,,,,,,,,
2017-04-28,,,,,,,,,,,,,,,,,,,,,,,2746.0,288.0,0.0,0.0,14648.0,0.0,0.0,0.0,42.0,0.0,0.0,0.0,,,,,,,,,,,,
2017-05-02,,,,,,,,,,,,,,,,,,,,,,,668.0,54.0,0.0,0.0,10510.0,0.0,0.0,0.0,32.0,0.0,0.0,0.0,,,,,,,,,,,,
2017-05-03,,,,,,,,,,,,,,,,,,,,,,,420.0,8.0,0.0,0.0,12948.0,0.0,0.0,0.0,26.0,0.0,0.0,0.0,,,,,,,,,,,,
2017-05-04,,,,,,,,,,,,,,,,,,,,,,,432.0,6.0,0.0,2.0,16926.0,0.0,0.0,0.0,72.0,2.0,0.0,0.0,,,,,,,,,,,,
2017-05-05,,,,,,,,,,,,,,,,,,,,,,,340.0,4.0,0.0,0.0,18384.0,0.0,0.0,0.0,36.0,0.0,0.0,0.0,,,,,,,,,,,,
2017-05-08,,,,,,,,,,,,,,,,,,,,,,,172.0,2.0,0.0,2.0,18132.0,0.0,0.0,0.0,50.0,0.0,0.0,0.0,,,,,,,,,,,,
2017-05-09,,,,,,,,,,,,,,,,,,,,,,,84.0,2.0,0.0,2.0,16882.0,0.0,0.0,0.0,32.0,0.0,0.0,0.0,,,,,,,,,,,,
2017-05-10,,,,,,,,,,,,,,,,,,,,,,,132.0,2.0,0.0,0.0,13262.0,0.0,0.0,0.0,34.0,0.0,0.0,0.0,,,,,,,,,,,,
2017-05-11,,,,,,,,,,,,,,,,,,,,,,,32.0,0.0,0.0,0.0,17502.0,0.0,0.0,0.0,14.0,0.0,0.0,0.0,,,,,,,,,,,,
2017-05-12,,,,,,,,,,,,,,,,,,,,,,,0.0,0.0,0.0,0.0,13882.0,0.0,0.0,0.0,50.0,0.0,0.0,0.0,,,,,,,,,,,,
2017-05-15,,,,,,,,,,,,,,,,,,,,,,,104.0,0.0,0.0,0.0,17118.0,0.0,0.0,0.0,64.0,0.0,0.0,0.0,,,,,,,,,,,,
2017-05-16,,,,,,,,,,,,,,,,,,,,,,,,0.0,0.0,76.0,18322.0,0.0,0.0,0.0,80.0,0.0,0.0,0.0,0.0,,,,,,,,,,,
2017-05-17,,,,,,,,,,,,,,,,,,,,,,,,0.0,0.0,2.0,20462.0,0.0,0.0,0.0,220.0,0.0,0.0,0.0,0.0,,,,,,,,,,,
2017-05-18,,,,,,,,,,,,,,,,,,,,,,,,0.0,0.0,0.0,19490.0,0.0,0.0,0.0,100.0,0.0,0.0,0.0,0.0,,,,,,,,,,,
2017-05-19,,,,,,,,,,,,,,,,,,,,,,,,0.0,0.0,0.0,17542.0,0.0,0.0,0.0,82.0,0.0,0.0,0.0,8.0,,,,,,,,,,,
2017-05-22,,,,,,,,,,,,,,,,,,,,,,,,4.0,0.0,6.0,26512.0,0.0,0.0,0.0,100.0,0.0,0.0,0.0,0.0,,,,,,,,,,,
2017-05-23,,,,,,,,,,,,,,,,,,,,,,,,2.0,2.0,0.0,15522.0,0.0,0.0,0.0,72.0,0.0,0.0,0.0,0.0,,,,,,,,,,,
2017-05-24,,,,,,,,,,,,,,,,,,,,,,,,0.0,2.0,0.0,10020.0,0.0,0.0,0.0,50.0,0.0,0.0,0.0,16.0,,,,,,,,,,,
2017-05-25,,,,,,,,,,,,,,,,,,,,,,,,0.0,0.0,2.0,13866.0,0.0,0.0,0.0,54.0,0.0,0.0,0.0,16.0,,,,,,,,,,,
2017-05-26,,,,,,,,,,,,,,,,,,,,,,,,0.0,0.0,0.0,15314.0,0.0,0.0,0.0,58.0,0.0,0.0,0.0,0.0,,,,,,,,,,,
2017-05-31,,,,,,,,,,,,,,,,,,,,,,,,0.0,0.0,0.0,13220.0,0.0,0.0,0.0,114.0,0.0,0.0,0.0,12.0,,,,,,,,,,,
2017-06-01,,,,,,,,,,,,,,,,,,,,,,,,0.0,0.0,8.0,16312.0,0.0,0.0,0.0,54.0,0.0,0.0,0.0,0.0,,,,,,,,,,,
2017-06-02,,,,,,,,,,,,,,,,,,,,,,,,4.0,0.0,0.0,11498.0,0.0,0.0,0.0,98.0,0.0,0.0,0.0,0.0,,,,,,,,,,,
2017-06-05,,,,,,,,,,,,,,,,,,,,,,,,0.0,0.0,0.0,15698.0,4.0,0.0,0.0,112.0,0.0,0.0,0.0,12.0,,,,,,,,,,,
2017-06-06,,,,,,,,,,,,,,,,,,,,,,,,0.0,0.0,0.0,15702.0,0.0,0.0,0.0,96.0,0.0,0.0,0.0,4.0,,,,,,,,,,,
2017-06-07,,,,,,,,,,,,,,,,,,,,,,,,0.0,0.0,0.0,24842.0,0.0,0.0,0.0,298.0,0.0,0.0,0.0,0.0,,,,,,,,,,,
2017-06-08,,,,,,,,,,,,,,,,,,,,,,,,0.0,0.0,0.0,17354.0,0.0,0.0,0.0,122.0,0.0,4.0,0.0,0.0,,,,,,,,,,,
2017-06-09,,,,,,,,,,,,,,,,,,,,,,,,0.0,0.0,0.0,13662.0,0.0,0.0,0.0,158.0,0.0,0.0,0.0,0.0,,,,,,,,,,,
2017-06-12,,,,,,,,,,,,,,,,,,,,,,,,0.0,0.0,0.0,14584.0,0.0,0.0,0.0,118.0,0.0,0.0,0.0,2.0,,,,,,,,,,,
2017-06-13,,,,,,,,,,,,,,,,,,,,,,,,0.0,0.0,2.0,29214.0,0.0,0.0,0.0,508.0,0.0,0.0,0.0,2.0,,,,,,,,,,,
2017-06-14,,,,,,,,,,,,,,,,,,,,,,,,0.0,4.0,2.0,26028.0,0.0,0.0,0.0,288.0,0.0,0.0,0.0,18.0,,,,,,,,,,,
2017-06-15,,,,,,,,,,,,,,,,,,,,,,,,0.0,0.0,0.0,20584.0,0.0,0.0,0.0,156.0,0.0,0.0,0.0,6.0,,,,,,,,,,,
2017-06-16,,,,,,,,,,,,,,,,,,,,,,,,,0.0,0.0,15758.0,0.0,0.0,0.0,198.0,0.0,0.0,0.0,10.0,0.0,,,,,,,,,,
2017-06-19,,,,,,,,,,,,,,,,,,,,,,,,,0.0,0.0,21724.0,4.0,0.0,0.0,242.0,0.0,0.0,0.0,8.0,0.0,,,,,,,,,,
2017-06-20,,,,,,,,,,,,,,,,,,,,,,,,,0.0,0.0,13668.0,0.0,0.0,0.0,162.0,0.0,0.0,0.0,10.0,0.0,,,,,,,,,,
2017-06-21,,,,,,,,,,,,,,,,,,,,,,,,,0.0,0.0,17716.0,0.0,0.0,0.0,238.0,0.0,0.0,0.0,8.0,0.0,,,,,,,,,,
2017-06-22,,,,,,,,,,,,,,,,,,,,,,,,,0.0,0.0,19460.0,0.0,0.0,0.0,190.0,0.0,0.0,0.0,16.0,0.0,,,,,,,,,,
2017-06-23,,,,,,,,,,,,,,,,,,,,,,,,,0.0,0.0,14338.0,0.0,0.0,0.0,152.0,0.0,0.0,0.0,4.0,0.0,,,,,,,,,,
2017-06-26,,,,,,,,,,,,,,,,,,,,,,,,,0.0,0.0,13744.0,4.0,0.0,0.0,212.0,0.0,0.0,0.0,12.0,0.0,,,,,,,,,,
2017-06-27,,,,,,,,,,,,,,,,,,,,,,,,,2.0,0.0,14826.0,0.0,0.0,0.0,244.0,0.0,0.0,0.0,0.0,0.0,,,,,,,,,,
2017-06-28,,,,,,,,,,,,,,,,,,,,,,,,,0.0,0.0,16806.0,0.0,0.0,0.0,398.0,0.0,0.0,0.0,12.0,0.0,,,,,,,,,,
2017-06-29,,,,,,,,,,,,,,,,,,,,,,,,,0.0,0.0,14526.0,0.0,0.0,0.0,238.0,0.0,0.0,0.0,0.0,0.0,,,,,,,,,,
2017-06-30,,,,,,,,,,,,,,,,,,,,,,,,,0.0,0.0,17474.0,0.0,0.0,0.0,142.0,0.0,0.0,0.0,18.0,0.0,,,,,,,,,,
2017-07-03,,,,,,,,,,,,,,,,,,,,,,,,,0.0,0.0,11030.0,0.0,0.0,0.0,104.0,0.0,0.0,0.0,4.0,0.0,,,,,,,,,,
2017-07-04,,,,,,,,,,,,,,,,,,,,,,,,,0.0,0.0,16606.0,0.0,0.0,0.0,220.0,0.0,0.0,0.0,10.0,0.0,,,,,,,,,,
2017-07-05,,,,,,,,,,,,,,,,,,,,,,,,,0.0,16.0,11706.0,0.0,0.0,0.0,172.0,0.0,0.0,0.0,0.0,0.0,,,,,,,,,,
2017-07-06,,,,,,,,,,,,,,,,,,,,,,,,,0.0,2.0,14124.0,0.0,0.0,0.0,76.0,0.0,0.0,0.0,4.0,0.0,,,,,,,,,,
2017-07-07,,,,,,,,,,,,,,,,,,,,,,,,,0.0,0.0,11220.0,0.0,0.0,0.0,232.0,0.0,0.0,0.0,2.0,0.0,,,,,,,,,,
2017-07-10,,,,,,,,,,,,,,,,,,,,,,,,,0.0,0.0,16618.0,0.0,0.0,0.0,298.0,4.0,0.0,0.0,10.0,0.0,,,,,,,,,,
2017-07-11,,,,,,,,,,,,,,,,,,,,,,,,,0.0,0.0,13310.0,4.0,0.0,0.0,120.0,0.0,0.0,0.0,8.0,0.0,,,,,,,,,,
2017-07-12,,,,,,,,,,,,,,,,,,,,,,,,,0.0,0.0,15388.0,0.0,0.0,0.0,158.0,0.0,0.0,0.0,10.0,0.0,,,,,,,,,,
2017-07-13,,,,,,,,,,,,,,,,,,,,,,,,,0.0,0.0,12480.0,0.0,0.0,0.0,442.0,0.0,0.0,0.0,0.0,0.0,,,,,,,,,,
2017-07-14,,,,,,,,,,,,,,,,,,,,,,,,,0.0,0.0,19682.0,0.0,0.0,0.0,244.0,0.0,0.0,0.0,0.0,0.0,,,,,,,,,,
2017-07-17,,,,,,,,,,,,,,,,,,,,,,,,,0.0,2.0,16670.0,0.0,0.0,0.0,356.0,0.0,0.0,0.0,0.0,0.0,,,,,,,,,,
2017-07-18,,,,,,,,,,,,,,,,,,,,,,,,,,0.0,12746.0,0.0,0.0,0.0,492.0,0.0,0.0,0.0,4.0,0.0,0.0,,,,,,,,,
2017-07-19,,,,,,,,,,,,,,,,,,,,,,,,,,0.0,39350.0,0.0,0.0,0.0,524.0,0.0,0.0,0.0,10.0,0.0,0.0,,,,,,,,,
2017-07-20,,,,,,,,,,,,,,,,,,,,,,,,,,0.0,15154.0,0.0,0.0,0.0,176.0,0.0,0.0,0.0,10.0,0.0,0.0,,,,,,,,,
2017-07-21,,,,,,,,,,,,,,,,,,,,,,,,,,0.0,16600.0,6.0,0.0,0.0,302.0,0.0,0.0,0.0,36.0,0.0,0.0,,,,,,,,,
2017-07-24,,,,,,,,,,,,,,,,,,,,,,,,,,0.0,17574.0,0.0,0.0,0.0,382.0,0.0,0.0,0.0,4.0,0.0,0.0,,,,,,,,,
2017-07-25,,,,,,,,,,,,,,,,,,,,,,,,,,0.0,13634.0,0.0,0.0,0.0,242.0,0.0,0.0,0.0,0.0,0.0,0.0,,,,,,,,,
2017-07-26,,,,,,,,,,,,,,,,,,,,,,,,,,0.0,24546.0,0.0,0.0,0.0,640.0,0.0,0.0,0.0,6.0,0.0,0.0,,,,,,,,,
2017-07-27,,,,,,,,,,,,,,,,,,,,,,,,,,0.0,44936.0,0.0,0.0,0.0,1316.0,0.0,0.0,0.0,34.0,0.0,2.0,,,,,,,,,
2017-07-28,,,,,,,,,,,,,,,,,,,,,,,,,,0.0,36612.0,0.0,0.0,0.0,1536.0,0.0,0.0,0.0,20.0,0.0,0.0,,,,,,,,,
2017-07-31,,,,,,,,,,,,,,,,,,,,,,,,,,0.0,20548.0,0.0,0.0,0.0,646.0,0.0,0.0,0.0,12.0,0.0,0.0,,,,,,,,,
2017-08-01,,,,,,,,,,,,,,,,,,,,,,,,,,0.0,17580.0,14.0,0.0,0.0,940.0,0.0,0.0,0.0,26.0,0.0,4.0,,,,,,,,,
2017-08-02,,,,,,,,,,,,,,,,,,,,,,,,,,0.0,16312.0,0.0,0.0,0.0,1342.0,0.0,0.0,0.0,20.0,0.0,0.0,,,,,,,,,
2017-08-03,,,,,,,,,,,,,,,,,,,,,,,,,,0.0,10982.0,0.0,0.0,0.0,570.0,0.0,0.0,0.0,2.0,0.0,0.0,,,,,,,,,
2017-08-04,,,,,,,,,,,,,,,,,,,,,,,,,,0.0,14934.0,2.0,0.0,0.0,868.0,0.0,0.0,0.0,8.0,0.0,0.0,,,,,,,,,
2017-08-07,,,,,,,,,,,,,,,,,,,,,,,,,,0.0,12294.0,0.0,0.0,0.0,920.0,30.0,0.0,0.0,38.0,0.0,0.0,,,,,,,,,
2017-08-08,,,,,,,,,,,,,,,,,,,,,,,,,,0.0,15868.0,4.0,0.0,14.0,1410.0,0.0,0.0,0.0,14.0,0.0,0.0,,,,,,,,,
2017-08-09,,,,,,,,,,,,,,,,,,,,,,,,,,0.0,23510.0,0.0,2.0,2.0,4390.0,0.0,0.0,0.0,82.0,0.0,0.0,,,,,,,,,
2017-08-10,,,,,,,,,,,,,,,,,,,,,,,,,,0.0,17184.0,0.0,0.0,16.0,3098.0,0.0,0.0,0.0,56.0,0.0,0.0,,,,,,,,,
2017-08-11,,,,,,,,,,,,,,,,,,,,,,,,,,0.0,17490.0,6.0,0.0,0.0,4130.0,0.0,0.0,0.0,38.0,0.0,0.0,,,,,,,,,
2017-08-14,,,,,,,,,,,,,,,,,,,,,,,,,,0.0,11820.0,0.0,0.0,6.0,2954.0,0.0,0.0,0.0,46.0,0.0,0.0,,,,,,,,,
2017-08-15,,,,,,,,,,,,,,,,,,,,,,,,,,0.0,10006.0,0.0,0.0,0.0,2468.0,0.0,0.0,0.0,22.0,0.0,0.0,,,,,,,,,
2017-08-16,,,,,,,,,,,,,,,,,,,,,,,,,,,13132.0,2.0,0.0,2.0,4312.0,0.0,0.0,0.0,4.0,0.0,0.0,0.0,,,,,,,,
2017-08-17,,,,,,,,,,,,,,,,,,,,,,,,,,,20348.0,0.0,0.0,0.0,8898.0,0.0,0.0,0.0,44.0,0.0,0.0,0.0,,,,,,,,
2017-08-18,,,,,,,,,,,,,,,,,,,,,,,,,,,10484.0,0.0,0.0,0.0,4546.0,0.0,0.0,0.0,4.0,0.0,0.0,0.0,,,,,,,,
2017-08-21,,,,,,,,,,,,,,,,,,,,,,,,,,,12170.0,14.0,0.0,0.0,5776.0,0.0,0.0,0.0,12.0,0.0,0.0,0.0,,,,,,,,
2017-08-22,,,,,,,,,,,,,,,,,,,,,,,,,,,11220.0,68.0,0.0,0.0,4344.0,2.0,0.0,0.0,6.0,0.0,0.0,0.0,,,,,,,,
2017-08-23,,,,,,,,,,,,,,,,,,,,,,,,,,,16306.0,20.0,0.0,0.0,7614.0,0.0,0.0,0.0,14.0,0.0,0.0,0.0,,,,,,,,
2017-08-24,,,,,,,,,,,,,,,,,,,,,,,,,,,10404.0,4.0,0.0,20.0,5902.0,0.0,0.0,0.0,22.0,0.0,0.0,0.0,,,,,,,,
2017-08-25,,,,,,,,,,,,,,,,,,,,,,,,,,,10480.0,44.0,0.0,0.0,5788.0,0.0,0.0,0.0,12.0,0.0,0.0,0.0,,,,,,,,
2017-08-28,,,,,,,,,,,,,,,,,,,,,,,,,,,10778.0,12.0,0.0,0.0,5992.0,0.0,0.0,0.0,14.0,0.0,0.0,0.0,,,,,,,,
2017-08-29,,,,,,,,,,,,,,,,,,,,,,,,,,,10816.0,24.0,2.0,0.0,8682.0,0.0,0.0,0.0,4.0,0.0,0.0,0.0,,,,,,,,
2017-08-30,,,,,,,,,,,,,,,,,,,,,,,,,,,7022.0,10.0,0.0,0.0,9048.0,0.0,0.0,0.0,20.0,0.0,4.0,0.0,,,,,,,,
2017-08-31,,,,,,,,,,,,,,,,,,,,,,,,,,,4040.0,64.0,0.0,90.0,16154.0,0.0,0.0,0.0,6.0,0.0,2.0,0.0,,,,,,,,
2017-09-01,,,,,,,,,,,,,,,,,,,,,,,,,,,1048.0,52.0,0.0,0.0,11858.0,0.0,2.0,0.0,8.0,0.0,0.0,0.0,,,,,,,,
2017-09-04,,,,,,,,,,,,,,,,,,,,,,,,,,,1652.0,32.0,0.0,68.0,20622.0,0.0,0.0,0.0,14.0,0.0,0.0,0.0,,,,,,,,
2017-09-05,,,,,,,,,,,,,,,,,,,,,,,,,,,1028.0,20.0,0.0,2.0,14502.0,0.0,0.0,0.0,12.0,0.0,0.0,0.0,,,,,,,,
2017-09-06,,,,,,,,,,,,,,,,,,,,,,,,,,,1648.0,4.0,0.0,0.0,15210.0,0.0,0.0,0.0,14.0,0.0,0.0,0.0,,,,,,,,
2017-09-07,,,,,,,,,,,,,,,,,,,,,,,,,,,956.0,24.0,2.0,0.0,13788.0,0.0,0.0,0.0,12.0,0.0,0.0,0.0,,,,,,,,
2017-09-08,,,,,,,,,,,,,,,,,,,,,,,,,,,404.0,20.0,0.0,0.0,18120.0,0.0,0.0,0.0,40.0,0.0,0.0,0.0,,,,,,,,
2017-09-11,,,,,,,,,,,,,,,,,,,,,,,,,,,916.0,0.0,0.0,36.0,16992.0,0.0,0.0,0.0,30.0,0.0,0.0,0.0,,,,,,,,
2017-09-12,,,,,,,,,,,,,,,,,,,,,,,,,,,744.0,0.0,0.0,0.0,12872.0,0.0,0.0,0.0,2.0,0.0,0.0,0.0,,,,,,,,
2017-09-13,,,,,,,,,,,,,,,,,,,,,,,,,,,320.0,0.0,6.0,2.0,10368.0,0.0,0.0,0.0,74.0,0.0,0.0,0.0,,,,,,,,
2017-09-14,,,,,,,,,,,,,,,,,,,,,,,,,,,512.0,0.0,0.0,0.0,16908.0,0.0,0.0,0.0,32.0,0.0,0.0,0.0,,,,,,,,
2017-09-15,,,,,,,,,,,,,,,,,,,,,,,,,,,380.0,0.0,10.0,0.0,16592.0,0.0,0.0,0.0,26.0,0.0,0.0,0.0,,,,,,,,
2017-09-18,,,,,,,,,,,,,,,,,,,,,,,,,,,,0.0,0.0,0.0,13812.0,0.0,0.0,0.0,48.0,0.0,0.0,0.0,4.0,,,,,,,
2017-09-19,,,,,,,,,,,,,,,,,,,,,,,,,,,,0.0,0.0,0.0,14156.0,0.0,0.0,0.0,32.0,0.0,0.0,0.0,2.0,,,,,,,
2017-09-20,,,,,,,,,,,,,,,,,,,,,,,,,,,,0.0,0.0,0.0,13742.0,0.0,0.0,0.0,62.0,0.0,0.0,0.0,4.0,,,,,,,
2017-09-21,,,,,,,,,,,,,,,,,,,,,,,,,,,,0.0,0.0,0.0,17334.0,0.0,0.0,0.0,78.0,0.0,0.0,0.0,0.0,,,,,,,
2017-09-22,,,,,,,,,,,,,,,,,,,,,,,,,,,,0.0,0.0,0.0,18858.0,0.0,0.0,0.0,112.0,0.0,0.0,0.0,0.0,,,,,,,
2017-09-25,,,,,,,,,,,,,,,,,,,,,,,,,,,,32.0,0.0,0.0,19596.0,0.0,0.0,0.0,34.0,0.0,0.0,0.0,4.0,,,,,,,
2017-09-26,,,,,,,,,,,,,,,,,,,,,,,,,,,,18.0,0.0,32.0,16312.0,0.0,0.0,0.0,54.0,0.0,0.0,0.0,0.0,,,,,,,
2017-09-27,,,,,,,,,,,,,,,,,,,,,,,,,,,,0.0,10.0,14.0,13112.0,0.0,0.0,0.0,24.0,0.0,0.0,0.0,34.0,,,,,,,
2017-09-28,,,,,,,,,,,,,,,,,,,,,,,,,,,,0.0,0.0,0.0,12634.0,0.0,0.0,0.0,34.0,0.0,0.0,0.0,6.0,,,,,,,
2017-09-29,,,,,,,,,,,,,,,,,,,,,,,,,,,,0.0,0.0,0.0,9678.0,0.0,0.0,0.0,70.0,0.0,0.0,0.0,2.0,,,,,,,
2017-10-09,,,,,,,,,,,,,,,,,,,,,,,,,,,,0.0,0.0,8.0,11256.0,0.0,0.0,0.0,28.0,0.0,0.0,0.0,0.0,,,,,,,
2017-10-10,,,,,,,,,,,,,,,,,,,,,,,,,,,,0.0,0.0,0.0,15268.0,0.0,0.0,8.0,24.0,0.0,0.0,0.0,26.0,,,,,,,
2017-10-11,,,,,,,,,,,,,,,,,,,,,,,,,,,,0.0,0.0,0.0,15476.0,0.0,0.0,0.0,40.0,0.0,0.0,0.0,8.0,,,,,,,
2017-10-12,,,,,,,,,,,,,,,,,,,,,,,,,,,,0.0,2.0,4.0,16908.0,0.0,0.0,2.0,88.0,0.0,0.0,0.0,38.0,,,,,,,
2017-10-13,,,,,,,,,,,,,,,,,,,,,,,,,,,,0.0,0.0,0.0,10754.0,0.0,0.0,0.0,46.0,0.0,0.0,0.0,20.0,,,,,,,
2017-10-16,,,,,,,,,,,,,,,,,,,,,,,,,,,,0.0,16.0,8.0,18636.0,0.0,0.0,0.0,94.0,0.0,0.0,0.0,8.0,,,,,,,
2017-10-17,,,,,,,,,,,,,,,,,,,,,,,,,,,,,0.0,0.0,12750.0,0.0,0.0,0.0,54.0,0.0,0.0,0.0,6.0,0.0,,,,,,
2017-10-18,,,,,,,,,,,,,,,,,,,,,,,,,,,,,0.0,2.0,15880.0,0.0,0.0,0.0,108.0,0.0,0.0,0.0,6.0,0.0,,,,,,
2017-10-19,,,,,,,,,,,,,,,,,,,,,,,,,,,,,0.0,0.0,12582.0,0.0,0.0,0.0,58.0,0.0,0.0,0.0,2.0,0.0,,,,,,
2017-10-20,,,,,,,,,,,,,,,,,,,,,,,,,,,,,8.0,10.0,14308.0,0.0,0.0,0.0,62.0,0.0,0.0,0.0,6.0,0.0,,,,,,
2017-10-23,,,,,,,,,,,,,,,,,,,,,,,,,,,,,0.0,0.0,16506.0,0.0,0.0,4.0,78.0,0.0,0.0,0.0,10.0,0.0,,,,,,
2017-10-24,,,,,,,,,,,,,,,,,,,,,,,,,,,,,0.0,4.0,11500.0,0.0,0.0,0.0,50.0,0.0,0.0,0.0,0.0,0.0,,,,,,
2017-10-25,,,,,,,,,,,,,,,,,,,,,,,,,,,,,0.0,0.0,7914.0,0.0,0.0,0.0,28.0,0.0,0.0,0.0,4.0,0.0,,,,,,
2017-10-26,,,,,,,,,,,,,,,,,,,,,,,,,,,,,12.0,0.0,8952.0,0.0,0.0,0.0,32.0,0.0,0.0,0.0,4.0,0.0,,,,,,
2017-10-27,,,,,,,,,,,,,,,,,,,,,,,,,,,,,0.0,0.0,12358.0,0.0,0.0,0.0,64.0,0.0,0.0,0.0,0.0,0.0,,,,,,
2017-10-30,,,,,,,,,,,,,,,,,,,,,,,,,,,,,6.0,28.0,8400.0,0.0,0.0,0.0,88.0,0.0,0.0,0.0,0.0,0.0,,,,,,
2017-10-31,,,,,,,,,,,,,,,,,,,,,,,,,,,,,4.0,0.0,11760.0,0.0,0.0,0.0,126.0,0.0,0.0,0.0,2.0,0.0,,,,,,
2017-11-01,,,,,,,,,,,,,,,,,,,,,,,,,,,,,0.0,0.0,34374.0,0.0,0.0,0.0,436.0,0.0,0.0,0.0,8.0,0.0,,,,,,
2017-11-02,,,,,,,,,,,,,,,,,,,,,,,,,,,,,8.0,0.0,14418.0,0.0,0.0,0.0,142.0,0.0,0.0,0.0,6.0,0.0,,,,,,
2017-11-03,,,,,,,,,,,,,,,,,,,,,,,,,,,,,8.0,0.0,7568.0,0.0,0.0,0.0,204.0,0.0,0.0,0.0,4.0,0.0,,,,,,
2017-11-06,,,,,,,,,,,,,,,,,,,,,,,,,,,,,8.0,2.0,9876.0,0.0,0.0,0.0,152.0,0.0,0.0,0.0,2.0,0.0,,,,,,
2017-11-07,,,,,,,,,,,,,,,,,,,,,,,,,,,,,4.0,0.0,15786.0,0.0,0.0,0.0,222.0,0.0,0.0,0.0,0.0,0.0,,,,,,
2017-11-08,,,,,,,,,,,,,,,,,,,,,,,,,,,,,0.0,0.0,13082.0,62.0,0.0,0.0,310.0,0.0,0.0,0.0,10.0,0.0,,,,,,
2017-11-09,,,,,,,,,,,,,,,,,,,,,,,,,,,,,0.0,56.0,12164.0,0.0,0.0,0.0,274.0,0.0,0.0,0.0,4.0,0.0,,,,,,
2017-11-10,,,,,,,,,,,,,,,,,,,,,,,,,,,,,4.0,18.0,17550.0,0.0,0.0,0.0,488.0,0.0,0.0,0.0,18.0,0.0,,,,,,
2017-11-13,,,,,,,,,,,,,,,,,,,,,,,,,,,,,0.0,8.0,10778.0,0.0,0.0,0.0,120.0,0.0,0.0,0.0,8.0,0.0,,,,,,
2017-11-14,,,,,,,,,,,,,,,,,,,,,,,,,,,,,0.0,0.0,12116.0,0.0,0.0,0.0,270.0,0.0,0.0,0.0,6.0,0.0,,,,,,
2017-11-15,,,,,,,,,,,,,,,,,,,,,,,,,,,,,0.0,0.0,16050.0,0.0,0.0,2.0,622.0,0.0,0.0,0.0,18.0,0.0,,,,,,
2017-11-16,,,,,,,,,,,,,,,,,,,,,,,,,,,,,,0.0,10142.0,0.0,0.0,0.0,256.0,0.0,0.0,0.0,2.0,0.0,0.0,,,,,
2017-11-17,,,,,,,,,,,,,,,,,,,,,,,,,,,,,,24.0,10220.0,0.0,0.0,0.0,322.0,0.0,0.0,0.0,12.0,0.0,0.0,,,,,
2017-11-20,,,,,,,,,,,,,,,,,,,,,,,,,,,,,,2.0,8444.0,0.0,0.0,0.0,236.0,0.0,0.0,0.0,0.0,0.0,0.0,,,,,
2017-11-21,,,,,,,,,,,,,,,,,,,,,,,,,,,,,,0.0,10768.0,0.0,0.0,0.0,548.0,0.0,0.0,0.0,4.0,0.0,0.0,,,,,
2017-11-22,,,,,,,,,,,,,,,,,,,,,,,,,,,,,,6.0,9056.0,0.0,0.0,0.0,288.0,0.0,0.0,0.0,0.0,0.0,0.0,,,,,
2017-11-23,,,,,,,,,,,,,,,,,,,,,,,,,,,,,,0.0,15402.0,0.0,0.0,0.0,550.0,0.0,0.0,0.0,18.0,0.0,0.0,,,,,
2017-11-24,,,,,,,,,,,,,,,,,,,,,,,,,,,,,,2.0,13624.0,0.0,0.0,0.0,934.0,0.0,0.0,0.0,14.0,0.0,0.0,,,,,
2017-11-27,,,,,,,,,,,,,,,,,,,,,,,,,,,,,,0.0,13264.0,0.0,0.0,2.0,600.0,0.0,0.0,4.0,2.0,0.0,0.0,,,,,
2017-11-28,,,,,,,,,,,,,,,,,,,,,,,,,,,,,,0.0,12718.0,0.0,0.0,0.0,424.0,0.0,0.0,0.0,4.0,0.0,0.0,,,,,
2017-11-29,,,,,,,,,,,,,,,,,,,,,,,,,,,,,,0.0,9878.0,0.0,0.0,2.0,540.0,0.0,0.0,0.0,6.0,0.0,0.0,,,,,
2017-11-30,,,,,,,,,,,,,,,,,,,,,,,,,,,,,,10.0,13762.0,0.0,4.0,0.0,1064.0,0.0,0.0,0.0,26.0,0.0,0.0,,,,,
2017-12-01,,,,,,,,,,,,,,,,,,,,,,,,,,,,,,0.0,16116.0,0.0,0.0,0.0,1494.0,0.0,0.0,0.0,36.0,0.0,0.0,,,,,
2017-12-04,,,,,,,,,,,,,,,,,,,,,,,,,,,,,,0.0,11336.0,0.0,0.0,4.0,1174.0,0.0,0.0,0.0,22.0,0.0,0.0,,,,,
2017-12-05,,,,,,,,,,,,,,,,,,,,,,,,,,,,,,40.0,8796.0,0.0,0.0,0.0,880.0,0.0,0.0,0.0,20.0,0.0,0.0,,,,,
2017-12-06,,,,,,,,,,,,,,,,,,,,,,,,,,,,,,0.0,12178.0,0.0,0.0,0.0,1936.0,0.0,0.0,0.0,20.0,0.0,0.0,,,,,
2017-12-07,,,,,,,,,,,,,,,,,,,,,,,,,,,,,,0.0,8680.0,0.0,0.0,0.0,994.0,0.0,0.0,0.0,34.0,0.0,0.0,,,,,
2017-12-08,,,,,,,,,,,,,,,,,,,,,,,,,,,,,,0.0,10160.0,0.0,0.0,0.0,1778.0,0.0,0.0,0.0,34.0,0.0,0.0,,,,,
2017-12-11,,,,,,,,,,,,,,,,,,,,,,,,,,,,,,0.0,13386.0,0.0,0.0,0.0,2572.0,28.0,0.0,0.0,82.0,0.0,0.0,,,,,
2017-12-12,,,,,,,,,,,,,,,,,,,,,,,,,,,,,,0.0,25698.0,0.0,0.0,0.0,5312.0,54.0,0.0,0.0,18.0,0.0,0.0,,,,,
2017-12-13,,,,,,,,,,,,,,,,,,,,,,,,,,,,,,0.0,22896.0,0.0,0.0,0.0,5996.0,0.0,0.0,0.0,20.0,0.0,0.0,,,,,
2017-12-14,,,,,,,,,,,,,,,,,,,,,,,,,,,,,,0.0,29384.0,0.0,0.0,0.0,9652.0,0.0,0.0,0.0,14.0,0.0,0.0,,,,,
2017-12-15,,,,,,,,,,,,,,,,,,,,,,,,,,,,,,0.0,12766.0,0.0,0.0,0.0,3904.0,0.0,0.0,0.0,4.0,0.0,0.0,,,,,
2017-12-18,,,,,,,,,,,,,,,,,,,,,,,,,,,,,,,19682.0,0.0,0.0,0.0,8132.0,0.0,0.0,0.0,22.0,0.0,0.0,0.0,,,,
2017-12-19,,,,,,,,,,,,,,,,,,,,,,,,,,,,,,,10932.0,0.0,0.0,0.0,6270.0,0.0,0.0,0.0,62.0,0.0,0.0,0.0,,,,
2017-12-20,,,,,,,,,,,,,,,,,,,,,,,,,,,,,,,9976.0,8.0,0.0,0.0,6110.0,0.0,0.0,0.0,40.0,0.0,0.0,0.0,,,,
2017-12-21,,,,,,,,,,,,,,,,,,,,,,,,,,,,,,,9302.0,26.0,0.0,0.0,5358.0,0.0,0.0,0.0,26.0,0.0,0.0,0.0,,,,
2017-12-22,,,,,,,,,,,,,,,,,,,,,,,,,,,,,,,6884.0,0.0,0.0,0.0,4924.0,0.0,0.0,0.0,6.0,0.0,0.0,0.0,,,,
2017-12-25,,,,,,,,,,,,,,,,,,,,,,,,,,,,,,,8660.0,4.0,0.0,0.0,7134.0,0.0,0.0,14.0,38.0,0.0,0.0,0.0,,,,
2017-12-26,,,,,,,,,,,,,,,,,,,,,,,,,,,,,,,10526.0,8.0,0.0,0.0,9920.0,8.0,0.0,14.0,8.0,0.0,0.0,0.0,,,,
2017-12-27,,,,,,,,,,,,,,,,,,,,,,,,,,,,,,,5078.0,0.0,0.0,0.0,6614.0,0.0,0.0,18.0,8.0,0.0,0.0,0.0,,,,
2017-12-28,,,,,,,,,,,,,,,,,,,,,,,,,,,,,,,2668.0,0.0,0.0,0.0,11290.0,0.0,0.0,4.0,6.0,0.0,0.0,0.0,,,,
2017-12-29,,,,,,,,,,,,,,,,,,,,,,,,,,,,,,,2214.0,0.0,0.0,0.0,15210.0,0.0,0.0,0.0,28.0,0.0,0.0,0.0,,,,
2018-01-02,,,,,,,,,,,,,,,,,,,,,,,,,,,,,,,1328.0,0.0,0.0,0.0,8176.0,0.0,0.0,0.0,52.0,0.0,0.0,0.0,,,,
2018-01-03,,,,,,,,,,,,,,,,,,,,,,,,,,,,,,,1152.0,0.0,0.0,0.0,9410.0,0.0,0.0,0.0,52.0,0.0,0.0,0.0,,,,
2018-01-04,,,,,,,,,,,,,,,,,,,,,,,,,,,,,,,256.0,4.0,0.0,0.0,9820.0,0.0,0.0,0.0,44.0,0.0,0.0,0.0,,,,
2018-01-05,,,,,,,,,,,,,,,,,,,,,,,,,,,,,,,136.0,0.0,0.0,0.0,9058.0,0.0,0.0,0.0,78.0,0.0,0.0,0.0,,,,
2018-01-08,,,,,,,,,,,,,,,,,,,,,,,,,,,,,,,244.0,2.0,0.0,0.0,8574.0,0.0,0.0,0.0,90.0,0.0,0.0,0.0,,,,
2018-01-09,,,,,,,,,,,,,,,,,,,,,,,,,,,,,,,800.0,2.0,0.0,0.0,10634.0,0.0,0.0,0.0,16.0,0.0,0.0,0.0,,,,
2018-01-10,,,,,,,,,,,,,,,,,,,,,,,,,,,,,,,348.0,0.0,0.0,0.0,12054.0,0.0,0.0,0.0,80.0,0.0,0.0,0.0,,,,
2018-01-11,,,,,,,,,,,,,,,,,,,,,,,,,,,,,,,0.0,0.0,0.0,0.0,9632.0,2.0,0.0,0.0,112.0,0.0,0.0,0.0,,,,
2018-01-12,,,,,,,,,,,,,,,,,,,,,,,,,,,,,,,328.0,0.0,0.0,0.0,12388.0,2.0,0.0,0.0,200.0,8.0,14.0,0.0,,,,
2018-01-15,,,,,,,,,,,,,,,,,,,,,,,,,,,,,,,260.0,14.0,0.0,0.0,12438.0,10.0,0.0,0.0,64.0,0.0,0.0,0.0,,,,
2018-01-16,,,,,,,,,,,,,,,,,,,,,,,,,,,,,,,,0.0,0.0,0.0,11520.0,0.0,0.0,0.0,108.0,0.0,0.0,0.0,12.0,,,
2018-01-17,,,,,,,,,,,,,,,,,,,,,,,,,,,,,,,,6.0,0.0,0.0,12492.0,0.0,0.0,0.0,90.0,0.0,0.0,0.0,12.0,,,
2018-01-18,,,,,,,,,,,,,,,,,,,,,,,,,,,,,,,,0.0,0.0,0.0,14194.0,0.0,0.0,0.0,60.0,0.0,0.0,0.0,0.0,,,
2018-01-19,,,,,,,,,,,,,,,,,,,,,,,,,,,,,,,,0.0,0.0,2.0,21040.0,2.0,0.0,0.0,380.0,0.0,0.0,0.0,0.0,,,
2018-01-22,,,,,,,,,,,,,,,,,,,,,,,,,,,,,,,,0.0,0.0,0.0,15690.0,0.0,0.0,0.0,320.0,0.0,2.0,0.0,0.0,,,
2018-01-23,,,,,,,,,,,,,,,,,,,,,,,,,,,,,,,,0.0,0.0,0.0,11720.0,4.0,0.0,0.0,200.0,0.0,0.0,0.0,0.0,,,
2018-01-24,,,,,,,,,,,,,,,,,,,,,,,,,,,,,,,,0.0,0.0,0.0,7120.0,0.0,0.0,0.0,182.0,0.0,0.0,0.0,0.0,,,
2018-01-25,,,,,,,,,,,,,,,,,,,,,,,,,,,,,,,,0.0,0.0,0.0,15548.0,0.0,0.0,0.0,184.0,0.0,0.0,0.0,0.0,,,
2018-01-26,,,,,,,,,,,,,,,,,,,,,,,,,,,,,,,,0.0,0.0,0.0,12440.0,0.0,0.0,0.0,86.0,0.0,0.0,0.0,0.0,,,
2018-01-29,,,,,,,,,,,,,,,,,,,,,,,,,,,,,,,,4.0,0.0,2.0,42392.0,0.0,0.0,0.0,1104.0,0.0,0.0,0.0,32.0,,,
2018-01-30,,,,,,,,,,,,,,,,,,,,,,,,,,,,,,,,0.0,4.0,0.0,26498.0,0.0,0.0,0.0,380.0,0.0,0.0,0.0,6.0,,,
2018-01-31,,,,,,,,,,,,,,,,,,,,,,,,,,,,,,,,0.0,0.0,0.0,21794.0,0.0,0.0,0.0,248.0,0.0,0.0,0.0,32.0,,,
2018-02-01,,,,,,,,,,,,,,,,,,,,,,,,,,,,,,,,0.0,0.0,20.0,11710.0,4.0,0.0,0.0,120.0,0.0,0.0,0.0,0.0,,,
2018-02-02,,,,,,,,,,,,,,,,,,,,,,,,,,,,,,,,0.0,0.0,0.0,12292.0,0.0,0.0,0.0,146.0,0.0,0.0,0.0,4.0,,,
2018-02-05,,,,,,,,,,,,,,,,,,,,,,,,,,,,,,,,0.0,0.0,144.0,20534.0,0.0,0.0,0.0,264.0,0.0,0.0,0.0,22.0,,,
2018-02-06,,,,,,,,,,,,,,,,,,,,,,,,,,,,,,,,0.0,0.0,0.0,16792.0,0.0,0.0,0.0,220.0,0.0,0.0,0.0,6.0,,,
2018-02-07,,,,,,,,,,,,,,,,,,,,,,,,,,,,,,,,0.0,0.0,0.0,28040.0,0.0,0.0,0.0,444.0,0.0,0.0,0.0,0.0,,,
2018-02-08,,,,,,,,,,,,,,,,,,,,,,,,,,,,,,,,0.0,0.0,0.0,27406.0,0.0,0.0,0.0,400.0,0.0,0.0,0.0,6.0,,,
2018-02-09,,,,,,,,,,,,,,,,,,,,,,,,,,,,,,,,0.0,0.0,0.0,24256.0,0.0,0.0,0.0,330.0,0.0,0.0,0.0,76.0,,,
2018-02-12,,,,,,,,,,,,,,,,,,,,,,,,,,,,,,,,,0.0,10.0,17456.0,0.0,0.0,0.0,254.0,0.0,0.0,0.0,16.0,0.0,,
2018-02-13,,,,,,,,,,,,,,,,,,,,,,,,,,,,,,,,,0.0,18.0,10634.0,0.0,0.0,0.0,46.0,0.0,0.0,0.0,6.0,0.0,,
2018-02-14,,,,,,,,,,,,,,,,,,,,,,,,,,,,,,,,,0.0,2.0,15652.0,10.0,0.0,0.0,88.0,0.0,0.0,0.0,4.0,0.0,,
2018-02-22,,,,,,,,,,,,,,,,,,,,,,,,,,,,,,,,,0.0,0.0,6846.0,0.0,0.0,0.0,48.0,0.0,0.0,0.0,6.0,0.0,,
2018-02-23,,,,,,,,,,,,,,,,,,,,,,,,,,,,,,,,,4.0,8.0,13820.0,0.0,0.0,0.0,336.0,0.0,0.0,0.0,2.0,0.0,,
2018-02-26,,,,,,,,,,,,,,,,,,,,,,,,,,,,,,,,,0.0,0.0,13006.0,0.0,0.0,0.0,258.0,0.0,0.0,0.0,0.0,0.0,,
2018-02-27,,,,,,,,,,,,,,,,,,,,,,,,,,,,,,,,,0.0,0.0,15940.0,0.0,0.0,0.0,374.0,0.0,0.0,0.0,0.0,0.0,,
2018-02-28,,,,,,,,,,,,,,,,,,,,,,,,,,,,,,,,,0.0,4.0,12418.0,2.0,0.0,0.0,252.0,0.0,0.0,8.0,0.0,0.0,,
2018-03-01,,,,,,,,,,,,,,,,,,,,,,,,,,,,,,,,,0.0,0.0,12466.0,0.0,0.0,0.0,132.0,0.0,0.0,0.0,2.0,0.0,,
2018-03-02,,,,,,,,,,,,,,,,,,,,,,,,,,,,,,,,,0.0,0.0,9836.0,0.0,0.0,0.0,244.0,0.0,0.0,0.0,8.0,0.0,,
2018-03-05,,,,,,,,,,,,,,,,,,,,,,,,,,,,,,,,,0.0,0.0,10886.0,0.0,0.0,0.0,146.0,0.0,0.0,0.0,16.0,0.0,,
2018-03-06,,,,,,,,,,,,,,,,,,,,,,,,,,,,,,,,,0.0,0.0,15616.0,0.0,4.0,0.0,232.0,0.0,0.0,0.0,4.0,0.0,,
2018-03-07,,,,,,,,,,,,,,,,,,,,,,,,,,,,,,,,,0.0,0.0,13504.0,0.0,0.0,0.0,310.0,0.0,0.0,0.0,16.0,0.0,,
2018-03-08,,,,,,,,,,,,,,,,,,,,,,,,,,,,,,,,,0.0,0.0,11944.0,0.0,0.0,0.0,184.0,0.0,0.0,0.0,2.0,0.0,,
2018-03-09,,,,,,,,,,,,,,,,,,,,,,,,,,,,,,,,,0.0,2.0,20568.0,6.0,0.0,0.0,934.0,0.0,0.0,0.0,28.0,0.0,,
2018-03-12,,,,,,,,,,,,,,,,,,,,,,,,,,,,,,,,,0.0,0.0,13964.0,4.0,0.0,0.0,272.0,0.0,0.0,0.0,6.0,0.0,,
2018-03-13,,,,,,,,,,,,,,,,,,,,,,,,,,,,,,,,,0.0,0.0,11796.0,0.0,0.0,0.0,232.0,0.0,0.0,0.0,8.0,0.0,,
2018-03-14,,,,,,,,,,,,,,,,,,,,,,,,,,,,,,,,,0.0,0.0,19314.0,0.0,0.0,0.0,706.0,0.0,0.0,0.0,20.0,0.0,,
2018-03-15,,,,,,,,,,,,,,,,,,,,,,,,,,,,,,,,,0.0,0.0,22916.0,0.0,0.0,0.0,722.0,0.0,0.0,0.0,28.0,0.0,,
2018-03-16,,,,,,,,,,,,,,,,,,,,,,,,,,,,,,,,,,2.0,19212.0,0.0,0.0,0.0,558.0,0.0,0.0,0.0,16.0,0.0,0.0,
2018-03-19,,,,,,,,,,,,,,,,,,,,,,,,,,,,,,,,,,4.0,13630.0,0.0,0.0,0.0,368.0,0.0,0.0,0.0,10.0,0.0,4.0,
2018-03-20,,,,,,,,,,,,,,,,,,,,,,,,,,,,,,,,,,0.0,14298.0,0.0,0.0,0.0,398.0,0.0,0.0,0.0,22.0,0.0,0.0,
2018-03-21,,,,,,,,,,,,,,,,,,,,,,,,,,,,,,,,,,0.0,15426.0,4.0,0.0,0.0,440.0,0.0,0.0,0.0,4.0,0.0,0.0,
2018-03-22,,,,,,,,,,,,,,,,,,,,,,,,,,,,,,,,,,4.0,13844.0,0.0,0.0,0.0,730.0,0.0,0.0,0.0,68.0,0.0,0.0,
2018-03-23,,,,,,,,,,,,,,,,,,,,,,,,,,,,,,,,,,6.0,28390.0,0.0,0.0,0.0,1752.0,0.0,0.0,0.0,32.0,0.0,0.0,
2018-03-26,,,,,,,,,,,,,,,,,,,,,,,,,,,,,,,,,,2.0,17908.0,0.0,0.0,4.0,1272.0,0.0,0.0,0.0,30.0,0.0,0.0,
2018-03-27,,,,,,,,,,,,,,,,,,,,,,,,,,,,,,,,,,4.0,13352.0,0.0,0.0,0.0,1176.0,0.0,0.0,0.0,64.0,0.0,0.0,
2018-03-28,,,,,,,,,,,,,,,,,,,,,,,,,,,,,,,,,,0.0,14830.0,0.0,0.0,0.0,1638.0,0.0,0.0,0.0,4.0,0.0,0.0,
2018-03-29,,,,,,,,,,,,,,,,,,,,,,,,,,,,,,,,,,2.0,13348.0,0.0,0.0,0.0,2096.0,0.0,0.0,0.0,48.0,0.0,0.0,
2018-03-30,,,,,,,,,,,,,,,,,,,,,,,,,,,,,,,,,,0.0,17146.0,0.0,0.0,0.0,2646.0,0.0,0.0,0.0,26.0,0.0,0.0,
2018-04-02,,,,,,,,,,,,,,,,,,,,,,,,,,,,,,,,,,0.0,19094.0,0.0,0.0,0.0,2980.0,64.0,0.0,0.0,80.0,0.0,0.0,
2018-04-03,,,,,,,,,,,,,,,,,,,,,,,,,,,,,,,,,,0.0,13398.0,0.0,0.0,0.0,2492.0,14.0,0.0,0.0,32.0,0.0,0.0,
2018-04-04,,,,,,,,,,,,,,,,,,,,,,,,,,,,,,,,,,0.0,12180.0,0.0,0.0,0.0,2470.0,2.0,0.0,0.0,10.0,0.0,0.0,
2018-04-09,,,,,,,,,,,,,,,,,,,,,,,,,,,,,,,,,,0.0,11390.0,0.0,0.0,0.0,2476.0,4.0,0.0,0.0,0.0,0.0,0.0,
2018-04-10,,,,,,,,,,,,,,,,,,,,,,,,,,,,,,,,,,0.0,11582.0,0.0,4.0,0.0,2582.0,0.0,0.0,0.0,8.0,0.0,0.0,
2018-04-11,,,,,,,,,,,,,,,,,,,,,,,,,,,,,,,,,,0.0,11652.0,0.0,0.0,0.0,3498.0,0.0,0.0,0.0,24.0,0.0,0.0,
2018-04-12,,,,,,,,,,,,,,,,,,,,,,,,,,,,,,,,,,0.0,14376.0,0.0,0.0,0.0,5168.0,0.0,0.0,0.0,16.0,0.0,0.0,
2018-04-13,,,,,,,,,,,,,,,,,,,,,,,,,,,,,,,,,,0.0,13594.0,2.0,0.0,0.0,4328.0,0.0,,0.0,44.0,0.0,0.0,
2018-04-16,,,,,,,,,,,,,,,,,,,,,,,,,,,,,,,,,,4.0,12688.0,0.0,10.0,0.0,5096.0,0.0,0.0,0.0,28.0,0.0,0.0,
2018-04-17,,,,,,,,,,,,,,,,,,,,,,,,,,,,,,,,,,,13188.0,0.0,0.0,0.0,7168.0,0.0,0.0,0.0,114.0,0.0,0.0,0.0
2018-04-18,,,,,,,,,,,,,,,,,,,,,,,,,,,,,,,,,,,11444.0,0.0,0.0,0.0,7802.0,30.0,0.0,0.0,206.0,0.0,0.0,0.0
2018-04-19,,,,,,,,,,,,,,,,,,,,,,,,,,,,,,,,,,,11944.0,0.0,0.0,0.0,10650.0,0.0,0.0,0.0,86.0,0.0,0.0,0.0
2018-04-20,,,,,,,,,,,,,,,,,,,,,,,,,,,,,,,,,,,7544.0,0.0,0.0,0.0,8644.0,0.0,0.0,0.0,56.0,0.0,0.0,0.0
2018-04-23,,,,,,,,,,,,,,,,,,,,,,,,,,,,,,,,,,,3826.0,0.0,0.0,0.0,12522.0,0.0,0.0,0.0,10.0,0.0,0.0,0.0
2018-04-24,,,,,,,,,,,,,,,,,,,,,,,,,,,,,,,,,,,3828.0,2.0,0.0,2.0,17904.0,2.0,0.0,0.0,48.0,0.0,0.0,0.0
