,IH1505.CFE,IH1506.CFE,IH1507.CFE,IH1508.CFE,IH1509.CFE,IH1510.CFE,IH1511.CFE,IH1512.CFE,IH1601.CFE,IH1602.CFE,IH1603.CFE,IH1604.CFE,IH1605.CFE,IH1606.CFE,IH1607.CFE,IH1608.CFE,IH1609.CFE,IH1610.CFE,IH1611.CFE,IH1612.CFE,IH1701.CFE,IH1702.CFE,IH1703.CFE,IH1704.CFE,IH1705.CFE,IH1706.CFE,IH1707.CFE,IH1708.CFE,IH1709.CFE,IH1710.CFE,IH1711.CFE,IH1712.CFE,IH1801.CFE,IH1802.CFE,IH1803.CFE,IH1804.CFE,IH1805.CFE,IH1806.CFE,IH1809.CFE
2015-04-16,3100.0,3153.0,,,3089.0,,,3118.8,,,,,,,,,,,,,,,,,,,,,,,,,,,,,,,
2015-04-17,3303.6,3303.0,,,3298.8,,,3356.8,,,,,,,,,,,,,,,,,,,,,,,,,,,,,,,
2015-04-20,3258.0,3310.0,,,3317.8,,,3331.4,,,,,,,,,,,,,,,,,,,,,,,,,,,,,,,
2015-04-21,3176.8,3177.6,,,3186.4,,,3234.2,,,,,,,,,,,,,,,,,,,,,,,,,,,,,,,
2015-04-22,3250.0,3251.0,,,3260.4,,,3298.8,,,,,,,,,,,,,,,,,,,,,,,,,,,,,,,
2015-04-23,3318.6,3324.8,,,3367.8,,,3393.8,,,,,,,,,,,,,,,,,,,,,,,,,,,,,,,
2015-04-24,3248.8,3241.8,,,3240.2,,,3334.6,,,,,,,,,,,,,,,,,,,,,,,,,,,,,,,
2015-04-27,3260.0,3238.0,,,3260.2,,,3299.8,,,,,,,,,,,,,,,,,,,,,,,,,,,,,,,
2015-04-28,3339.0,3360.0,,,3367.0,,,3390.2,,,,,,,,,,,,,,,,,,,,,,,,,,,,,,,
2015-04-29,3282.0,3288.6,,,3303.0,,,3343.2,,,,,,,,,,,,,,,,,,,,,,,,,,,,,,,
2015-04-30,3315.2,3319.8,,,3312.4,,,3368.4,,,,,,,,,,,,,,,,,,,,,,,,,,,,,,,
2015-05-04,3295.8,3290.0,,,3305.6,,,3331.4,,,,,,,,,,,,,,,,,,,,,,,,,,,,,,,
2015-05-05,3279.6,3284.8,,,3293.4,,,3333.2,,,,,,,,,,,,,,,,,,,,,,,,,,,,,,,
2015-05-06,3171.2,3181.6,,,3179.2,,,3221.2,,,,,,,,,,,,,,,,,,,,,,,,,,,,,,,
2015-05-07,3159.6,3161.2,,,3185.6,,,3204.8,,,,,,,,,,,,,,,,,,,,,,,,,,,,,,,
2015-05-08,3131.0,3148.8,,,3156.6,,,3190.0,,,,,,,,,,,,,,,,,,,,,,,,,,,,,,,
2015-05-11,3112.0,3126.6,,,3160.0,,,3172.2,,,,,,,,,,,,,,,,,,,,,,,,,,,,,,,
2015-05-12,3151.0,3178.2,,,3198.0,,,3229.2,,,,,,,,,,,,,,,,,,,,,,,,,,,,,,,
2015-05-13,3200.0,3202.0,,,3197.6,,,3246.0,,,,,,,,,,,,,,,,,,,,,,,,,,,,,,,
2015-05-14,3131.2,3148.0,,,3139.8,,,3163.0,,,,,,,,,,,,,,,,,,,,,,,,,,,,,,,
2015-05-15,3140.0,3115.2,,,3129.8,,,3180.6,,,,,,,,,,,,,,,,,,,,,,,,,,,,,,,
2015-05-18,,3033.6,3027.4,,3048.6,,,3091.4,,,,,,,,,,,,,,,,,,,,,,,,,,,,,,,
2015-05-19,,2973.4,2974.0,,2976.8,,,3009.8,,,,,,,,,,,,,,,,,,,,,,,,,,,,,,,
2015-05-20,,3163.0,3130.0,,3145.2,,,3193.4,,,,,,,,,,,,,,,,,,,,,,,,,,,,,,,
2015-05-21,,3157.0,3139.2,,3131.0,,,3204.2,,,,,,,,,,,,,,,,,,,,,,,,,,,,,,,
2015-05-22,,3200.0,3183.0,,3206.2,,,3255.6,,,,,,,,,,,,,,,,,,,,,,,,,,,,,,,
2015-05-25,,3298.6,3294.4,,3306.0,,,3349.6,,,,,,,,,,,,,,,,,,,,,,,,,,,,,,,
2015-05-26,,3426.0,3416.4,,3460.0,,,3505.2,,,,,,,,,,,,,,,,,,,,,,,,,,,,,,,
2015-05-27,,3453.8,3448.0,,3470.0,,,3539.0,,,,,,,,,,,,,,,,,,,,,,,,,,,,,,,
2015-05-28,,3411.6,3401.0,,3442.2,,,3505.2,,,,,,,,,,,,,,,,,,,,,,,,,,,,,,,
2015-05-29,,3179.4,3166.0,,3201.6,,,3221.2,,,,,,,,,,,,,,,,,,,,,,,,,,,,,,,
2015-06-01,,3100.0,3104.0,,3132.0,,,3195.8,,,,,,,,,,,,,,,,,,,,,,,,,,,,,,,
2015-06-02,,3340.0,3325.0,,3368.2,,,3441.2,,,,,,,,,,,,,,,,,,,,,,,,,,,,,,,
2015-06-03,,3296.6,3306.8,,3336.2,,,3405.0,,,,,,,,,,,,,,,,,,,,,,,,,,,,,,,
2015-06-04,,3258.8,3259.4,,3281.6,,,3351.6,,,,,,,,,,,,,,,,,,,,,,,,,,,,,,,
2015-06-05,,3369.0,3368.0,,3388.0,,,3475.0,,,,,,,,,,,,,,,,,,,,,,,,,,,,,,,
2015-06-08,,3315.0,3319.8,,3330.8,,,3402.8,,,,,,,,,,,,,,,,,,,,,,,,,,,,,,,
2015-06-09,,3539.2,3548.6,,3567.0,,,3620.0,,,,,,,,,,,,,,,,,,,,,,,,,,,,,,,
2015-06-10,,3399.0,3410.0,,3422.0,,,3491.2,,,,,,,,,,,,,,,,,,,,,,,,,,,,,,,
2015-06-11,,3381.8,3383.4,,3405.0,,,3475.0,,,,,,,,,,,,,,,,,,,,,,,,,,,,,,,
2015-06-12,,3373.2,3390.2,,3392.6,,,3479.4,,,,,,,,,,,,,,,,,,,,,,,,,,,,,,,
2015-06-15,,3395.6,3426.0,,3443.0,,,3497.0,,,,,,,,,,,,,,,,,,,,,,,,,,,,,,,
2015-06-16,,3264.8,3274.8,,3299.8,,,3349.0,,,,,,,,,,,,,,,,,,,,,,,,,,,,,,,
2015-06-17,,3231.0,3230.0,,3251.0,,,3311.2,,,,,,,,,,,,,,,,,,,,,,,,,,,,,,,
2015-06-18,,3200.0,3223.0,,3243.8,,,3315.0,,,,,,,,,,,,,,,,,,,,,,,,,,,,,,,
2015-06-19,,3098.2,3099.8,,3132.0,,,3163.8,,,,,,,,,,,,,,,,,,,,,,,,,,,,,,,
2015-06-23,,,2888.6,2946.2,2920.0,,,2939.0,,,,,,,,,,,,,,,,,,,,,,,,,,,,,,,
2015-06-24,,,2998.8,3010.0,3023.4,,,3090.4,,,,,,,,,,,,,,,,,,,,,,,,,,,,,,,
2015-06-25,,,3080.0,3122.0,3110.0,,,3179.0,,,,,,,,,,,,,,,,,,,,,,,,,,,,,,,
2015-06-26,,,2906.0,2888.0,2955.0,,,2986.8,,,,,,,,,,,,,,,,,,,,,,,,,,,,,,,
2015-06-29,,,2790.0,2796.2,2802.0,,,2849.0,,,,,,,,,,,,,,,,,,,,,,,,,,,,,,,
2015-06-30,,,2715.2,2726.2,2718.8,,,2800.0,,,,,,,,,,,,,,,,,,,,,,,,,,,,,,,
2015-07-01,,,2847.0,2878.6,2890.2,,,2933.0,,,,,,,,,,,,,,,,,,,,,,,,,,,,,,,
2015-07-02,,,2744.8,2764.0,2800.8,,,2813.0,,,,,,,,,,,,,,,,,,,,,,,,,,,,,,,
2015-07-03,,,2725.0,2748.4,2800.0,,,2805.4,,,,,,,,,,,,,,,,,,,,,,,,,,,,,,,
2015-07-06,,,2850.0,2850.0,2916.0,,,2918.0,,,,,,,,,,,,,,,,,,,,,,,,,,,,,,,
2015-07-07,,,2737.0,2752.2,2788.0,,,2821.8,,,,,,,,,,,,,,,,,,,,,,,,,,,,,,,
2015-07-08,,,2650.0,2646.4,2665.0,,,2600.0,,,,,,,,,,,,,,,,,,,,,,,,,,,,,,,
2015-07-09,,,2405.2,2480.6,2304.0,,,2318.8,,,,,,,,,,,,,,,,,,,,,,,,,,,,,,,
2015-07-10,,,2739.8,2706.6,2700.0,,,2676.0,,,,,,,,,,,,,,,,,,,,,,,,,,,,,,,
2015-07-13,,,2839.0,2800.0,2766.0,,,2801.4,,,,,,,,,,,,,,,,,,,,,,,,,,,,,,,
2015-07-14,,,2814.0,2769.0,2760.0,,,2776.6,,,,,,,,,,,,,,,,,,,,,,,,,,,,,,,
2015-07-15,,,2711.8,2659.8,2630.0,,,2637.8,,,,,,,,,,,,,,,,,,,,,,,,,,,,,,,
2015-07-16,,,2694.2,2609.8,2579.8,,,2552.2,,,,,,,,,,,,,,,,,,,,,,,,,,,,,,,
2015-07-17,,,2760.0,2694.0,2684.8,,,2670.4,,,,,,,,,,,,,,,,,,,,,,,,,,,,,,,
2015-07-20,,,,2747.2,2705.2,,,2705.2,,,2741.6,,,,,,,,,,,,,,,,,,,,,,,,,,,,
2015-07-21,,,,2684.0,2659.6,,,2650.2,,,2637.2,,,,,,,,,,,,,,,,,,,,,,,,,,,,
2015-07-22,,,,2660.0,2620.2,,,2608.2,,,2623.6,,,,,,,,,,,,,,,,,,,,,,,,,,,,
2015-07-23,,,,2627.0,2580.0,,,2600.0,,,2600.0,,,,,,,,,,,,,,,,,,,,,,,,,,,,
2015-07-24,,,,2743.6,2718.8,,,2715.0,,,2710.0,,,,,,,,,,,,,,,,,,,,,,,,,,,,
2015-07-27,,,,2660.6,2628.0,,,2606.2,,,2607.0,,,,,,,,,,,,,,,,,,,,,,,,,,,,
2015-07-28,,,,2411.0,2330.0,,,2358.8,,,2354.8,,,,,,,,,,,,,,,,,,,,,,,,,,,,
2015-07-29,,,,2450.8,2411.6,,,2378.6,,,2383.0,,,,,,,,,,,,,,,,,,,,,,,,,,,,
2015-07-30,,,,2478.6,2450.0,,,2423.8,,,2414.8,,,,,,,,,,,,,,,,,,,,,,,,,,,,
2015-07-31,,,,2412.6,2368.0,,,2345.4,,,2346.8,,,,,,,,,,,,,,,,,,,,,,,,,,,,
2015-08-03,,,,2398.0,2361.8,,,2318.2,,,2320.4,,,,,,,,,,,,,,,,,,,,,,,,,,,,
2015-08-04,,,,2390.4,2339.0,,,2275.0,,,2296.4,,,,,,,,,,,,,,,,,,,,,,,,,,,,
2015-08-05,,,,2486.0,2424.0,,,2361.0,,,2365.2,,,,,,,,,,,,,,,,,,,,,,,,,,,,
2015-08-06,,,,2430.0,2384.8,,,2313.8,,,2290.0,,,,,,,,,,,,,,,,,,,,,,,,,,,,
2015-08-07,,,,2431.0,2390.0,,,2321.2,,,2350.4,,,,,,,,,,,,,,,,,,,,,,,,,,,,
2015-08-10,,,,2472.2,2430.0,,,2400.2,,,2430.0,,,,,,,,,,,,,,,,,,,,,,,,,,,,
2015-08-11,,,,2585.2,2558.8,,,2522.4,,,2535.6,,,,,,,,,,,,,,,,,,,,,,,,,,,,
2015-08-12,,,,2554.0,2526.8,,,2500.6,,,2525.8,,,,,,,,,,,,,,,,,,,,,,,,,,,,
2015-08-13,,,,2555.2,2524.2,,,2487.2,,,2515.0,,,,,,,,,,,,,,,,,,,,,,,,,,,,
2015-08-14,,,,2558.2,2533.0,,,2490.2,,,2519.6,,,,,,,,,,,,,,,,,,,,,,,,,,,,
2015-08-17,,,,2546.6,2510.0,,,2456.4,,,2470.0,,,,,,,,,,,,,,,,,,,,,,,,,,,,
2015-08-18,,,,2510.0,2460.4,,,2408.8,,,2419.8,,,,,,,,,,,,,,,,,,,,,,,,,,,,
2015-08-19,,,,2382.0,2330.0,,,2249.0,,,2283.6,,,,,,,,,,,,,,,,,,,,,,,,,,,,
2015-08-20,,,,2391.0,2339.8,,,2277.6,,,2255.0,,,,,,,,,,,,,,,,,,,,,,,,,,,,
2015-08-21,,,,2343.0,2263.4,,,2190.0,,,2201.8,,,,,,,,,,,,,,,,,,,,,,,,,,,,
2015-08-24,,,,,2194.6,2214.2,,2100.0,,,2140.2,,,,,,,,,,,,,,,,,,,,,,,,,,,,
2015-08-25,,,,,1960.4,1936.8,,1855.0,,,1919.8,,,,,,,,,,,,,,,,,,,,,,,,,,,,
2015-08-26,,,,,1853.8,1831.2,,1800.0,,,1849.6,,,,,,,,,,,,,,,,,,,,,,,,,,,,
2015-08-27,,,,,1870.0,1831.4,,1802.2,,,1824.6,,,,,,,,,,,,,,,,,,,,,,,,,,,,
2015-08-28,,,,,2067.8,2077.0,,2020.0,,,2000.0,,,,,,,,,,,,,,,,,,,,,,,,,,,,
2015-08-31,,,,,2060.2,2015.4,,1998.0,,,1933.4,,,,,,,,,,,,,,,,,,,,,,,,,,,,
2015-09-01,,,,,2049.8,2015.2,,1975.0,,,1950.0,,,,,,,,,,,,,,,,,,,,,,,,,,,,
2015-09-02,,,,,2011.0,1950.0,,1872.0,,,1880.0,,,,,,,,,,,,,,,,,,,,,,,,,,,,
2015-09-07,,,,,2060.0,1983.0,,1889.6,,,1790.0,,,,,,,,,,,,,,,,,,,,,,,,,,,,
2015-09-08,,,,,2075.0,2011.2,,1904.8,,,1862.0,,,,,,,,,,,,,,,,,,,,,,,,,,,,
2015-09-09,,,,,2194.0,2133.0,,2100.0,,,2044.6,,,,,,,,,,,,,,,,,,,,,,,,,,,,
2015-09-10,,,,,2159.6,2126.0,,2108.6,,,2061.2,,,,,,,,,,,,,,,,,,,,,,,,,,,,
2015-09-11,,,,,2184.0,2124.2,,2077.8,,,2080.0,,,,,,,,,,,,,,,,,,,,,,,,,,,,
2015-09-14,,,,,2208.2,2145.2,,2110.2,,,2078.8,,,,,,,,,,,,,,,,,,,,,,,,,,,,
2015-09-15,,,,,2136.0,2058.0,,1960.0,,,1972.0,,,,,,,,,,,,,,,,,,,,,,,,,,,,
2015-09-16,,,,,2168.0,2102.2,,2002.2,,,1987.0,,,,,,,,,,,,,,,,,,,,,,,,,,,,
2015-09-17,,,,,2233.4,2185.4,,2111.6,,,2056.0,,,,,,,,,,,,,,,,,,,,,,,,,,,,
2015-09-18,,,,,2199.8,2154.8,,2068.2,,,2056.8,,,,,,,,,,,,,,,,,,,,,,,,,,,,
2015-09-21,,,,,,2111.4,2068.4,2072.6,,,2022.8,,,,,,,,,,,,,,,,,,,,,,,,,,,,
2015-09-22,,,,,,2186.2,2152.8,2129.0,,,2090.0,,,,,,,,,,,,,,,,,,,,,,,,,,,,
2015-09-23,,,,,,2175.0,2147.0,2133.6,,,2061.8,,,,,,,,,,,,,,,,,,,,,,,,,,,,
2015-09-24,,,,,,2134.0,2130.0,2082.0,,,2073.8,,,,,,,,,,,,,,,,,,,,,,,,,,,,
2015-09-25,,,,,,2151.4,2120.0,2091.8,,,2064.0,,,,,,,,,,,,,,,,,,,,,,,,,,,,
2015-09-28,,,,,,2122.6,2097.0,2055.2,,,2039.4,,,,,,,,,,,,,,,,,,,,,,,,,,,,
2015-09-29,,,,,,2111.0,2063.6,2050.2,,,2005.2,,,,,,,,,,,,,,,,,,,,,,,,,,,,
2015-09-30,,,,,,2101.4,2072.4,2025.2,,,2000.0,,,,,,,,,,,,,,,,,,,,,,,,,,,,
2015-10-08,,,,,,2217.0,2197.0,2110.2,,,2114.2,,,,,,,,,,,,,,,,,,,,,,,,,,,,
2015-10-09,,,,,,2189.4,2159.2,2116.8,,,2099.6,,,,,,,,,,,,,,,,,,,,,,,,,,,,
2015-10-12,,,,,,2211.2,2208.6,2148.4,,,2131.6,,,,,,,,,,,,,,,,,,,,,,,,,,,,
2015-10-13,,,,,,2278.4,2251.6,2211.0,,,2173.8,,,,,,,,,,,,,,,,,,,,,,,,,,,,
2015-10-14,,,,,,2247.4,2233.0,2193.2,,,2151.2,,,,,,,,,,,,,,,,,,,,,,,,,,,,
2015-10-15,,,,,,2340.0,2227.4,2199.4,,,2172.6,,,,,,,,,,,,,,,,,,,,,,,,,,,,
2015-10-16,,,,,,2297.6,2299.8,2280.0,,,2250.2,,,,,,,,,,,,,,,,,,,,,,,,,,,,
2015-10-19,,,,,,,2297.4,2269.8,,,2257.8,,,2210.0,,,,,,,,,,,,,,,,,,,,,,,,,
2015-10-20,,,,,,,2267.4,2239.4,,,2193.2,,,2190.0,,,,,,,,,,,,,,,,,,,,,,,,,
2015-10-21,,,,,,,2291.0,2264.2,,,2225.0,,,2203.4,,,,,,,,,,,,,,,,,,,,,,,,,
2015-10-22,,,,,,,2251.6,2214.8,,,2162.6,,,2185.0,,,,,,,,,,,,,,,,,,,,,,,,,
2015-10-23,,,,,,,2308.8,2261.6,,,2227.2,,,2219.0,,,,,,,,,,,,,,,,,,,,,,,,,
2015-10-26,,,,,,,2331.8,2292.6,,,2279.0,,,2252.6,,,,,,,,,,,,,,,,,,,,,,,,,
2015-10-27,,,,,,,2314.0,2280.4,,,2206.2,,,2212.4,,,,,,,,,,,,,,,,,,,,,,,,,
2015-10-28,,,,,,,2301.8,2279.2,,,2245.0,,,2222.0,,,,,,,,,,,,,,,,,,,,,,,,,
2015-10-29,,,,,,,2283.2,2250.2,,,2232.4,,,2206.0,,,,,,,,,,,,,,,,,,,,,,,,,
2015-10-30,,,,,,,2284.8,2261.6,,,2225.2,,,2216.6,,,,,,,,,,,,,,,,,,,,,,,,,
2015-11-02,,,,,,,2255.8,2251.0,,,2210.0,,,2212.8,,,,,,,,,,,,,,,,,,,,,,,,,
2015-11-03,,,,,,,2275.2,2247.6,,,2216.8,,,2240.6,,,,,,,,,,,,,,,,,,,,,,,,,
2015-11-04,,,,,,,2265.4,2244.0,,,2212.0,,,2195.0,,,,,,,,,,,,,,,,,,,,,,,,,
2015-11-05,,,,,,,2364.0,2324.0,,,2300.2,,,2289.8,,,,,,,,,,,,,,,,,,,,,,,,,
2015-11-06,,,,,,,2428.0,2414.8,,,2367.8,,,2436.4,,,,,,,,,,,,,,,,,,,,,,,,,
2015-11-09,,,,,,,2484.0,2469.4,,,2440.2,,,2426.6,,,,,,,,,,,,,,,,,,,,,,,,,
2015-11-10,,,,,,,2497.2,2483.4,,,2424.2,,,2492.0,,,,,,,,,,,,,,,,,,,,,,,,,
2015-11-11,,,,,,,2492.2,2479.6,,,2459.4,,,2477.4,,,,,,,,,,,,,,,,,,,,,,,,,
2015-11-12,,,,,,,2496.8,2488.0,,,2461.2,,,2445.6,,,,,,,,,,,,,,,,,,,,,,,,,
2015-11-13,,,,,,,2442.8,2434.2,,,2405.0,,,2388.0,,,,,,,,,,,,,,,,,,,,,,,,,
2015-11-16,,,,,,,2401.0,2386.6,,,2366.0,,,2348.0,,,,,,,,,,,,,,,,,,,,,,,,,
2015-11-17,,,,,,,2445.6,2439.2,,,2399.0,,,2388.0,,,,,,,,,,,,,,,,,,,,,,,,,
2015-11-18,,,,,,,2433.0,2380.0,,,2365.0,,,2345.4,,,,,,,,,,,,,,,,,,,,,,,,,
2015-11-19,,,,,,,2436.8,2395.2,,,2346.6,,,2365.8,,,,,,,,,,,,,,,,,,,,,,,,,
2015-11-20,,,,,,,2461.0,2438.8,,,2393.8,,,2356.2,,,,,,,,,,,,,,,,,,,,,,,,,
2015-11-23,,,,,,,,2411.6,2375.0,,2370.6,,,2350.0,,,,,,,,,,,,,,,,,,,,,,,,,
2015-11-24,,,,,,,,2403.0,2382.8,,2366.0,,,2324.8,,,,,,,,,,,,,,,,,,,,,,,,,
2015-11-25,,,,,,,,2405.0,2382.4,,2345.0,,,2325.0,,,,,,,,,,,,,,,,,,,,,,,,,
2015-11-26,,,,,,,,2438.4,2404.0,,2373.0,,,2345.8,,,,,,,,,,,,,,,,,,,,,,,,,
2015-11-27,,,,,,,,2418.0,2400.4,,2359.4,,,2339.8,,,,,,,,,,,,,,,,,,,,,,,,,
2015-11-30,,,,,,,,2318.0,2285.0,,2255.0,,,2245.0,,,,,,,,,,,,,,,,,,,,,,,,,
2015-12-01,,,,,,,,2305.2,2290.0,,2260.2,,,2221.2,,,,,,,,,,,,,,,,,,,,,,,,,
2015-12-02,,,,,,,,2324.4,2298.4,,2262.2,,,2252.2,,,,,,,,,,,,,,,,,,,,,,,,,
2015-12-03,,,,,,,,2432.4,2407.4,,2369.6,,,2352.0,,,,,,,,,,,,,,,,,,,,,,,,,
2015-12-04,,,,,,,,2419.8,2391.2,,2368.4,,,2335.2,,,,,,,,,,,,,,,,,,,,,,,,,
2015-12-07,,,,,,,,2389.2,2343.8,,2313.4,,,2285.0,,,,,,,,,,,,,,,,,,,,,,,,,
2015-12-08,,,,,,,,2351.0,2324.0,,2291.8,,,2250.8,,,,,,,,,,,,,,,,,,,,,,,,,
2015-12-09,,,,,,,,2331.6,2300.2,,2257.0,,,2184.0,,,,,,,,,,,,,,,,,,,,,,,,,
2015-12-10,,,,,,,,2350.0,2310.4,,2256.0,,,2229.8,,,,,,,,,,,,,,,,,,,,,,,,,
2015-12-11,,,,,,,,2340.0,2310.0,,2247.8,,,2230.4,,,,,,,,,,,,,,,,,,,,,,,,,
2015-12-14,,,,,,,,2310.0,2279.2,,2247.2,,,2185.0,,,,,,,,,,,,,,,,,,,,,,,,,
2015-12-15,,,,,,,,2403.2,2383.8,,2339.4,,,2282.2,,,,,,,,,,,,,,,,,,,,,,,,,
2015-12-16,,,,,,,,2386.2,2346.0,,2290.6,,,2248.4,,,,,,,,,,,,,,,,,,,,,,,,,
2015-12-17,,,,,,,,2386.2,2363.2,,2290.0,,,2263.4,,,,,,,,,,,,,,,,,,,,,,,,,
2015-12-18,,,,,,,,2400.0,2377.6,,2302.2,,,2282.8,,,,,,,,,,,,,,,,,,,,,,,,,
2015-12-21,,,,,,,,,2396.0,2368.6,2347.4,,,2294.0,,,,,,,,,,,,,,,,,,,,,,,,,
2015-12-22,,,,,,,,,2472.4,2448.4,2426.4,,,2378.6,,,,,,,,,,,,,,,,,,,,,,,,,
2015-12-23,,,,,,,,,2470.0,2439.4,2428.0,,,2380.0,,,,,,,,,,,,,,,,,,,,,,,,,
2015-12-24,,,,,,,,,2472.4,2444.0,2430.0,,,2380.0,,,,,,,,,,,,,,,,,,,,,,,,,
2015-12-25,,,,,,,,,2458.0,2440.8,2419.6,,,2375.0,,,,,,,,,,,,,,,,,,,,,,,,,
2015-12-28,,,,,,,,,2468.2,2450.0,2428.0,,,2384.0,,,,,,,,,,,,,,,,,,,,,,,,,
2015-12-29,,,,,,,,,2395.6,2365.0,2339.8,,,2299.8,,,,,,,,,,,,,,,,,,,,,,,,,
2015-12-30,,,,,,,,,2417.4,2395.2,2379.2,,,2335.2,,,,,,,,,,,,,,,,,,,,,,,,,
2015-12-31,,,,,,,,,2405.6,2380.0,2362.6,,,2319.8,,,,,,,,,,,,,,,,,,,,,,,,,
2016-01-04,,,,,,,,,2374.0,2344.8,2340.0,,,2298.8,,,,,,,,,,,,,,,,,,,,,,,,,
2016-01-05,,,,,,,,,2250.2,2217.6,2160.0,,,2130.2,,,,,,,,,,,,,,,,,,,,,,,,,
2016-01-06,,,,,,,,,2260.0,2233.0,2219.2,,,2171.0,,,,,,,,,,,,,,,,,,,,,,,,,
2016-01-07,,,,,,,,,2268.0,2245.0,2212.2,,,2166.2,,,,,,,,,,,,,,,,,,,,,,,,,
2016-01-08,,,,,,,,,2200.0,2230.0,2155.0,,,2114.8,,,,,,,,,,,,,,,,,,,,,,,,,
2016-01-11,,,,,,,,,2168.0,2122.2,2120.4,,,2051.2,,,,,,,,,,,,,,,,,,,,,,,,,
2016-01-12,,,,,,,,,2136.8,2080.2,2085.0,,,2018.8,,,,,,,,,,,,,,,,,,,,,,,,,
2016-01-13,,,,,,,,,2155.0,2161.0,2096.0,,,2055.8,,,,,,,,,,,,,,,,,,,,,,,,,
2016-01-14,,,,,,,,,2052.0,2037.8,1960.0,,,1999.6,,,,,,,,,,,,,,,,,,,,,,,,,
2016-01-15,,,,,,,,,2117.0,2089.8,2061.6,,,2004.0,,,,,,,,,,,,,,,,,,,,,,,,,
2016-01-18,,,,,,,,,,2026.0,1982.2,,,1943.4,,,1926.8,,,,,,,,,,,,,,,,,,,,,,
2016-01-19,,,,,,,,,,2040.2,2007.0,,,1955.2,,,1918.8,,,,,,,,,,,,,,,,,,,,,,
2016-01-20,,,,,,,,,,2065.0,2044.8,,,1987.2,,,1943.4,,,,,,,,,,,,,,,,,,,,,,
2016-01-21,,,,,,,,,,2046.2,2003.8,,,1944.8,,,1907.8,,,,,,,,,,,,,,,,,,,,,,
2016-01-22,,,,,,,,,,2037.0,1994.0,,,1918.6,,,1852.8,,,,,,,,,,,,,,,,,,,,,,
2016-01-25,,,,,,,,,,2029.6,2007.4,,,1920.0,,,1856.4,,,,,,,,,,,,,,,,,,,,,,
2016-01-26,,,,,,,,,,2014.8,1986.6,,,1898.0,,,1812.2,,,,,,,,,,,,,,,,,,,,,,
2016-01-27,,,,,,,,,,1940.2,1902.0,,,1832.4,,,1755.0,,,,,,,,,,,,,,,,,,,,,,
2016-01-28,,,,,,,,,,1927.0,1890.0,,,1815.6,,,1760.0,,,,,,,,,,,,,,,,,,,,,,
2016-01-29,,,,,,,,,,1907.4,1875.4,,,1800.4,,,1763.8,,,,,,,,,,,,,,,,,,,,,,
2016-02-01,,,,,,,,,,1957.6,1931.2,,,1859.4,,,1802.2,,,,,,,,,,,,,,,,,,,,,,
2016-02-02,,,,,,,,,,1925.0,1901.4,,,1846.4,,,1777.0,,,,,,,,,,,,,,,,,,,,,,
2016-02-03,,,,,,,,,,1944.6,1919.8,,,1857.8,,,1806.0,,,,,,,,,,,,,,,,,,,,,,
2016-02-04,,,,,,,,,,1961.4,1929.0,,,1875.4,,,1842.0,,,,,,,,,,,,,,,,,,,,,,
2016-02-05,,,,,,,,,,1960.8,1935.8,,,1879.8,,,1833.4,,,,,,,,,,,,,,,,,,,,,,
2016-02-15,,,,,,,,,,1910.2,1896.2,,,1839.8,,,1790.0,,,,,,,,,,,,,,,,,,,,,,
2016-02-16,,,,,,,,,,1948.0,1920.0,,,1850.2,,,1827.0,,,,,,,,,,,,,,,,,,,,,,
2016-02-17,,,,,,,,,,1988.0,1959.0,,,1901.6,,,1845.8,,,,,,,,,,,,,,,,,,,,,,
2016-02-18,,,,,,,,,,2021.2,1998.4,,,1935.0,,,1868.4,,,,,,,,,,,,,,,,,,,,,,
2016-02-19,,,,,,,,,,2000.4,1975.6,,,1913.4,,,1853.2,,,,,,,,,,,,,,,,,,,,,,
2016-02-22,,,,,,,,,,,2000.0,1981.0,,1937.6,,,1869.0,,,,,,,,,,,,,,,,,,,,,,
2016-02-23,,,,,,,,,,,2013.0,1991.8,,1941.0,,,1882.8,,,,,,,,,,,,,,,,,,,,,,
2016-02-24,,,,,,,,,,,1996.6,1966.0,,1916.6,,,1855.8,,,,,,,,,,,,,,,,,,,,,,
2016-02-25,,,,,,,,,,,2006.0,1982.0,,1930.0,,,1858.0,,,,,,,,,,,,,,,,,,,,,,
2016-02-26,,,,,,,,,,,1935.6,1904.2,,1856.0,,,1797.4,,,,,,,,,,,,,,,,,,,,,,
2016-02-29,,,,,,,,,,,1923.0,1895.8,,1844.8,,,1789.4,,,,,,,,,,,,,,,,,,,,,,
2016-03-01,,,,,,,,,,,1907.2,1879.0,,1826.0,,,1751.8,,,,,,,,,,,,,,,,,,,,,,
2016-03-02,,,,,,,,,,,1961.2,1925.6,,1874.6,,,1801.8,,,,,,,,,,,,,,,,,,,,,,
2016-03-03,,,,,,,,,,,2028.0,1998.2,,1938.4,,,1879.0,,,,,,,,,,,,,,,,,,,,,,
2016-03-04,,,,,,,,,,,2025.0,1996.6,,1937.4,,,1871.0,,,,,,,,,,,,,,,,,,,,,,
2016-03-07,,,,,,,,,,,2117.0,2084.0,,2014.0,,,1938.6,,,,,,,,,,,,,,,,,,,,,,
2016-03-08,,,,,,,,,,,2098.8,2072.4,,2011.2,,,1941.0,,,,,,,,,,,,,,,,,,,,,,
2016-03-09,,,,,,,,,,,2067.0,2034.0,,1981.0,,,1910.0,,,,,,,,,,,,,,,,,,,,,,
2016-03-10,,,,,,,,,,,2077.0,2045.8,,1987.6,,,1925.6,,,,,,,,,,,,,,,,,,,,,,
2016-03-11,,,,,,,,,,,2048.6,2019.2,,1942.8,,,1889.8,,,,,,,,,,,,,,,,,,,,,,
2016-03-14,,,,,,,,,,,2075.4,2035.4,,1980.0,,,1935.8,,,,,,,,,,,,,,,,,,,,,,
2016-03-15,,,,,,,,,,,2070.2,2041.8,,1997.0,,,1938.4,,,,,,,,,,,,,,,,,,,,,,
2016-03-16,,,,,,,,,,,2078.0,2047.4,,1996.0,,,1924.0,,,,,,,,,,,,,,,,,,,,,,
2016-03-17,,,,,,,,,,,2127.8,2099.0,,2026.0,,,1944.0,,,,,,,,,,,,,,,,,,,,,,
2016-03-18,,,,,,,,,,,2133.0,2111.0,,2050.0,,,1981.8,,,,,,,,,,,,,,,,,,,,,,
2016-03-21,,,,,,,,,,,,2138.2,2126.0,1980.0,,,2035.6,,,,,,,,,,,,,,,,,,,,,,
2016-03-22,,,,,,,,,,,,2170.0,2149.6,2130.0,,,2092.8,,,,,,,,,,,,,,,,,,,,,,
2016-03-23,,,,,,,,,,,,2170.0,2144.6,2123.0,,,2078.8,,,,,,,,,,,,,,,,,,,,,,
2016-03-24,,,,,,,,,,,,2149.8,2125.8,2111.8,,,2033.0,,,,,,,,,,,,,,,,,,,,,,
2016-03-25,,,,,,,,,,,,2126.2,2114.8,2088.4,,,2040.6,,,,,,,,,,,,,,,,,,,,,,
2016-03-28,,,,,,,,,,,,2141.4,2129.0,2090.8,,,2041.4,,,,,,,,,,,,,,,,,,,,,,
2016-03-29,,,,,,,,,,,,2123.4,2102.2,2072.2,,,2014.4,,,,,,,,,,,,,,,,,,,,,,
2016-03-30,,,,,,,,,,,,2124.2,2100.0,2074.2,,,2018.8,,,,,,,,,,,,,,,,,,,,,,
2016-03-31,,,,,,,,,,,,2168.0,2149.6,2123.0,,,2068.2,,,,,,,,,,,,,,,,,,,,,,
2016-04-01,,,,,,,,,,,,2154.8,2130.2,2104.0,,,2046.0,,,,,,,,,,,,,,,,,,,,,,
2016-04-05,,,,,,,,,,,,2145.0,2124.8,2108.0,,,2044.0,,,,,,,,,,,,,,,,,,,,,,
2016-04-06,,,,,,,,,,,,2160.0,2153.4,2121.0,,,2060.0,,,,,,,,,,,,,,,,,,,,,,
2016-04-07,,,,,,,,,,,,2178.2,2152.0,2137.6,,,2077.8,,,,,,,,,,,,,,,,,,,,,,
2016-04-08,,,,,,,,,,,,2125.6,2105.6,2084.6,,,2028.4,,,,,,,,,,,,,,,,,,,,,,
2016-04-11,,,,,,,,,,,,2141.2,2125.0,2088.2,,,2050.0,,,,,,,,,,,,,,,,,,,,,,
2016-04-12,,,,,,,,,,,,2149.4,2135.0,2105.4,,,2065.0,,,,,,,,,,,,,,,,,,,,,,
2016-04-13,,,,,,,,,,,,2166.0,2146.0,2124.4,,,2062.8,,,,,,,,,,,,,,,,,,,,,,
2016-04-14,,,,,,,,,,,,2188.4,2179.6,2169.0,,,2116.2,,,,,,,,,,,,,,,,,,,,,,
2016-04-15,,,,,,,,,,,,2184.8,2175.0,2161.2,,,2125.0,,,,,,,,,,,,,,,,,,,,,,
2016-04-18,,,,,,,,,,,,,2165.0,2147.2,,,2105.8,,,2082.2,,,,,,,,,,,,,,,,,,,
2016-04-19,,,,,,,,,,,,,2164.0,2146.8,,,2105.0,,,2079.8,,,,,,,,,,,,,,,,,,,
2016-04-20,,,,,,,,,,,,,2158.6,2139.8,,,2104.4,,,2071.4,,,,,,,,,,,,,,,,,,,
2016-04-21,,,,,,,,,,,,,2126.0,2099.0,,,2056.0,,,2035.4,,,,,,,,,,,,,,,,,,,
2016-04-22,,,,,,,,,,,,,2123.4,2115.8,,,2082.4,,,2049.2,,,,,,,,,,,,,,,,,,,
2016-04-25,,,,,,,,,,,,,2139.0,2126.0,,,2088.8,,,2049.2,,,,,,,,,,,,,,,,,,,
2016-04-26,,,,,,,,,,,,,2142.4,2120.0,,,2076.6,,,2065.0,,,,,,,,,,,,,,,,,,,
2016-04-27,,,,,,,,,,,,,2147.2,2125.2,,,2077.4,,,2058.6,,,,,,,,,,,,,,,,,,,
2016-04-28,,,,,,,,,,,,,2140.8,2119.8,,,2070.0,,,2038.2,,,,,,,,,,,,,,,,,,,
2016-04-29,,,,,,,,,,,,,2127.6,2109.0,,,2063.0,,,2037.2,,,,,,,,,,,,,,,,,,,
2016-05-03,,,,,,,,,,,,,2131.4,2107.0,,,2062.8,,,2045.0,,,,,,,,,,,,,,,,,,,
2016-05-04,,,,,,,,,,,,,2148.0,2127.6,,,2083.0,,,2056.4,,,,,,,,,,,,,,,,,,,
2016-05-05,,,,,,,,,,,,,2142.8,2123.8,,,2080.4,,,2044.0,,,,,,,,,,,,,,,,,,,
2016-05-06,,,,,,,,,,,,,2145.4,2125.8,,,2075.6,,,2045.2,,,,,,,,,,,,,,,,,,,
2016-05-09,,,,,,,,,,,,,2090.8,2074.4,,,2001.8,,,1991.6,,,,,,,,,,,,,,,,,,,
2016-05-10,,,,,,,,,,,,,2050.0,2031.0,,,1996.6,,,1968.0,,,,,,,,,,,,,,,,,,,
2016-05-11,,,,,,,,,,,,,2072.6,2051.8,,,2002.6,,,1977.0,,,,,,,,,,,,,,,,,,,
2016-05-12,,,,,,,,,,,,,2064.4,2037.8,,,1983.2,,,1960.4,,,,,,,,,,,,,,,,,,,
2016-05-13,,,,,,,,,,,,,2074.6,2049.8,,,1992.0,,,1967.0,,,,,,,,,,,,,,,,,,,
2016-05-16,,,,,,,,,,,,,2069.8,2045.0,,,1990.0,,,1963.8,,,,,,,,,,,,,,,,,,,
2016-05-17,,,,,,,,,,,,,2079.8,2060.0,,,2003.4,,,1965.0,,,,,,,,,,,,,,,,,,,
2016-05-18,,,,,,,,,,,,,2065.8,2045.0,,,1992.8,,,1962.6,,,,,,,,,,,,,,,,,,,
2016-05-19,,,,,,,,,,,,,2066.6,2047.6,,,1990.0,,,1962.8,,,,,,,,,,,,,,,,,,,
2016-05-20,,,,,,,,,,,,,2068.0,2046.2,,,1988.8,,,1957.0,,,,,,,,,,,,,,,,,,,
2016-05-23,,,,,,,,,,,,,,2063.6,2048.6,,1993.8,,,1971.0,,,,,,,,,,,,,,,,,,,
2016-05-24,,,,,,,,,,,,,,2062.8,2039.2,,2000.8,,,1968.6,,,,,,,,,,,,,,,,,,,
2016-05-25,,,,,,,,,,,,,,2069.6,2037.0,,2005.0,,,1973.6,,,,,,,,,,,,,,,,,,,
2016-05-26,,,,,,,,,,,,,,2059.6,2042.0,,1998.8,,,1965.0,,,,,,,,,,,,,,,,,,,
2016-05-27,,,,,,,,,,,,,,2059.4,2037.2,,2002.4,,,1970.0,,,,,,,,,,,,,,,,,,,
2016-05-30,,,,,,,,,,,,,,2061.8,2040.4,,2004.2,,,1965.6,,,,,,,,,,,,,,,,,,,
2016-05-31,,,,,,,,,,,,,,2075.4,2058.8,,2026.2,,,2003.6,,,,,,,,,,,,,,,,,,,
2016-06-01,,,,,,,,,,,,,,2141.4,2129.2,,2110.0,,,2074.0,,,,,,,,,,,,,,,,,,,
2016-06-02,,,,,,,,,,,,,,2129.0,2106.2,,2086.2,,,2060.2,,,,,,,,,,,,,,,,,,,
2016-06-03,,,,,,,,,,,,,,2136.8,2120.0,,2076.6,,,2062.6,,,,,,,,,,,,,,,,,,,
2016-06-06,,,,,,,,,,,,,,2142.0,2124.0,,2095.0,,,2066.0,,,,,,,,,,,,,,,,,,,
2016-06-07,,,,,,,,,,,,,,2135.6,2115.6,,2086.2,,,2064.0,,,,,,,,,,,,,,,,,,,
2016-06-08,,,,,,,,,,,,,,2134.0,2105.0,,2085.8,,,2052.0,,,,,,,,,,,,,,,,,,,
2016-06-13,,,,,,,,,,,,,,2097.2,2087.6,,2044.8,,,2020.0,,,,,,,,,,,,,,,,,,,
2016-06-14,,,,,,,,,,,,,,2067.8,2038.0,,2009.4,,,1976.2,,,,,,,,,,,,,,,,,,,
2016-06-15,,,,,,,,,,,,,,2063.0,2049.6,,2019.6,,,1989.6,,,,,,,,,,,,,,,,,,,
2016-06-16,,,,,,,,,,,,,,2086.6,2058.6,,2035.8,,,1997.4,,,,,,,,,,,,,,,,,,,
2016-06-17,,,,,,,,,,,,,,2095.2,2058.2,,2022.4,,,2002.0,,,,,,,,,,,,,,,,,,,
2016-06-20,,,,,,,,,,,,,,,2074.4,2052.0,2039.4,,,2008.2,,,,,,,,,,,,,,,,,,,
2016-06-21,,,,,,,,,,,,,,,2073.4,2056.2,2047.8,,,2020.0,,,,,,,,,,,,,,,,,,,
2016-06-22,,,,,,,,,,,,,,,2067.4,2056.6,2033.6,,,2009.8,,,,,,,,,,,,,,,,,,,
2016-06-23,,,,,,,,,,,,,,,2083.8,2062.4,2050.4,,,2028.8,,,,,,,,,,,,,,,,,,,
2016-06-24,,,,,,,,,,,,,,,2072.0,2051.6,2036.8,,,2006.8,,,,,,,,,,,,,,,,,,,
2016-06-27,,,,,,,,,,,,,,,2055.0,2037.6,2026.8,,,1992.0,,,,,,,,,,,,,,,,,,,
2016-06-28,,,,,,,,,,,,,,,2065.8,2048.4,2032.6,,,2000.8,,,,,,,,,,,,,,,,,,,
2016-06-29,,,,,,,,,,,,,,,2082.8,2067.0,2057.8,,,2022.8,,,,,,,,,,,,,,,,,,,
2016-06-30,,,,,,,,,,,,,,,2106.4,2092.8,2073.2,,,2044.0,,,,,,,,,,,,,,,,,,,
2016-07-01,,,,,,,,,,,,,,,2108.2,2093.4,2081.0,,,2049.0,,,,,,,,,,,,,,,,,,,
2016-07-04,,,,,,,,,,,,,,,2106.2,2088.0,2053.8,,,2038.0,,,,,,,,,,,,,,,,,,,
2016-07-05,,,,,,,,,,,,,,,2140.4,2123.4,2105.6,,,2081.0,,,,,,,,,,,,,,,,,,,
2016-07-06,,,,,,,,,,,,,,,2138.6,2120.6,2110.2,,,2078.8,,,,,,,,,,,,,,,,,,,
2016-07-07,,,,,,,,,,,,,,,2144.0,2121.0,2111.0,,,2075.6,,,,,,,,,,,,,,,,,,,
2016-07-08,,,,,,,,,,,,,,,2140.0,2128.0,2099.0,,,2070.8,,,,,,,,,,,,,,,,,,,
2016-07-11,,,,,,,,,,,,,,,2148.6,2130.2,2110.2,,,2076.2,,,,,,,,,,,,,,,,,,,
2016-07-12,,,,,,,,,,,,,,,2150.0,2134.2,2123.0,,,2081.0,,,,,,,,,,,,,,,,,,,
2016-07-13,,,,,,,,,,,,,,,2200.0,2186.6,2178.0,,,2148.2,,,,,,,,,,,,,,,,,,,
2016-07-14,,,,,,,,,,,,,,,2195.0,2188.4,2175.8,,,2142.0,,,,,,,,,,,,,,,,,,,
2016-07-15,,,,,,,,,,,,,,,2193.8,2189.4,2180.6,,,2149.2,,,,,,,,,,,,,,,,,,,
2016-07-18,,,,,,,,,,,,,,,,2186.6,2177.2,,,2153.4,,,2125.0,,,,,,,,,,,,,,,,
2016-07-19,,,,,,,,,,,,,,,,2178.2,2172.2,,,2143.8,,,2124.0,,,,,,,,,,,,,,,,
2016-07-20,,,,,,,,,,,,,,,,2158.8,2148.8,,,2124.4,,,2104.2,,,,,,,,,,,,,,,,
2016-07-21,,,,,,,,,,,,,,,,2156.8,2149.4,,,2121.0,,,2109.8,,,,,,,,,,,,,,,,
2016-07-22,,,,,,,,,,,,,,,,2163.2,2151.6,,,2126.8,,,2108.4,,,,,,,,,,,,,,,,
2016-07-25,,,,,,,,,,,,,,,,2152.2,2142.0,,,2115.4,,,2090.0,,,,,,,,,,,,,,,,
2016-07-26,,,,,,,,,,,,,,,,2141.8,2131.4,,,2100.0,,,2091.2,,,,,,,,,,,,,,,,
2016-07-27,,,,,,,,,,,,,,,,2175.8,2167.6,,,2147.0,,,2126.4,,,,,,,,,,,,,,,,
2016-07-28,,,,,,,,,,,,,,,,2151.0,2139.6,,,2111.0,,,2104.6,,,,,,,,,,,,,,,,
2016-07-29,,,,,,,,,,,,,,,,2158.8,2152.4,,,2132.2,,,2119.2,,,,,,,,,,,,,,,,
2016-08-01,,,,,,,,,,,,,,,,2151.0,2146.0,,,2125.4,,,2104.0,,,,,,,,,,,,,,,,
2016-08-02,,,,,,,,,,,,,,,,2142.4,2134.8,,,2118.6,,,2106.4,,,,,,,,,,,,,,,,
2016-08-03,,,,,,,,,,,,,,,,2131.2,2126.0,,,2112.4,,,2098.0,,,,,,,,,,,,,,,,
2016-08-04,,,,,,,,,,,,,,,,2136.4,2132.8,,,2119.2,,,2108.0,,,,,,,,,,,,,,,,
2016-08-05,,,,,,,,,,,,,,,,2135.4,2131.8,,,2116.2,,,2107.2,,,,,,,,,,,,,,,,
2016-08-08,,,,,,,,,,,,,,,,2142.6,2134.8,,,2124.0,,,2111.0,,,,,,,,,,,,,,,,
2016-08-09,,,,,,,,,,,,,,,,2154.0,2143.0,,,2138.0,,,2134.0,,,,,,,,,,,,,,,,
2016-08-10,,,,,,,,,,,,,,,,2167.8,2159.2,,,2147.0,,,2182.8,,,,,,,,,,,,,,,,
2016-08-11,,,,,,,,,,,,,,,,2168.2,2158.6,,,2145.4,,,2139.0,,,,,,,,,,,,,,,,
2016-08-12,,,,,,,,,,,,,,,,2172.8,2158.4,,,2152.8,,,2145.2,,,,,,,,,,,,,,,,
2016-08-15,,,,,,,,,,,,,,,,2222.0,2216.4,,,2204.6,,,2192.0,,,,,,,,,,,,,,,,
2016-08-16,,,,,,,,,,,,,,,,2294.6,2293.0,,,2269.0,,,2272.0,,,,,,,,,,,,,,,,
2016-08-17,,,,,,,,,,,,,,,,2264.0,2254.8,,,2253.6,,,2238.2,,,,,,,,,,,,,,,,
2016-08-18,,,,,,,,,,,,,,,,2253.2,2249.0,,,2248.8,,,2244.6,,,,,,,,,,,,,,,,
2016-08-19,,,,,,,,,,,,,,,,2252.8,2237.2,,,2233.8,,,2233.0,,,,,,,,,,,,,,,,
2016-08-22,,,,,,,,,,,,,,,,,2244.0,2235.6,,2238.2,,,2229.2,,,,,,,,,,,,,,,,
2016-08-23,,,,,,,,,,,,,,,,,2231.2,2229.2,,2225.6,,,2214.4,,,,,,,,,,,,,,,,
2016-08-24,,,,,,,,,,,,,,,,,2238.0,2230.6,,2219.8,,,2207.0,,,,,,,,,,,,,,,,
2016-08-25,,,,,,,,,,,,,,,,,2219.0,2205.6,,2204.8,,,2175.2,,,,,,,,,,,,,,,,
2016-08-26,,,,,,,,,,,,,,,,,2214.0,2210.6,,2197.0,,,2187.4,,,,,,,,,,,,,,,,
2016-08-29,,,,,,,,,,,,,,,,,2212.6,2202.4,,2187.4,,,2173.6,,,,,,,,,,,,,,,,
2016-08-30,,,,,,,,,,,,,,,,,2209.8,2203.6,,2189.0,,,2172.8,,,,,,,,,,,,,,,,
2016-08-31,,,,,,,,,,,,,,,,,2218.0,2210.4,,2194.8,,,2180.2,,,,,,,,,,,,,,,,
2016-09-01,,,,,,,,,,,,,,,,,2224.0,2215.8,,2205.0,,,2188.6,,,,,,,,,,,,,,,,
2016-09-02,,,,,,,,,,,,,,,,,2209.0,2204.4,,2193.8,,,2178.6,,,,,,,,,,,,,,,,
2016-09-05,,,,,,,,,,,,,,,,,2224.8,2219.8,,2206.0,,,2193.2,,,,,,,,,,,,,,,,
2016-09-06,,,,,,,,,,,,,,,,,2222.6,2219.2,,2208.8,,,2192.2,,,,,,,,,,,,,,,,
2016-09-07,,,,,,,,,,,,,,,,,2230.2,2225.0,,2209.8,,,2202.4,,,,,,,,,,,,,,,,
2016-09-08,,,,,,,,,,,,,,,,,2233.6,2225.0,,2214.6,,,2198.0,,,,,,,,,,,,,,,,
2016-09-09,,,,,,,,,,,,,,,,,2230.4,2226.6,,2213.2,,,2197.2,,,,,,,,,,,,,,,,
2016-09-12,,,,,,,,,,,,,,,,,2194.4,2188.0,,2182.6,,,2158.8,,,,,,,,,,,,,,,,
2016-09-13,,,,,,,,,,,,,,,,,2188.2,2180.0,,2165.2,,,2147.2,,,,,,,,,,,,,,,,
2016-09-14,,,,,,,,,,,,,,,,,2180.0,2168.4,,2150.2,,,2139.0,,,,,,,,,,,,,,,,
2016-09-19,,,,,,,,,,,,,,,,,2175.6,2162.8,,2145.0,,,2131.8,,,,,,,,,,,,,,,,
2016-09-20,,,,,,,,,,,,,,,,,,2175.2,2160.2,2152.2,,,2133.6,,,,,,,,,,,,,,,,
2016-09-21,,,,,,,,,,,,,,,,,,2172.4,2161.2,2151.6,,,2129.0,,,,,,,,,,,,,,,,
2016-09-22,,,,,,,,,,,,,,,,,,2184.8,2168.8,2161.4,,,2143.4,,,,,,,,,,,,,,,,
2016-09-23,,,,,,,,,,,,,,,,,,2189.0,2181.6,2170.8,,,2145.8,,,,,,,,,,,,,,,,
2016-09-26,,,,,,,,,,,,,,,,,,2179.2,2167.8,2156.4,,,2130.8,,,,,,,,,,,,,,,,
2016-09-27,,,,,,,,,,,,,,,,,,2156.8,2150.2,2146.0,,,2117.2,,,,,,,,,,,,,,,,
2016-09-28,,,,,,,,,,,,,,,,,,2168.0,2159.6,2155.0,,,2128.4,,,,,,,,,,,,,,,,
2016-09-29,,,,,,,,,,,,,,,,,,2168.6,2160.0,2148.0,,,2132.6,,,,,,,,,,,,,,,,
2016-09-30,,,,,,,,,,,,,,,,,,2168.8,2164.4,2160.4,,,2130.8,,,,,,,,,,,,,,,,
2016-10-10,,,,,,,,,,,,,,,,,,2190.8,2167.0,2171.0,,,2140.0,,,,,,,,,,,,,,,,
2016-10-11,,,,,,,,,,,,,,,,,,2200.0,2190.0,2185.6,,,2163.8,,,,,,,,,,,,,,,,
2016-10-12,,,,,,,,,,,,,,,,,,2199.2,2197.4,2183.4,,,2153.6,,,,,,,,,,,,,,,,
2016-10-13,,,,,,,,,,,,,,,,,,2194.8,2187.2,2179.2,,,2159.6,,,,,,,,,,,,,,,,
2016-10-14,,,,,,,,,,,,,,,,,,2194.6,2188.8,2180.4,,,2153.4,,,,,,,,,,,,,,,,
2016-10-17,,,,,,,,,,,,,,,,,,2202.2,2197.0,2183.8,,,2154.2,,,,,,,,,,,,,,,,
2016-10-18,,,,,,,,,,,,,,,,,,2187.2,2175.6,2168.0,,,2139.2,,,,,,,,,,,,,,,,
2016-10-19,,,,,,,,,,,,,,,,,,2223.0,2213.2,2201.8,,,2171.0,,,,,,,,,,,,,,,,
2016-10-20,,,,,,,,,,,,,,,,,,2219.0,2212.4,2200.2,,,2170.8,,,,,,,,,,,,,,,,
2016-10-21,,,,,,,,,,,,,,,,,,2215.2,2213.2,2207.8,,,2175.0,,,,,,,,,,,,,,,,
2016-10-24,,,,,,,,,,,,,,,,,,,2226.2,2220.8,,,2190.2,,,2159.2,,,,,,,,,,,,,
2016-10-25,,,,,,,,,,,,,,,,,,,2258.8,2250.2,,,2231.0,,,2208.6,,,,,,,,,,,,,
2016-10-26,,,,,,,,,,,,,,,,,,,2253.2,2249.8,,,2216.4,,,2189.4,,,,,,,,,,,,,
2016-10-27,,,,,,,,,,,,,,,,,,,2246.2,2238.6,,,2211.8,,,2186.2,,,,,,,,,,,,,
2016-10-28,,,,,,,,,,,,,,,,,,,2242.2,2235.4,,,2212.6,,,2169.4,,,,,,,,,,,,,
2016-10-31,,,,,,,,,,,,,,,,,,,2242.8,2232.8,,,2204.2,,,2172.2,,,,,,,,,,,,,
2016-11-01,,,,,,,,,,,,,,,,,,,2243.0,2234.4,,,2205.0,,,2181.0,,,,,,,,,,,,,
2016-11-02,,,,,,,,,,,,,,,,,,,2243.2,2234.8,,,2207.6,,,2182.2,,,,,,,,,,,,,
2016-11-03,,,,,,,,,,,,,,,,,,,2237.4,2229.2,,,2196.6,,,2169.2,,,,,,,,,,,,,
2016-11-04,,,,,,,,,,,,,,,,,,,2262.0,2251.8,,,2228.2,,,2242.0,,,,,,,,,,,,,
2016-11-07,,,,,,,,,,,,,,,,,,,2270.0,2258.2,,,2229.6,,,2197.2,,,,,,,,,,,,,
2016-11-08,,,,,,,,,,,,,,,,,,,2274.8,2264.8,,,2228.4,,,2205.0,,,,,,,,,,,,,
2016-11-09,,,,,,,,,,,,,,,,,,,2281.4,2268.8,,,2238.8,,,2210.8,,,,,,,,,,,,,
2016-11-10,,,,,,,,,,,,,,,,,,,2279.2,2267.0,,,2241.6,,,2219.6,,,,,,,,,,,,,
2016-11-11,,,,,,,,,,,,,,,,,,,2281.8,2275.6,,,2244.6,,,2220.2,,,,,,,,,,,,,
2016-11-14,,,,,,,,,,,,,,,,,,,2301.6,2288.6,,,2263.8,,,2229.2,,,,,,,,,,,,,
2016-11-15,,,,,,,,,,,,,,,,,,,2317.2,2305.2,,,2272.8,,,2244.0,,,,,,,,,,,,,
2016-11-16,,,,,,,,,,,,,,,,,,,2311.2,2310.2,,,2271.6,,,2242.2,,,,,,,,,,,,,
2016-11-17,,,,,,,,,,,,,,,,,,,2304.0,2292.6,,,2268.0,,,2230.8,,,,,,,,,,,,,
2016-11-18,,,,,,,,,,,,,,,,,,,2315.6,2303.0,,,2271.8,,,2243.0,,,,,,,,,,,,,
2016-11-21,,,,,,,,,,,,,,,,,,,,2300.0,2295.2,,2265.4,,,2240.4,,,,,,,,,,,,,
2016-11-22,,,,,,,,,,,,,,,,,,,,2325.2,2318.8,,2289.0,,,2270.4,,,,,,,,,,,,,
2016-11-23,,,,,,,,,,,,,,,,,,,,2343.2,2327.8,,2304.4,,,2271.2,,,,,,,,,,,,,
2016-11-24,,,,,,,,,,,,,,,,,,,,2346.6,2337.4,,2312.6,,,2281.4,,,,,,,,,,,,,
2016-11-25,,,,,,,,,,,,,,,,,,,,2359.8,2351.0,,2321.6,,,2295.4,,,,,,,,,,,,,
2016-11-28,,,,,,,,,,,,,,,,,,,,2400.0,2387.2,,2360.0,,,2329.8,,,,,,,,,,,,,
2016-11-29,,,,,,,,,,,,,,,,,,,,2398.0,2391.2,,2363.0,,,2338.2,,,,,,,,,,,,,
2016-11-30,,,,,,,,,,,,,,,,,,,,2435.0,2422.0,,2409.0,,,2374.0,,,,,,,,,,,,,
2016-12-01,,,,,,,,,,,,,,,,,,,,2424.8,2419.8,,2395.2,,,2375.8,,,,,,,,,,,,,
2016-12-02,,,,,,,,,,,,,,,,,,,,2429.8,2420.2,,2404.6,,,2374.4,,,,,,,,,,,,,
2016-12-05,,,,,,,,,,,,,,,,,,,,2376.8,2370.0,,2360.8,,,2334.6,,,,,,,,,,,,,
2016-12-06,,,,,,,,,,,,,,,,,,,,2376.4,2364.8,,2356.2,,,2343.2,,,,,,,,,,,,,
2016-12-07,,,,,,,,,,,,,,,,,,,,2369.0,2361.8,,2343.6,,,2328.2,,,,,,,,,,,,,
2016-12-08,,,,,,,,,,,,,,,,,,,,2380.0,2368.4,,2344.6,,,2325.0,,,,,,,,,,,,,
2016-12-09,,,,,,,,,,,,,,,,,,,,2376.0,2365.4,,2342.6,,,2314.4,,,,,,,,,,,,,
2016-12-12,,,,,,,,,,,,,,,,,,,,2408.8,2397.8,,2380.2,,,2360.0,,,,,,,,,,,,,
2016-12-13,,,,,,,,,,,,,,,,,,,,2376.6,2366.8,,2351.8,,,2325.0,,,,,,,,,,,,,
2016-12-14,,,,,,,,,,,,,,,,,,,,2370.2,2363.0,,2343.4,,,2322.0,,,,,,,,,,,,,
2016-12-15,,,,,,,,,,,,,,,,,,,,2347.8,2343.8,,2328.6,,,2298.8,,,,,,,,,,,,,
2016-12-16,,,,,,,,,,,,,,,,,,,,2304.0,2301.0,,2280.4,,,2272.4,,,,,,,,,,,,,
2016-12-19,,,,,,,,,,,,,,,,,,,,,2291.6,2282.2,2284.6,,,2250.0,,,,,,,,,,,,,
2016-12-20,,,,,,,,,,,,,,,,,,,,,2281.0,2273.0,2266.2,,,2240.6,,,,,,,,,,,,,
2016-12-21,,,,,,,,,,,,,,,,,,,,,2275.2,2267.4,2246.0,,,2229.8,,,,,,,,,,,,,
2016-12-22,,,,,,,,,,,,,,,,,,,,,2285.2,2276.8,2265.2,,,2242.0,,,,,,,,,,,,,
2016-12-23,,,,,,,,,,,,,,,,,,,,,2276.2,2266.8,2259.6,,,2236.2,,,,,,,,,,,,,
2016-12-26,,,,,,,,,,,,,,,,,,,,,2251.0,2235.8,2244.0,,,2213.8,,,,,,,,,,,,,
2016-12-27,,,,,,,,,,,,,,,,,,,,,2280.0,2271.4,2265.8,,,2240.0,,,,,,,,,,,,,
2016-12-28,,,,,,,,,,,,,,,,,,,,,2275.2,2264.6,2255.6,,,2231.8,,,,,,,,,,,,,
2016-12-29,,,,,,,,,,,,,,,,,,,,,2261.6,2252.2,2242.8,,,2222.0,,,,,,,,,,,,,
2016-12-30,,,,,,,,,,,,,,,,,,,,,2270.6,2262.0,2259.0,,,2226.4,,,,,,,,,,,,,
2017-01-03,,,,,,,,,,,,,,,,,,,,,2279.0,2267.8,2260.8,,,2230.0,,,,,,,,,,,,,
2017-01-04,,,,,,,,,,,,,,,,,,,,,2297.4,2288.4,2280.8,,,2255.0,,,,,,,,,,,,,
2017-01-05,,,,,,,,,,,,,,,,,,,,,2319.2,2306.6,2299.8,,,2272.2,,,,,,,,,,,,,
2017-01-06,,,,,,,,,,,,,,,,,,,,,2314.8,2308.2,2294.6,,,2270.8,,,,,,,,,,,,,
2017-01-09,,,,,,,,,,,,,,,,,,,,,2305.0,2297.2,2288.0,,,2264.2,,,,,,,,,,,,,
2017-01-10,,,,,,,,,,,,,,,,,,,,,2312.2,2304.0,2295.2,,,2273.8,,,,,,,,,,,,,
2017-01-11,,,,,,,,,,,,,,,,,,,,,2310.2,2302.4,2290.2,,,2274.0,,,,,,,,,,,,,
2017-01-12,,,,,,,,,,,,,,,,,,,,,2299.0,2291.8,2278.6,,,2265.0,,,,,,,,,,,,,
2017-01-13,,,,,,,,,,,,,,,,,,,,,2291.2,2279.2,2278.2,,,2253.8,,,,,,,,,,,,,
2017-01-16,,,,,,,,,,,,,,,,,,,,,2302.0,2297.0,2286.2,,,2265.6,,,,,,,,,,,,,
2017-01-17,,,,,,,,,,,,,,,,,,,,,2321.0,2306.8,2301.4,,,2278.0,,,,,,,,,,,,,
2017-01-18,,,,,,,,,,,,,,,,,,,,,2329.8,2320.4,2311.2,,,2282.4,,,,,,,,,,,,,
2017-01-19,,,,,,,,,,,,,,,,,,,,,2338.6,2336.0,2330.6,,,2300.4,,,,,,,,,,,,,
2017-01-20,,,,,,,,,,,,,,,,,,,,,2335.4,2332.8,2324.0,,,2308.2,,,,,,,,,,,,,
2017-01-23,,,,,,,,,,,,,,,,,,,,,,2354.0,2350.2,,,2332.8,,,2318.2,,,,,,,,,,
2017-01-24,,,,,,,,,,,,,,,,,,,,,,2352.0,2347.0,,,2320.4,,,2302.8,,,,,,,,,,
2017-01-25,,,,,,,,,,,,,,,,,,,,,,2345.0,2348.0,,,2309.4,,,2286.6,,,,,,,,,,
2017-01-26,,,,,,,,,,,,,,,,,,,,,,2359.0,2360.0,,,2332.2,,,2292.8,,,,,,,,,,
2017-02-03,,,,,,,,,,,,,,,,,,,,,,2370.8,2363.8,,,2342.8,,,2308.8,,,,,,,,,,
2017-02-06,,,,,,,,,,,,,,,,,,,,,,2347.0,2339.2,,,2322.0,,,2289.8,,,,,,,,,,
2017-02-07,,,,,,,,,,,,,,,,,,,,,,2341.8,2338.2,,,2328.8,,,2290.6,,,,,,,,,,
2017-02-08,,,,,,,,,,,,,,,,,,,,,,2332.2,2331.6,,,2311.4,,,2275.4,,,,,,,,,,
2017-02-09,,,,,,,,,,,,,,,,,,,,,,2343.6,2340.2,,,2324.8,,,2283.2,,,,,,,,,,
2017-02-10,,,,,,,,,,,,,,,,,,,,,,2357.6,2350.6,,,2335.0,,,2294.4,,,,,,,,,,
2017-02-13,,,,,,,,,,,,,,,,,,,,,,2366.6,2368.0,,,2346.0,,,2309.8,,,,,,,,,,
2017-02-14,,,,,,,,,,,,,,,,,,,,,,2374.2,2369.4,,,2347.4,,,2313.8,,,,,,,,,,
2017-02-15,,,,,,,,,,,,,,,,,,,,,,2372.0,2365.4,,,2349.6,,,2308.6,,,,,,,,,,
2017-02-16,,,,,,,,,,,,,,,,,,,,,,2372.2,2369.2,,,2347.0,,,2310.0,,,,,,,,,,
2017-02-17,,,,,,,,,,,,,,,,,,,,,,2375.8,2373.2,,,2365.0,,,2323.8,,,,,,,,,,
2017-02-20,,,,,,,,,,,,,,,,,,,,,,,2358.0,2360.8,,2342.6,,,2308.0,,,,,,,,,,
2017-02-21,,,,,,,,,,,,,,,,,,,,,,,2395.6,2392.4,,2378.4,,,2352.8,,,,,,,,,,
2017-02-22,,,,,,,,,,,,,,,,,,,,,,,2388.0,2384.2,,2376.4,,,2340.0,,,,,,,,,,
2017-02-23,,,,,,,,,,,,,,,,,,,,,,,2392.0,2387.0,,2376.8,,,2344.2,,,,,,,,,,
2017-02-24,,,,,,,,,,,,,,,,,,,,,,,2376.6,2379.0,,2364.4,,,2331.0,,,,,,,,,,
2017-02-27,,,,,,,,,,,,,,,,,,,,,,,2384.0,2372.2,,2361.8,,,2336.2,,,,,,,,,,
2017-02-28,,,,,,,,,,,,,,,,,,,,,,,2365.8,2363.6,,2350.2,,,2317.0,,,,,,,,,,
2017-03-01,,,,,,,,,,,,,,,,,,,,,,,2366.2,2359.8,,2349.0,,,2314.8,,,,,,,,,,
2017-03-02,,,,,,,,,,,,,,,,,,,,,,,2371.2,2371.6,,2350.0,,,2317.0,,,,,,,,,,
2017-03-03,,,,,,,,,,,,,,,,,,,,,,,2346.0,2340.4,,2329.6,,,2299.0,,,,,,,,,,
2017-03-06,,,,,,,,,,,,,,,,,,,,,,,2339.8,2335.0,,2323.6,,,2286.2,,,,,,,,,,
2017-03-07,,,,,,,,,,,,,,,,,,,,,,,2342.6,2344.0,,2319.2,,,2284.2,,,,,,,,,,
2017-03-08,,,,,,,,,,,,,,,,,,,,,,,2343.2,2340.0,,2320.2,,,2284.8,,,,,,,,,,
2017-03-09,,,,,,,,,,,,,,,,,,,,,,,2345.0,2340.0,,2325.0,,,2284.2,,,,,,,,,,
2017-03-10,,,,,,,,,,,,,,,,,,,,,,,2334.0,2327.6,,2311.6,,,2272.4,,,,,,,,,,
2017-03-13,,,,,,,,,,,,,,,,,,,,,,,2331.8,2324.0,,2310.4,,,2265.8,,,,,,,,,,
2017-03-14,,,,,,,,,,,,,,,,,,,,,,,2351.2,2344.0,,2337.6,,,2288.0,,,,,,,,,,
2017-03-15,,,,,,,,,,,,,,,,,,,,,,,2343.4,2342.0,,2321.6,,,2289.2,,,,,,,,,,
2017-03-16,,,,,,,,,,,,,,,,,,,,,,,2363.2,2351.2,,2325.4,,,2293.0,,,,,,,,,,
2017-03-17,,,,,,,,,,,,,,,,,,,,,,,2373.2,2367.2,,2349.0,,,2302.8,,,,,,,,,,
2017-03-20,,,,,,,,,,,,,,,,,,,,,,,,2344.8,2338.6,2327.0,,,2286.4,,,,,,,,,,
2017-03-21,,,,,,,,,,,,,,,,,,,,,,,,2342.4,2333.2,2325.0,,,2278.0,,,,,,,,,,
2017-03-22,,,,,,,,,,,,,,,,,,,,,,,,2340.0,2330.4,2320.0,,,2272.2,,,,,,,,,,
2017-03-23,,,,,,,,,,,,,,,,,,,,,,,,2335.4,2326.6,2310.8,,,2265.0,,,,,,,,,,
2017-03-24,,,,,,,,,,,,,,,,,,,,,,,,2343.2,2339.0,2325.0,,,2273.2,,,,,,,,,,
2017-03-27,,,,,,,,,,,,,,,,,,,,,,,,2362.2,2354.0,2345.0,,,2293.6,,,,,,,,,,
2017-03-28,,,,,,,,,,,,,,,,,,,,,,,,2366.2,2359.4,2344.8,,,2295.0,,,,,,,,,,
2017-03-29,,,,,,,,,,,,,,,,,,,,,,,,2358.8,2356.4,2336.0,,,2284.8,,,,,,,,,,
2017-03-30,,,,,,,,,,,,,,,,,,,,,,,,2353.2,2344.6,2332.0,,,2286.0,,,,,,,,,,
2017-03-31,,,,,,,,,,,,,,,,,,,,,,,,2344.2,2339.0,2331.8,,,2278.6,,,,,,,,,,
2017-04-05,,,,,,,,,,,,,,,,,,,,,,,,2378.0,2376.4,2342.2,,,2316.6,,,,,,,,,,
2017-04-06,,,,,,,,,,,,,,,,,,,,,,,,2383.8,2376.6,2366.0,,,2317.2,,,,,,,,,,
2017-04-07,,,,,,,,,,,,,,,,,,,,,,,,2382.6,2373.4,2366.0,,,2315.6,,,,,,,,,,
2017-04-10,,,,,,,,,,,,,,,,,,,,,,,,2384.0,2377.8,2367.0,,,2319.0,,,,,,,,,,
2017-04-11,,,,,,,,,,,,,,,,,,,,,,,,2375.4,2369.2,2359.0,,,2312.0,,,,,,,,,,
2017-04-12,,,,,,,,,,,,,,,,,,,,,,,,2376.8,2368.6,2360.4,,,2307.0,,,,,,,,,,
2017-04-13,,,,,,,,,,,,,,,,,,,,,,,,2367.4,2360.0,2350.2,,,2273.4,,,,,,,,,,
2017-04-14,,,,,,,,,,,,,,,,,,,,,,,,2369.2,2357.0,2354.8,,,2305.8,,,,,,,,,,
2017-04-17,,,,,,,,,,,,,,,,,,,,,,,,2343.8,2340.8,2328.8,,,2287.0,,,,,,,,,,
2017-04-18,,,,,,,,,,,,,,,,,,,,,,,,2352.6,2345.0,2332.8,,,2286.6,,,,,,,,,,
2017-04-19,,,,,,,,,,,,,,,,,,,,,,,,2332.0,2321.0,2317.6,,,2270.0,,,,,,,,,,
2017-04-20,,,,,,,,,,,,,,,,,,,,,,,,2323.4,2316.8,2301.6,,,2258.4,,,,,,,,,,
2017-04-21,,,,,,,,,,,,,,,,,,,,,,,,2332.6,2325.6,2311.2,,,2260.0,,,,,,,,,,
2017-04-24,,,,,,,,,,,,,,,,,,,,,,,,,2333.4,2316.2,,,2258.8,,,2254.0,,,,,,,
2017-04-25,,,,,,,,,,,,,,,,,,,,,,,,,2328.0,2314.8,,,2261.4,,,2241.4,,,,,,,
2017-04-26,,,,,,,,,,,,,,,,,,,,,,,,,2338.0,2325.0,,,2273.8,,,2254.0,,,,,,,
2017-04-27,,,,,,,,,,,,,,,,,,,,,,,,,2331.8,2318.4,,,2270.0,,,2249.0,,,,,,,
2017-04-28,,,,,,,,,,,,,,,,,,,,,,,,,2343.4,2328.8,,,2278.0,,,2258.2,,,,,,,
2017-05-02,,,,,,,,,,,,,,,,,,,,,,,,,2338.0,2326.4,,,2276.8,,,2263.0,,,,,,,
2017-05-03,,,,,,,,,,,,,,,,,,,,,,,,,2330.8,2320.4,,,2268.4,,,2250.2,,,,,,,
2017-05-04,,,,,,,,,,,,,,,,,,,,,,,,,2321.8,2309.6,,,2259.6,,,2243.0,,,,,,,
2017-05-05,,,,,,,,,,,,,,,,,,,,,,,,,2316.6,2302.0,,,2255.6,,,2239.0,,,,,,,
2017-05-08,,,,,,,,,,,,,,,,,,,,,,,,,2307.4,2296.6,,,2247.0,,,2231.4,,,,,,,
2017-05-09,,,,,,,,,,,,,,,,,,,,,,,,,2312.8,2299.0,,,2248.4,,,2236.8,,,,,,,
2017-05-10,,,,,,,,,,,,,,,,,,,,,,,,,2316.2,2304.8,,,2257.2,,,2246.0,,,,,,,
2017-05-11,,,,,,,,,,,,,,,,,,,,,,,,,2317.8,2302.2,,,2253.0,,,2245.4,,,,,,,
2017-05-12,,,,,,,,,,,,,,,,,,,,,,,,,2333.8,2328.0,,,2268.6,,,2262.2,,,,,,,
2017-05-15,,,,,,,,,,,,,,,,,,,,,,,,,2375.0,2360.8,,,2301.4,,,2297.8,,,,,,,
2017-05-16,,,,,,,,,,,,,,,,,,,,,,,,,2371.0,2360.6,,,2302.8,,,2280.2,,,,,,,
2017-05-17,,,,,,,,,,,,,,,,,,,,,,,,,2376.8,2364.0,,,2314.0,,,2303.0,,,,,,,
2017-05-18,,,,,,,,,,,,,,,,,,,,,,,,,2348.0,2343.4,,,2293.2,,,2274.6,,,,,,,
2017-05-19,,,,,,,,,,,,,,,,,,,,,,,,,2353.4,2347.4,,,2294.4,,,2283.4,,,,,,,
2017-05-22,,,,,,,,,,,,,,,,,,,,,,,,,,2347.2,2336.6,,2293.2,,,2282.0,,,,,,,
2017-05-23,,,,,,,,,,,,,,,,,,,,,,,,,,2367.6,2333.6,,2307.8,,,2290.0,,,,,,,
2017-05-24,,,,,,,,,,,,,,,,,,,,,,,,,,2390.2,2343.0,,2336.0,,,2320.8,,,,,,,
2017-05-25,,,,,,,,,,,,,,,,,,,,,,,,,,2390.8,2361.0,,2337.6,,,2318.0,,,,,,,
2017-05-26,,,,,,,,,,,,,,,,,,,,,,,,,,2463.0,2436.2,,2402.0,,,2388.8,,,,,,,
2017-05-31,,,,,,,,,,,,,,,,,,,,,,,,,,2476.6,2433.0,,2418.6,,,2391.6,,,,,,,
2017-06-01,,,,,,,,,,,,,,,,,,,,,,,,,,2473.0,2447.0,,2427.2,,,2398.6,,,,,,,
2017-06-02,,,,,,,,,,,,,,,,,,,,,,,,,,2493.0,2465.4,,2445.0,,,2421.0,,,,,,,
2017-06-05,,,,,,,,,,,,,,,,,,,,,,,,,,2466.6,2440.8,,2421.6,,,2411.6,,,,,,,
2017-06-06,,,,,,,,,,,,,,,,,,,,,,,,,,2442.4,2415.0,,2394.2,,,2383.8,,,,,,,
2017-06-07,,,,,,,,,,,,,,,,,,,,,,,,,,2461.2,2430.0,,2413.0,,,2395.0,,,,,,,
2017-06-08,,,,,,,,,,,,,,,,,,,,,,,,,,2475.0,2445.0,,2425.0,,,2408.0,,,,,,,
2017-06-09,,,,,,,,,,,,,,,,,,,,,,,,,,2505.6,2473.2,,2458.4,,,2443.4,,,,,,,
2017-06-12,,,,,,,,,,,,,,,,,,,,,,,,,,2511.0,2487.8,,2470.8,,,2450.0,,,,,,,
2017-06-13,,,,,,,,,,,,,,,,,,,,,,,,,,2512.0,2479.2,,2460.2,,,2449.6,,,,,,,
2017-06-14,,,,,,,,,,,,,,,,,,,,,,,,,,2502.0,2479.8,,2460.0,,,2439.0,,,,,,,
2017-06-15,,,,,,,,,,,,,,,,,,,,,,,,,,2478.2,2449.8,,2438.4,,,2425.2,,,,,,,
2017-06-16,,,,,,,,,,,,,,,,,,,,,,,,,,2458.6,2439.2,,2424.0,,,2412.0,,,,,,,
2017-06-19,,,,,,,,,,,,,,,,,,,,,,,,,,,2438.0,2410.4,2414.0,,,2402.6,,,,,,,
2017-06-20,,,,,,,,,,,,,,,,,,,,,,,,,,,2474.8,2466.8,2453.4,,,2452.0,,,,,,,
2017-06-21,,,,,,,,,,,,,,,,,,,,,,,,,,,2464.6,2460.0,2458.8,,,2437.2,,,,,,,
2017-06-22,,,,,,,,,,,,,,,,,,,,,,,,,,,2474.8,2469.0,2464.8,,,2448.0,,,,,,,
2017-06-23,,,,,,,,,,,,,,,,,,,,,,,,,,,2493.8,2483.8,2479.0,,,2461.4,,,,,,,
2017-06-26,,,,,,,,,,,,,,,,,,,,,,,,,,,2516.6,2511.8,2496.6,,,2490.6,,,,,,,
2017-06-27,,,,,,,,,,,,,,,,,,,,,,,,,,,2524.8,2523.6,2510.0,,,2496.4,,,,,,,
2017-06-28,,,,,,,,,,,,,,,,,,,,,,,,,,,2529.0,2524.2,2514.8,,,2500.0,,,,,,,
2017-06-29,,,,,,,,,,,,,,,,,,,,,,,,,,,2524.6,2513.2,2509.6,,,2500.0,,,,,,,
2017-06-30,,,,,,,,,,,,,,,,,,,,,,,,,,,2519.4,2517.4,2500.0,,,2498.0,,,,,,,
2017-07-03,,,,,,,,,,,,,,,,,,,,,,,,,,,2528.4,2519.0,2515.2,,,2501.0,,,,,,,
2017-07-04,,,,,,,,,,,,,,,,,,,,,,,,,,,2510.0,2500.2,2502.0,,,2484.0,,,,,,,
2017-07-05,,,,,,,,,,,,,,,,,,,,,,,,,,,2487.0,2477.6,2471.0,,,2455.0,,,,,,,
2017-07-06,,,,,,,,,,,,,,,,,,,,,,,,,,,2526.8,2528.8,2517.8,,,2504.8,,,,,,,
2017-07-07,,,,,,,,,,,,,,,,,,,,,,,,,,,2528.0,2512.8,2516.0,,,2499.6,,,,,,,
2017-07-10,,,,,,,,,,,,,,,,,,,,,,,,,,,2518.2,2510.2,2506.0,,,2497.6,,,,,,,
2017-07-11,,,,,,,,,,,,,,,,,,,,,,,,,,,2537.0,2528.0,2525.6,,,2506.6,,,,,,,
2017-07-12,,,,,,,,,,,,,,,,,,,,,,,,,,,2566.6,2567.0,2565.0,,,2547.2,,,,,,,
2017-07-13,,,,,,,,,,,,,,,,,,,,,,,,,,,2565.6,2554.2,2547.0,,,2539.8,,,,,,,
2017-07-14,,,,,,,,,,,,,,,,,,,,,,,,,,,2601.8,2595.2,2589.0,,,2576.8,,,,,,,
2017-07-17,,,,,,,,,,,,,,,,,,,,,,,,,,,2633.0,2622.0,2619.2,,,2610.4,,,,,,,
2017-07-18,,,,,,,,,,,,,,,,,,,,,,,,,,,2628.6,2627.8,2623.8,,,2612.4,,,,,,,
2017-07-19,,,,,,,,,,,,,,,,,,,,,,,,,,,2625.0,2615.8,2616.8,,,2608.6,,,,,,,
2017-07-20,,,,,,,,,,,,,,,,,,,,,,,,,,,2662.8,2659.0,2654.4,,,2652.0,,,,,,,
2017-07-21,,,,,,,,,,,,,,,,,,,,,,,,,,,2664.2,2662.4,2659.8,,,2661.2,,,,,,,
2017-07-24,,,,,,,,,,,,,,,,,,,,,,,,,,,,2642.0,2630.2,,,2635.8,,,2642.0,,,,
2017-07-25,,,,,,,,,,,,,,,,,,,,,,,,,,,,2662.0,2660.0,,,2657.2,,,2652.4,,,,
2017-07-26,,,,,,,,,,,,,,,,,,,,,,,,,,,,2646.0,2649.6,,,2650.0,,,2645.0,,,,
2017-07-27,,,,,,,,,,,,,,,,,,,,,,,,,,,,2630.6,2633.4,,,2631.4,,,2628.0,,,,
2017-07-28,,,,,,,,,,,,,,,,,,,,,,,,,,,,2628.0,2627.0,,,2626.0,,,2625.0,,,,
2017-07-31,,,,,,,,,,,,,,,,,,,,,,,,,,,,2638.8,2635.8,,,2641.0,,,2640.8,,,,
2017-08-01,,,,,,,,,,,,,,,,,,,,,,,,,,,,2646.6,2646.4,,,2642.0,,,2648.2,,,,
2017-08-02,,,,,,,,,,,,,,,,,,,,,,,,,,,,2683.0,2683.0,,,2684.6,,,2684.4,,,,
2017-08-03,,,,,,,,,,,,,,,,,,,,,,,,,,,,2685.8,2683.8,,,2685.4,,,2688.8,,,,
2017-08-04,,,,,,,,,,,,,,,,,,,,,,,,,,,,2650.0,2647.2,,,2645.2,,,2664.6,,,,
2017-08-07,,,,,,,,,,,,,,,,,,,,,,,,,,,,2631.4,2630.6,,,2633.2,,,2639.2,,,,
2017-08-08,,,,,,,,,,,,,,,,,,,,,,,,,,,,2637.0,2646.0,,,2640.0,,,2643.8,,,,
2017-08-09,,,,,,,,,,,,,,,,,,,,,,,,,,,,2630.4,2636.2,,,2638.2,,,2635.2,,,,
2017-08-10,,,,,,,,,,,,,,,,,,,,,,,,,,,,2618.4,2623.6,,,2623.0,,,2624.6,,,,
2017-08-11,,,,,,,,,,,,,,,,,,,,,,,,,,,,2596.6,2595.6,,,2596.8,,,2606.8,,,,
2017-08-14,,,,,,,,,,,,,,,,,,,,,,,,,,,,2570.0,2568.8,,,2570.6,,,2579.6,,,,
2017-08-15,,,,,,,,,,,,,,,,,,,,,,,,,,,,2591.8,2587.2,,,2590.4,,,2595.0,,,,
2017-08-16,,,,,,,,,,,,,,,,,,,,,,,,,,,,2599.8,2602.4,,,2602.8,,,2595.0,,,,
2017-08-17,,,,,,,,,,,,,,,,,,,,,,,,,,,,2600.0,2599.8,,,2598.0,,,2591.4,,,,
2017-08-18,,,,,,,,,,,,,,,,,,,,,,,,,,,,2598.8,2599.8,,,2602.8,,,2600.0,,,,
2017-08-21,,,,,,,,,,,,,,,,,,,,,,,,,,,,,2622.0,2630.0,,2627.8,,,2635.8,,,,
2017-08-22,,,,,,,,,,,,,,,,,,,,,,,,,,,,,2626.0,2634.0,,2624.4,,,2628.8,,,,
2017-08-23,,,,,,,,,,,,,,,,,,,,,,,,,,,,,2645.2,2645.0,,2646.4,,,2657.2,,,,
2017-08-24,,,,,,,,,,,,,,,,,,,,,,,,,,,,,2664.0,2666.8,,2668.0,,,2667.6,,,,
2017-08-25,,,,,,,,,,,,,,,,,,,,,,,,,,,,,2652.0,2654.0,,2657.4,,,2656.6,,,,
2017-08-28,,,,,,,,,,,,,,,,,,,,,,,,,,,,,2728.0,2728.2,,2734.0,,,2733.2,,,,
2017-08-29,,,,,,,,,,,,,,,,,,,,,,,,,,,,,2740.6,2747.0,,2746.8,,,2747.2,,,,
2017-08-30,,,,,,,,,,,,,,,,,,,,,,,,,,,,,2750.8,2748.8,,2760.8,,,2761.8,,,,
2017-08-31,,,,,,,,,,,,,,,,,,,,,,,,,,,,,2736.0,2741.8,,2743.6,,,2749.4,,,,
2017-09-01,,,,,,,,,,,,,,,,,,,,,,,,,,,,,2728.8,2740.4,,2733.0,,,2748.0,,,,
2017-09-04,,,,,,,,,,,,,,,,,,,,,,,,,,,,,2716.6,2717.2,,2731.6,,,2735.0,,,,
2017-09-05,,,,,,,,,,,,,,,,,,,,,,,,,,,,,2721.2,2732.0,,2732.0,,,2740.6,,,,
2017-09-06,,,,,,,,,,,,,,,,,,,,,,,,,,,,,2730.8,2730.0,,2743.8,,,2741.0,,,,
2017-09-07,,,,,,,,,,,,,,,,,,,,,,,,,,,,,2723.0,2725.4,,2727.6,,,2732.2,,,,
2017-09-08,,,,,,,,,,,,,,,,,,,,,,,,,,,,,2699.8,2706.8,,2709.0,,,2714.2,,,,
2017-09-11,,,,,,,,,,,,,,,,,,,,,,,,,,,,,2699.0,2703.0,,2698.0,,,2701.8,,,,
2017-09-12,,,,,,,,,,,,,,,,,,,,,,,,,,,,,2690.4,2695.0,,2699.6,,,2706.6,,,,
2017-09-13,,,,,,,,,,,,,,,,,,,,,,,,,,,,,2699.8,2700.8,,2708.8,,,2718.2,,,,
2017-09-14,,,,,,,,,,,,,,,,,,,,,,,,,,,,,2692.8,2701.0,,2705.0,,,2711.2,,,,
2017-09-15,,,,,,,,,,,,,,,,,,,,,,,,,,,,,2669.8,2676.2,,2687.6,,,2695.0,,,,
2017-09-18,,,,,,,,,,,,,,,,,,,,,,,,,,,,,,2686.0,2695.6,2695.0,,,2708.0,,,,
2017-09-19,,,,,,,,,,,,,,,,,,,,,,,,,,,,,,2693.0,2701.0,2711.6,,,2724.4,,,,
2017-09-20,,,,,,,,,,,,,,,,,,,,,,,,,,,,,,2676.4,2685.8,2691.2,,,2698.2,,,,
2017-09-21,,,,,,,,,,,,,,,,,,,,,,,,,,,,,,2674.2,2694.0,2691.8,,,2697.0,,,,
2017-09-22,,,,,,,,,,,,,,,,,,,,,,,,,,,,,,2678.8,2679.6,2689.4,,,2710.0,,,,
2017-09-25,,,,,,,,,,,,,,,,,,,,,,,,,,,,,,2682.0,2689.2,2699.6,,,2702.2,,,,
2017-09-26,,,,,,,,,,,,,,,,,,,,,,,,,,,,,,2680.0,2688.8,2696.0,,,2708.4,,,,
2017-09-27,,,,,,,,,,,,,,,,,,,,,,,,,,,,,,2684.8,2689.2,2699.4,,,2709.2,,,,
2017-09-28,,,,,,,,,,,,,,,,,,,,,,,,,,,,,,2671.0,2678.0,2683.0,,,2691.8,,,,
2017-09-29,,,,,,,,,,,,,,,,,,,,,,,,,,,,,,2675.0,2680.8,2687.4,,,2701.6,,,,
2017-10-09,,,,,,,,,,,,,,,,,,,,,,,,,,,,,,2748.0,2767.0,2760.0,,,2775.0,,,,
2017-10-10,,,,,,,,,,,,,,,,,,,,,,,,,,,,,,2705.8,2720.4,2720.0,,,2736.6,,,,
2017-10-11,,,,,,,,,,,,,,,,,,,,,,,,,,,,,,2706.4,2715.6,2719.8,,,2746.0,,,,
2017-10-12,,,,,,,,,,,,,,,,,,,,,,,,,,,,,,2711.4,2720.0,2728.2,,,2751.8,,,,
2017-10-13,,,,,,,,,,,,,,,,,,,,,,,,,,,,,,2718.2,2731.0,2731.0,,,2758.2,,,,
2017-10-16,,,,,,,,,,,,,,,,,,,,,,,,,,,,,,2728.0,2736.8,2740.0,,,2765.2,,,,
2017-10-17,,,,,,,,,,,,,,,,,,,,,,,,,,,,,,2730.0,2738.0,2741.0,,,2761.0,,,,
2017-10-18,,,,,,,,,,,,,,,,,,,,,,,,,,,,,,2731.6,2738.8,2739.0,,,2764.4,,,,
2017-10-19,,,,,,,,,,,,,,,,,,,,,,,,,,,,,,2752.0,2755.2,2758.6,,,2774.4,,,,
2017-10-20,,,,,,,,,,,,,,,,,,,,,,,,,,,,,,2740.0,2749.8,2758.4,,,2772.0,,,,
2017-10-23,,,,,,,,,,,,,,,,,,,,,,,,,,,,,,,2750.2,2754.0,,,2766.6,,,2764.8,
2017-10-24,,,,,,,,,,,,,,,,,,,,,,,,,,,,,,,2739.6,2744.2,,,2762.4,,,2772.6,
2017-10-25,,,,,,,,,,,,,,,,,,,,,,,,,,,,,,,2755.0,2759.4,,,2776.2,,,2783.2,
2017-10-26,,,,,,,,,,,,,,,,,,,,,,,,,,,,,,,2756.6,2763.2,,,2778.8,,,2788.2,
2017-10-27,,,,,,,,,,,,,,,,,,,,,,,,,,,,,,,2782.0,2787.4,,,2809.8,,,2823.0,
2017-10-30,,,,,,,,,,,,,,,,,,,,,,,,,,,,,,,2820.0,2825.4,,,2838.8,,,2848.8,
2017-10-31,,,,,,,,,,,,,,,,,,,,,,,,,,,,,,,2797.8,2802.4,,,2819.6,,,2831.2,
2017-11-01,,,,,,,,,,,,,,,,,,,,,,,,,,,,,,,2803.2,2810.0,,,2827.8,,,2834.4,
2017-11-02,,,,,,,,,,,,,,,,,,,,,,,,,,,,,,,2797.0,2801.2,,,2817.4,,,2829.2,
2017-11-03,,,,,,,,,,,,,,,,,,,,,,,,,,,,,,,2797.0,2801.0,,,2818.8,,,2823.8,
2017-11-06,,,,,,,,,,,,,,,,,,,,,,,,,,,,,,,2796.0,2800.4,,,2816.8,,,2824.0,
2017-11-07,,,,,,,,,,,,,,,,,,,,,,,,,,,,,,,2799.0,2802.8,,,2822.8,,,2821.8,
2017-11-08,,,,,,,,,,,,,,,,,,,,,,,,,,,,,,,2827.8,2835.0,,,2844.8,,,2845.8,
2017-11-09,,,,,,,,,,,,,,,,,,,,,,,,,,,,,,,2822.4,2829.6,,,2848.6,,,2847.8,
2017-11-10,,,,,,,,,,,,,,,,,,,,,,,,,,,,,,,2834.0,2838.6,,,2855.8,,,2855.4,
2017-11-13,,,,,,,,,,,,,,,,,,,,,,,,,,,,,,,2873.6,2882.0,,,2893.0,,,2895.6,
2017-11-14,,,,,,,,,,,,,,,,,,,,,,,,,,,,,,,2881.8,2883.2,,,2903.6,,,2908.6,
2017-11-15,,,,,,,,,,,,,,,,,,,,,,,,,,,,,,,2851.6,2862.8,,,2887.0,,,2890.8,
2017-11-16,,,,,,,,,,,,,,,,,,,,,,,,,,,,,,,2844.6,2857.8,,,2876.8,,,2886.4,
2017-11-17,,,,,,,,,,,,,,,,,,,,,,,,,,,,,,,2875.6,2886.2,,,2906.2,,,2915.8,
2017-11-20,,,,,,,,,,,,,,,,,,,,,,,,,,,,,,,,2924.2,2927.0,,2950.0,,,2947.0,
2017-11-21,,,,,,,,,,,,,,,,,,,,,,,,,,,,,,,,2939.2,2943.8,,2960.0,,,2981.2,
2017-11-22,,,,,,,,,,,,,,,,,,,,,,,,,,,,,,,,3016.2,3014.8,,3039.0,,,3054.8,
2017-11-23,,,,,,,,,,,,,,,,,,,,,,,,,,,,,,,,3013.0,3027.0,,3043.0,,,3054.2,
2017-11-24,,,,,,,,,,,,,,,,,,,,,,,,,,,,,,,,2950.4,2959.4,,2966.2,,,2999.8,
2017-11-27,,,,,,,,,,,,,,,,,,,,,,,,,,,,,,,,2938.0,2951.2,,2970.2,,,2986.4,
2017-11-28,,,,,,,,,,,,,,,,,,,,,,,,,,,,,,,,2909.4,2912.0,,2933.2,,,2956.8,
2017-11-29,,,,,,,,,,,,,,,,,,,,,,,,,,,,,,,,2912.4,2923.0,,2940.0,,,2970.4,
2017-11-30,,,,,,,,,,,,,,,,,,,,,,,,,,,,,,,,2885.2,2889.0,,2903.2,,,2925.4,
2017-12-01,,,,,,,,,,,,,,,,,,,,,,,,,,,,,,,,2864.6,2872.8,,2884.6,,,2890.0,
2017-12-04,,,,,,,,,,,,,,,,,,,,,,,,,,,,,,,,2831.4,2835.8,,2855.0,,,2854.8,
2017-12-05,,,,,,,,,,,,,,,,,,,,,,,,,,,,,,,,2850.0,2863.2,,2875.2,,,2880.4,
2017-12-06,,,,,,,,,,,,,,,,,,,,,,,,,,,,,,,,2902.6,2908.4,,2914.2,,,2919.8,
2017-12-07,,,,,,,,,,,,,,,,,,,,,,,,,,,,,,,,2869.8,2874.8,,2885.0,,,2895.0,
2017-12-08,,,,,,,,,,,,,,,,,,,,,,,,,,,,,,,,2845.6,2843.8,,2856.6,,,2884.0,
2017-12-11,,,,,,,,,,,,,,,,,,,,,,,,,,,,,,,,2870.0,2885.6,,2889.6,,,2897.8,
2017-12-12,,,,,,,,,,,,,,,,,,,,,,,,,,,,,,,,2899.4,2909.0,,2916.0,,,2923.0,
2017-12-13,,,,,,,,,,,,,,,,,,,,,,,,,,,,,,,,2853.0,2859.8,,2872.2,,,2878.6,
2017-12-14,,,,,,,,,,,,,,,,,,,,,,,,,,,,,,,,2881.0,2881.8,,2897.2,,,2909.6,
2017-12-15,,,,,,,,,,,,,,,,,,,,,,,,,,,,,,,,2849.0,2857.2,,2868.0,,,2882.2,
2017-12-18,,,,,,,,,,,,,,,,,,,,,,,,,,,,,,,,,2832.8,2843.4,2842.8,,,2860.8,
2017-12-19,,,,,,,,,,,,,,,,,,,,,,,,,,,,,,,,,2844.0,2850.6,2852.0,,,2871.6,
2017-12-20,,,,,,,,,,,,,,,,,,,,,,,,,,,,,,,,,2885.4,2891.0,2897.8,,,2908.8,
2017-12-21,,,,,,,,,,,,,,,,,,,,,,,,,,,,,,,,,2876.0,2886.0,2894.0,,,2900.6,
2017-12-22,,,,,,,,,,,,,,,,,,,,,,,,,,,,,,,,,2907.0,2921.2,2927.8,,,2942.0,
2017-12-25,,,,,,,,,,,,,,,,,,,,,,,,,,,,,,,,,2892.2,2907.2,2913.4,,,2929.4,
2017-12-26,,,,,,,,,,,,,,,,,,,,,,,,,,,,,,,,,2891.8,2905.2,2912.8,,,2934.0,
2017-12-27,,,,,,,,,,,,,,,,,,,,,,,,,,,,,,,,,2904.8,2918.8,2931.0,,,2944.8,
2017-12-28,,,,,,,,,,,,,,,,,,,,,,,,,,,,,,,,,2852.0,2852.8,2874.0,,,2890.8,
2017-12-29,,,,,,,,,,,,,,,,,,,,,,,,,,,,,,,,,2872.8,2880.2,2890.0,,,2911.4,
2018-01-02,,,,,,,,,,,,,,,,,,,,,,,,,,,,,,,,,2873.2,2892.8,2907.0,,,2918.6,
2018-01-03,,,,,,,,,,,,,,,,,,,,,,,,,,,,,,,,,2920.8,2928.8,2941.2,,,2961.0,
2018-01-04,,,,,,,,,,,,,,,,,,,,,,,,,,,,,,,,,2928.0,2929.4,2950.2,,,2955.0,
2018-01-05,,,,,,,,,,,,,,,,,,,,,,,,,,,,,,,,,2929.2,2938.4,2953.2,,,2966.6,
2018-01-08,,,,,,,,,,,,,,,,,,,,,,,,,,,,,,,,,2946.0,2950.2,2969.0,,,2974.8,
2018-01-09,,,,,,,,,,,,,,,,,,,,,,,,,,,,,,,,,2950.2,2959.0,2969.4,,,2983.0,
2018-01-10,,,,,,,,,,,,,,,,,,,,,,,,,,,,,,,,,2979.0,2986.0,3001.0,,,3008.6,
2018-01-11,,,,,,,,,,,,,,,,,,,,,,,,,,,,,,,,,2995.6,3006.0,3017.0,,,3018.8,
2018-01-12,,,,,,,,,,,,,,,,,,,,,,,,,,,,,,,,,3002.6,3008.6,3020.6,,,3033.0,
2018-01-15,,,,,,,,,,,,,,,,,,,,,,,,,,,,,,,,,3035.2,3032.6,3045.6,,,3052.8,
2018-01-16,,,,,,,,,,,,,,,,,,,,,,,,,,,,,,,,,3045.6,3053.2,3067.0,,,3078.0,
2018-01-17,,,,,,,,,,,,,,,,,,,,,,,,,,,,,,,,,3077.0,3094.8,3101.0,,,3089.6,
2018-01-18,,,,,,,,,,,,,,,,,,,,,,,,,,,,,,,,,3100.0,3103.4,3120.2,,,3138.6,
2018-01-19,,,,,,,,,,,,,,,,,,,,,,,,,,,,,,,,,3119.0,3148.8,3147.2,,,3159.8,
2018-01-22,,,,,,,,,,,,,,,,,,,,,,,,,,,,,,,,,,3125.0,3140.0,,,3154.8,3150.6
2018-01-23,,,,,,,,,,,,,,,,,,,,,,,,,,,,,,,,,,3156.8,3168.2,,,3180.2,3186.0
2018-01-24,,,,,,,,,,,,,,,,,,,,,,,,,,,,,,,,,,3200.4,3216.0,,,3220.2,3222.8
2018-01-25,,,,,,,,,,,,,,,,,,,,,,,,,,,,,,,,,,3188.2,3199.8,,,3213.0,3218.8
2018-01-26,,,,,,,,,,,,,,,,,,,,,,,,,,,,,,,,,,3163.0,3172.8,,,3194.2,3200.0
2018-01-29,,,,,,,,,,,,,,,,,,,,,,,,,,,,,,,,,,3199.6,3216.8,,,3228.8,3238.2
2018-01-30,,,,,,,,,,,,,,,,,,,,,,,,,,,,,,,,,,3129.0,3120.0,,,3154.0,3152.0
2018-01-31,,,,,,,,,,,,,,,,,,,,,,,,,,,,,,,,,,3079.6,3083.6,,,3103.0,3123.2
2018-02-01,,,,,,,,,,,,,,,,,,,,,,,,,,,,,,,,,,3125.8,3138.0,,,3148.0,3157.6
2018-02-02,,,,,,,,,,,,,,,,,,,,,,,,,,,,,,,,,,3120.8,3120.0,,,3145.0,3149.6
2018-02-05,,,,,,,,,,,,,,,,,,,,,,,,,,,,,,,,,,3119.6,3122.2,,,3147.0,3158.8
2018-02-06,,,,,,,,,,,,,,,,,,,,,,,,,,,,,,,,,,3145.0,3165.0,,,3171.2,3187.4
2018-02-07,,,,,,,,,,,,,,,,,,,,,,,,,,,,,,,,,,3148.0,3160.0,,,3158.0,3179.8
2018-02-08,,,,,,,,,,,,,,,,,,,,,,,,,,,,,,,,,,3008.0,3007.4,,,3008.0,3023.2
2018-02-09,,,,,,,,,,,,,,,,,,,,,,,,,,,,,,,,,,2885.0,2878.0,,,2898.0,2900.0
2018-02-12,,,,,,,,,,,,,,,,,,,,,,,,,,,,,,,,,,2785.2,2790.0,,,2767.0,2788.0
2018-02-13,,,,,,,,,,,,,,,,,,,,,,,,,,,,,,,,,,2826.2,2818.4,,,2810.6,2810.2
2018-02-14,,,,,,,,,,,,,,,,,,,,,,,,,,,,,,,,,,2858.8,2847.0,,,2845.0,2841.4
2018-02-22,,,,,,,,,,,,,,,,,,,,,,,,,,,,,,,,,,2909.0,2913.8,,,2920.0,2901.2
2018-02-23,,,,,,,,,,,,,,,,,,,,,,,,,,,,,,,,,,,2929.4,2934.6,,2926.4,2919.6
2018-02-26,,,,,,,,,,,,,,,,,,,,,,,,,,,,,,,,,,,2974.2,2978.8,,2980.0,2961.2
2018-02-27,,,,,,,,,,,,,,,,,,,,,,,,,,,,,,,,,,,2982.4,2980.0,,2988.6,2968.6
2018-02-28,,,,,,,,,,,,,,,,,,,,,,,,,,,,,,,,,,,2900.6,2900.0,,2900.4,2898.6
2018-03-01,,,,,,,,,,,,,,,,,,,,,,,,,,,,,,,,,,,2855.2,2851.2,,2855.4,2840.8
2018-03-02,,,,,,,,,,,,,,,,,,,,,,,,,,,,,,,,,,,2861.2,2869.8,,2875.8,2870.2
2018-03-05,,,,,,,,,,,,,,,,,,,,,,,,,,,,,,,,,,,2871.4,2871.8,,2873.8,2870.0
2018-03-06,,,,,,,,,,,,,,,,,,,,,,,,,,,,,,,,,,,2882.0,2872.0,,2879.2,2868.0
2018-03-07,,,,,,,,,,,,,,,,,,,,,,,,,,,,,,,,,,,2891.0,2893.0,,2895.0,2888.0
2018-03-08,,,,,,,,,,,,,,,,,,,,,,,,,,,,,,,,,,,2885.0,2886.6,,2876.2,2873.8
2018-03-09,,,,,,,,,,,,,,,,,,,,,,,,,,,,,,,,,,,2910.0,2911.0,,2905.0,2909.0
2018-03-12,,,,,,,,,,,,,,,,,,,,,,,,,,,,,,,,,,,2930.2,2929.0,,2922.2,2925.0
2018-03-13,,,,,,,,,,,,,,,,,,,,,,,,,,,,,,,,,,,2914.8,2906.6,,2910.8,2908.6
2018-03-14,,,,,,,,,,,,,,,,,,,,,,,,,,,,,,,,,,,2870.0,2861.6,,2866.4,2845.8
2018-03-15,,,,,,,,,,,,,,,,,,,,,,,,,,,,,,,,,,,2856.6,2864.2,,2850.0,2842.0
2018-03-16,,,,,,,,,,,,,,,,,,,,,,,,,,,,,,,,,,,2896.4,2900.0,,2890.6,2864.0
2018-03-19,,,,,,,,,,,,,,,,,,,,,,,,,,,,,,,,,,,,2869.8,2879.2,2865.8,2842.0
2018-03-20,,,,,,,,,,,,,,,,,,,,,,,,,,,,,,,,,,,,2882.2,2882.0,2871.8,2851.0
2018-03-21,,,,,,,,,,,,,,,,,,,,,,,,,,,,,,,,,,,,2931.8,2924.2,2917.0,2899.0
2018-03-22,,,,,,,,,,,,,,,,,,,,,,,,,,,,,,,,,,,,2894.6,2892.0,2883.2,2863.8
2018-03-23,,,,,,,,,,,,,,,,,,,,,,,,,,,,,,,,,,,,2785.8,2771.8,2765.0,2766.0
2018-03-26,,,,,,,,,,,,,,,,,,,,,,,,,,,,,,,,,,,,2750.0,2728.0,2707.6,2697.8
2018-03-27,,,,,,,,,,,,,,,,,,,,,,,,,,,,,,,,,,,,2765.0,2745.4,2740.0,2734.8
2018-03-28,,,,,,,,,,,,,,,,,,,,,,,,,,,,,,,,,,,,2710.2,2707.6,2716.0,2680.0
2018-03-29,,,,,,,,,,,,,,,,,,,,,,,,,,,,,,,,,,,,2685.0,2685.2,2670.2,2647.0
2018-03-30,,,,,,,,,,,,,,,,,,,,,,,,,,,,,,,,,,,,2733.0,2735.8,2729.0,2689.0
2018-04-02,,,,,,,,,,,,,,,,,,,,,,,,,,,,,,,,,,,,2716.6,2716.8,2708.0,2685.6
2018-04-03,,,,,,,,,,,,,,,,,,,,,,,,,,,,,,,,,,,,2680.4,2666.0,2678.0,2649.8
2018-04-04,,,,,,,,,,,,,,,,,,,,,,,,,,,,,,,,,,,,2709.6,2701.8,2699.4,2671.4
2018-04-09,,,,,,,,,,,,,,,,,,,,,,,,,,,,,,,,,,,,2708.4,2709.6,2707.0,2670.2
2018-04-10,,,,,,,,,,,,,,,,,,,,,,,,,,,,,,,,,,,,2718.0,2717.0,2710.8,2688.2
2018-04-11,,,,,,,,,,,,,,,,,,,,,,,,,,,,,,,,,,,,2785.2,2781.6,2770.4,2741.2
2018-04-12,,,,,,,,,,,,,,,,,,,,,,,,,,,,,,,,,,,,2786.0,2778.2,2771.2,2745.8
2018-04-13,,,,,,,,,,,,,,,,,,,,,,,,,,,,,,,,,,,,2762.8,2757.0,2734.6,2725.0
2018-04-16,,,,,,,,,,,,,,,,,,,,,,,,,,,,,,,,,,,,2719.2,2728.0,2703.2,2679.2
2018-04-17,,,,,,,,,,,,,,,,,,,,,,,,,,,,,,,,,,,,2663.2,2668.0,2648.6,2630.8
2018-04-18,,,,,,,,,,,,,,,,,,,,,,,,,,,,,,,,,,,,2666.0,2660.2,2648.0,2622.0
2018-04-19,,,,,,,,,,,,,,,,,,,,,,,,,,,,,,,,,,,,2662.6,2653.4,2642.4,2624.2
2018-04-20,,,,,,,,,,,,,,,,,,,,,,,,,,,,,,,,,,,,2676.0,2676.4,2669.8,2642.0
