,SN1507.SHF,SN1508.SHF,SN1509.SHF,SN1510.SHF,SN1511.SHF,SN1512.SHF,SN1601.SHF,SN1602.SHF,SN1603.SHF,SN1604.SHF,SN1605.SHF,SN1606.SHF,SN1607.SHF,SN1608.SHF,SN1609.SHF,SN1610.SHF,SN1611.SHF,SN1612.SHF,SN1701.SHF,SN1702.SHF,SN1703.SHF,SN1704.SHF,SN1705.SHF,SN1706.SHF,SN1707.SHF,SN1708.SHF,SN1709.SHF,SN1710.SHF,SN1711.SHF,SN1712.SHF,SN1801.SHF,SN1802.SHF,SN1803.SHF,SN1804.SHF,SN1805.SHF,SN1806.SHF,SN1807.SHF,SN1808.SHF,SN1809.SHF,SN1810.SHF,SN1811.SHF,SN1812.SHF,SN1901.SHF,SN1902.SHF,SN1903.SHF
2015-03-27,120000.0,116580.0,,120200.0,,,120190.0,,,,,,,,,,,,,,,,,,,,,,,,,,,,,,,,,,,,,,
2015-03-30,119270.0,118000.0,117010.0,117730.0,,,119100.0,117900.0,,,,,,,,,,,,,,,,,,,,,,,,,,,,,,,,,,,,,
2015-03-31,117650.0,,,,,,,,,,,,,,,,,,,,,,,,,,,,,,,,,,,,,,,,,,,,
2015-04-01,118020.0,117770.0,,118500.0,,,,118470.0,,,,,,,,,,,,,,,,,,,,,,,,,,,,,,,,,,,,,
2015-04-02,117970.0,,,118700.0,,,118790.0,,,,,,,,,,,,,,,,,,,,,,,,,,,,,,,,,,,,,,
2015-04-03,118810.0,,,,,121280.0,,,,,,,,,,,,,,,,,,,,,,,,,,,,,,,,,,,,,,,
2015-04-07,118890.0,,,,,,,,,,,,,,,,,,,,,,,,,,,,,,,,,,,,,,,,,,,,
2015-04-08,118710.0,,121070.0,,,,118730.0,,,,,,,,,,,,,,,,,,,,,,,,,,,,,,,,,,,,,,
2015-04-09,117570.0,,,117960.0,,,,,,,,,,,,,,,,,,,,,,,,,,,,,,,,,,,,,,,,,
2015-04-10,116500.0,,117310.0,117360.0,,,,,,,,,,,,,,,,,,,,,,,,,,,,,,,,,,,,,,,,,
2015-04-13,115960.0,,,,,,,,,,,,,,,,,,,,,,,,,,,,,,,,,,,,,,,,,,,,
2015-04-14,115550.0,114760.0,,115240.0,,,,,,,,,,,,,,,,,,,,,,,,,,,,,,,,,,,,,,,,,
2015-04-15,112400.0,,,,,,,,,,,,,,,,,,,,,,,,,,,,,,,,,,,,,,,,,,,,
2015-04-16,113200.0,,112930.0,115090.0,,,,,,,,,,,,,,,,,,,,,,,,,,,,,,,,,,,,,,,,,
2015-04-17,113010.0,112800.0,112140.0,112850.0,,,,,,,,,,,,,,,,,,,,,,,,,,,,,,,,,,,,,,,,,
2015-04-20,112000.0,111470.0,112640.0,112340.0,,,112800.0,,,,,,,,,,,,,,,,,,,,,,,,,,,,,,,,,,,,,,
2015-04-21,111840.0,111710.0,112060.0,112220.0,,,,,,,,,,,,,,,,,,,,,,,,,,,,,,,,,,,,,,,,,
2015-04-22,112190.0,113200.0,112980.0,113870.0,,,,113850.0,,,,,,,,,,,,,,,,,,,,,,,,,,,,,,,,,,,,,
2015-04-23,113400.0,113460.0,113960.0,113500.0,,,,,,,,,,,,,,,,,,,,,,,,,,,,,,,,,,,,,,,,,
2015-04-24,113350.0,113580.0,114180.0,114000.0,,,,,,,,,,,,,,,,,,,,,,,,,,,,,,,,,,,,,,,,,
2015-04-27,114400.0,115140.0,115440.0,118530.0,,,,,,,,,,,,,,,,,,,,,,,,,,,,,,,,,,,,,,,,,
2015-04-28,117970.0,118550.0,119590.0,120660.0,,,,,,,,,,,,,,,,,,,,,,,,,,,,,,,,,,,,,,,,,
2015-04-29,117140.0,116990.0,,120160.0,,,,116810.0,,,,,,,,,,,,,,,,,,,,,,,,,,,,,,,,,,,,,
2015-04-30,116000.0,119000.0,118060.0,,,,,,,,,,,,,,,,,,,,,,,,,,,,,,,,,,,,,,,,,,
2015-05-04,117360.0,119070.0,119370.0,118470.0,,,,,,,,,,,,,,,,,,,,,,,,,,,,,,,,,,,,,,,,,
2015-05-05,119000.0,119480.0,117950.0,116740.0,,121270.0,,,,,,,,,,,,,,,,,,,,,,,,,,,,,,,,,,,,,,,
2015-05-06,119650.0,120600.0,121180.0,120680.0,,,,,,,,,,,,,,,,,,,,,,,,,,,,,,,,,,,,,,,,,
2015-05-07,123300.0,123000.0,124190.0,,,,,124810.0,,,,,,,,,,,,,,,,,,,,,,,,,,,,,,,,,,,,,
2015-05-08,122700.0,121310.0,121570.0,122060.0,,,,,,,,,,,,,,,,,,,,,,,,,,,,,,,,,,,,,,,,,
2015-05-11,120890.0,121530.0,122620.0,,,125300.0,122590.0,,,,,,,,,,,,,,,,,,,,,,,,,,,,,,,,,,,,,,
2015-05-12,121100.0,120510.0,121910.0,,,123140.0,122280.0,,,124280.0,,,,,,,,,,,,,,,,,,,,,,,,,,,,,,,,,,,
2015-05-13,120800.0,119990.0,120950.0,,,,,,,,,,,,,,,,,,,,,,,,,,,,,,,,,,,,,,,,,,
2015-05-14,120700.0,120570.0,121960.0,,,,123350.0,,,,,,,,,,,,,,,,,,,,,,,,,,,,,,,,,,,,,,
2015-05-15,119190.0,,120280.0,,,,,,,,,,,,,,,,,,,,,,,,,,,,,,,,,,,,,,,,,,
2015-05-18,118690.0,119600.0,120350.0,,,,,,,,,,,,,,,,,,,,,,,,,,,,,,,,,,,,,,,,,,
2015-05-19,119520.0,119200.0,120040.0,,,,,,,,,,,,,,,,,,,,,,,,,,,,,,,,,,,,,,,,,,
2015-05-20,117690.0,116600.0,117580.0,116960.0,,,,,,,,,,,,,,,,,,,,,,,,,,,,,,,,,,,,,,,,,
2015-05-21,116350.0,116520.0,117390.0,,,,118660.0,,,,,,,,,,,,,,,,,,,,,,,,,,,,,,,,,,,,,,
2015-05-22,119500.0,119160.0,119570.0,,,,122590.0,,,,,,,,,,,,,,,,,,,,,,,,,,,,,,,,,,,,,,
2015-05-25,117170.0,117260.0,119030.0,,,120120.0,122200.0,121870.0,,124330.0,,,,,,,,,,,,,,,,,,,,,,,,,,,,,,,,,,,
2015-05-26,117600.0,118390.0,119600.0,,,125450.0,124990.0,,,124000.0,126180.0,,,,,,,,,,,,,,,,,,,,,,,,,,,,,,,,,,
2015-05-27,116760.0,117180.0,117830.0,,,,,,,,,,,,,,,,,,,,,,,,,,,,,,,,,,,,,,,,,,
2015-05-28,116010.0,116720.0,117670.0,117530.0,,,122170.0,,,,128390.0,,,,,,,,,,,,,,,,,,,,,,,,,,,,,,,,,,
2015-05-29,116900.0,116770.0,117330.0,,,,120810.0,,,124400.0,124000.0,,,,,,,,,,,,,,,,,,,,,,,,,,,,,,,,,,
2015-06-01,116090.0,116490.0,117020.0,,,,120000.0,119480.0,,,,,,,,,,,,,,,,,,,,,,,,,,,,,,,,,,,,,
2015-06-02,116120.0,117030.0,117480.0,,,,121980.0,,,,123000.0,,,,,,,,,,,,,,,,,,,,,,,,,,,,,,,,,,
2015-06-03,116740.0,117480.0,118190.0,,,,,,,,120500.0,,,,,,,,,,,,,,,,,,,,,,,,,,,,,,,,,,
2015-06-04,115330.0,116430.0,116980.0,,119500.0,,118340.0,,,,,,,,,,,,,,,,,,,,,,,,,,,,,,,,,,,,,,
2015-06-05,114640.0,115670.0,116250.0,117010.0,,119710.0,118010.0,,,122690.0,,,,,,,,,,,,,,,,,,,,,,,,,,,,,,,,,,,
2015-06-08,113990.0,114650.0,115740.0,,,,116510.0,,,116500.0,,,,,,,,,,,,,,,,,,,,,,,,,,,,,,,,,,,
2015-06-09,114710.0,115410.0,115730.0,117220.0,,,117900.0,,,,117160.0,,,,,,,,,,,,,,,,,,,,,,,,,,,,,,,,,,
2015-06-10,115340.0,116340.0,116500.0,117220.0,,,118400.0,,,,119000.0,,,,,,,,,,,,,,,,,,,,,,,,,,,,,,,,,,
2015-06-11,115490.0,116020.0,116880.0,,,,,,,,,,,,,,,,,,,,,,,,,,,,,,,,,,,,,,,,,,
2015-06-12,114420.0,115340.0,115640.0,,,,116480.0,,,,,,,,,,,,,,,,,,,,,,,,,,,,,,,,,,,,,,
2015-06-15,113410.0,113900.0,112510.0,,,,116490.0,,,,,,,,,,,,,,,,,,,,,,,,,,,,,,,,,,,,,,
2015-06-16,111720.0,112400.0,112800.0,114690.0,,,115190.0,,,,117700.0,,,,,,,,,,,,,,,,,,,,,,,,,,,,,,,,,,
2015-06-17,111990.0,112400.0,112360.0,113490.0,,,,,,,,,,,,,,,,,,,,,,,,,,,,,,,,,,,,,,,,,
2015-06-18,112290.0,112310.0,112440.0,113530.0,,,115210.0,,,,,,,,,,,,,,,,,,,,,,,,,,,,,,,,,,,,,,
2015-06-19,113010.0,112950.0,112890.0,,116000.0,115800.0,115900.0,,,,,,,,,,,,,,,,,,,,,,,,,,,,,,,,,,,,,,
2015-06-23,113360.0,112300.0,114110.0,,,119000.0,,,,,,,,,,,,,,,,,,,,,,,,,,,,,,,,,,,,,,,
2015-06-24,113540.0,111390.0,114210.0,,,118560.0,,,,,,,,,,,,,,,,,,,,,,,,,,,,,,,,,,,,,,,
2015-06-25,112820.0,114490.0,114700.0,,114920.0,115480.0,115490.0,,,,120540.0,,,,,,,,,,,,,,,,,,,,,,,,,,,,,,,,,,
2015-06-26,111280.0,111520.0,112000.0,112900.0,,115580.0,115340.0,,,,,,,,,,,,,,,,,,,,,,,,,,,,,,,,,,,,,,
2015-06-29,109100.0,111100.0,112160.0,113500.0,,,114260.0,,,,,,,,,,,,,,,,,,,,,,,,,,,,,,,,,,,,,,
2015-06-30,109000.0,110050.0,109710.0,112640.0,111300.0,111400.0,111610.0,,,113060.0,,,,,,,,,,,,,,,,,,,,,,,,,,,,,,,,,,,
2015-07-01,104010.0,107050.0,107300.0,109190.0,108900.0,110840.0,109010.0,,,,,,,,,,,,,,,,,,,,,,,,,,,,,,,,,,,,,,
2015-07-02,105610.0,107970.0,109800.0,110260.0,110290.0,,107520.0,,,,114980.0,,,,,,,,,,,,,,,,,,,,,,,,,,,,,,,,,,
2015-07-03,111100.0,110400.0,110370.0,,,,110020.0,,,,,,,,,,,,,,,,,,,,,,,,,,,,,,,,,,,,,,
2015-07-06,109820.0,107500.0,107960.0,,,,108510.0,,,114480.0,115030.0,,,,,,,,,,,,,,,,,,,,,,,,,,,,,,,,,,
2015-07-07,107900.0,107500.0,108500.0,108810.0,,,,,,111000.0,,,,,,,,,,,,,,,,,,,,,,,,,,,,,,,,,,,
2015-07-08,105620.0,103200.0,106000.0,105670.0,104400.0,107700.0,106040.0,,,105900.0,,,,,,,,,,,,,,,,,,,,,,,,,,,,,,,,,,,
2015-07-09,103310.0,107480.0,104670.0,106060.0,,103650.0,100330.0,110630.0,,108600.0,109180.0,,,,,,,,,,,,,,,,,,,,,,,,,,,,,,,,,,
2015-07-10,107000.0,109020.0,108200.0,107610.0,107750.0,,110000.0,,,,109050.0,,,,,,,,,,,,,,,,,,,,,,,,,,,,,,,,,,
2015-07-13,105000.0,107140.0,107750.0,108540.0,,,,,,,,,,,,,,,,,,,,,,,,,,,,,,,,,,,,,,,,,
2015-07-14,108300.0,108260.0,108000.0,,,,,,,,,,,,,,,,,,,,,,,,,,,,,,,,,,,,,,,,,,
2015-07-15,108500.0,109990.0,109030.0,,,,,,,,,,,,,,,,,,,,,,,,,,,,,,,,,,,,,,,,,,
2015-07-16,,112010.0,109880.0,110100.0,,,,,,,,,,,,,,,,,,,,,,,,,,,,,,,,,,,,,,,,,
2015-07-17,,,109520.0,110990.0,,,,,,,,,,,,,,,,,,,,,,,,,,,,,,,,,,,,,,,,,
2015-07-20,,108680.0,112400.0,112990.0,,,112000.0,,,,,,,,,,,,,,,,,,,,,,,,,,,,,,,,,,,,,,
2015-07-21,,111010.0,111860.0,,,,111520.0,,,,,,,,,,,,,,,,,,,,,,,,,,,,,,,,,,,,,,
2015-07-22,,110820.0,110780.0,111260.0,,,114490.0,,,,,,,,,,,,,,,,,,,,,,,,,,,,,,,,,,,,,,
2015-07-23,,108580.0,108250.0,108360.0,,,111000.0,,,,,,,,,,,,,,,,,,,,,,,,,,,,,,,,,,,,,,
2015-07-24,,109000.0,109200.0,,,111710.0,,,,,,,,,,,,,,,,,,,,,,,,,,,,,,,,,,,,,,,
2015-07-27,,107700.0,108280.0,109500.0,,,110100.0,,,,,,,,,,,,,,,,,,,,,,,,,,,,,,,,,,,,,,
2015-07-28,,109560.0,108400.0,109500.0,,,,,,,,,,,,,,,,,,,,,,,,,,,,,,,,,,,,,,,,,
2015-07-29,,110640.0,110980.0,111310.0,,,113850.0,,,,,,,,,,,,,,,,,,,,,,,,,,,,,,,,,,,,,,
2015-07-30,,112940.0,111260.0,111600.0,,,111740.0,,,,,,,,,,,,,,,,,,,,,,,,,,,,,,,,,,,,,,
2015-07-31,,110000.0,109600.0,,,108280.0,,,,,,,,,,,,,,,,,,,,,,,,,,,,,,,,,,,,,,,
2015-08-03,,110000.0,110440.0,111010.0,,112610.0,114970.0,113000.0,,,,,,,,,,,,,,,,,,,,,,,,,,,,,,,,,,,,,
2015-08-04,,107500.0,107800.0,108100.0,109660.0,,112520.0,,,,,,,,,,,,,,,,,,,,,,,,,,,,,,,,,,,,,,
2015-08-05,,106110.0,108900.0,110510.0,,,113460.0,,,,,,,,,,,,,,,,,,,,,,,,,,,,,,,,,,,,,,
2015-08-06,,106000.0,107500.0,108110.0,108600.0,,109940.0,,,,,,,,,,,,,,,,,,,,,,,,,,,,,,,,,,,,,,
2015-08-07,,106600.0,107600.0,108390.0,109130.0,,108510.0,,,,,,,,,,,,,,,,,,,,,,,,,,,,,,,,,,,,,,
2015-08-10,,106980.0,107100.0,107120.0,,,107500.0,,,108910.0,,,,,,,,,,,,,,,,,,,,,,,,,,,,,,,,,,,
2015-08-11,,108000.0,107400.0,108990.0,109020.0,,111090.0,,,,,,,,,,,,,,,,,,,,,,,,,,,,,,,,,,,,,,
2015-08-12,,105080.0,108100.0,108000.0,,,108790.0,,,,,,,,,,,,,,,,,,,,,,,,,,,,,,,,,,,,,,
2015-08-13,,,108620.0,110850.0,,,109450.0,,,,,113970.0,,,,,,,,,,,,,,,,,,,,,,,,,,,,,,,,,
2015-08-14,,105600.0,107620.0,,,,109910.0,,,,,,,,,,,,,,,,,,,,,,,,,,,,,,,,,,,,,,
2015-08-17,,106840.0,109200.0,108200.0,,,110530.0,,,,,,,,,,,,,,,,,,,,,,,,,,,,,,,,,,,,,,
2015-08-18,,,107330.0,107600.0,,,109600.0,,,,,,107770.0,,,,,,,,,,,,,,,,,,,,,,,,,,,,,,,,
2015-08-19,,,106710.0,107120.0,,,108900.0,,,,,,,,,,,,,,,,,,,,,,,,,,,,,,,,,,,,,,
2015-08-20,,,107560.0,108050.0,,,108890.0,,,,,,,,,,,,,,,,,,,,,,,,,,,,,,,,,,,,,,
2015-08-21,,,107100.0,107480.0,,104960.0,107770.0,,,,,,107240.0,,,,,,,,,,,,,,,,,,,,,,,,,,,,,,,,
2015-08-24,,,104000.0,104500.0,,,105620.0,,,109440.0,,,,,,,,,,,,,,,,,,,,,,,,,,,,,,,,,,,
2015-08-25,,,100050.0,100840.0,,103820.0,102690.0,,,,,,,,,,,,,,,,,,,,,,,,,,,,,,,,,,,,,,
2015-08-26,,,100710.0,101500.0,,,103790.0,,,,,,,,,,,,,,,,,,,,,,,,,,,,,,,,,,,,,,
2015-08-27,,,99580.0,100800.0,,100090.0,101800.0,,,,,,,,,,,,,,,,,,,,,,,,,,,,,,,,,,,,,,
2015-08-28,,,100090.0,101490.0,,103080.0,102050.0,,,103000.0,105600.0,102070.0,106180.0,,,,,,,,,,,,,,,,,,,,,,,,,,,,,,,,
2015-08-31,,,101000.0,100200.0,,,103000.0,,,,,,,,,,,,,,,,,,,,,,,,,,,,,,,,,,,,,,
2015-09-01,,,100490.0,101020.0,,,101630.0,,,,,,,,,,,,,,,,,,,,,,,,,,,,,,,,,,,,,,
2015-09-02,,,100500.0,100980.0,,,102750.0,,,,105990.0,,,,,,,,,,,,,,,,,,,,,,,,,,,,,,,,,,
2015-09-07,,,100000.0,99250.0,,,101280.0,,,105010.0,,,,,,,,,,,,,,,,,,,,,,,,,,,,,,,,,,,
2015-09-08,,,98240.0,100580.0,,,101620.0,,,,,,109540.0,,,,,,,,,,,,,,,,,,,,,,,,,,,,,,,,
2015-09-09,,,101570.0,100910.0,,,102050.0,,,,102950.0,,,,,,,,,,,,,,,,,,,,,,,,,,,,,,,,,,
2015-09-10,,,100020.0,101700.0,,,102900.0,100730.0,,,,,101940.0,,,,,,,,,,,,,,,,,,,,,,,,,,,,,,,,
2015-09-11,,,101500.0,103780.0,,103200.0,103020.0,,,,105000.0,,,,,,,,,,,,,,,,,,,,,,,,,,,,,,,,,,
2015-09-14,,,99560.0,101510.0,,,103180.0,,,,,,,,,,,,,,,,,,,,,,,,,,,,,,,,,,,,,,
2015-09-15,,,98020.0,100410.0,,,102170.0,,,,,,,,,,,,,,,,,,,,,,,,,,,,,,,,,,,,,,
2015-09-16,,,,100500.0,,,102150.0,103200.0,,,,,,,,,,,,,,,,,,,,,,,,,,,,,,,,,,,,,
2015-09-17,,,,101460.0,,103100.0,102480.0,,,,,,,,,,,,,,,,,,,,,,,,,,,,,,,,,,,,,,
2015-09-18,,,,101140.0,,,101040.0,,,,,,103230.0,,101580.0,,,,,,,,,,,,,,,,,,,,,,,,,,,,,,
2015-09-21,,,,100030.0,,,101310.0,,,,,101430.0,,,,,,,,,,,,,,,,,,,,,,,,,,,,,,,,,
2015-09-22,,,,99000.0,,,100500.0,,,,,,,,101410.0,,,,,,,,,,,,,,,,,,,,,,,,,,,,,,
2015-09-23,,,,98520.0,,,99080.0,,,,,,,,99990.0,,,,,,,,,,,,,,,,,,,,,,,,,,,,,,
2015-09-24,,,,97620.0,,,98500.0,,,98890.0,98970.0,,,,99510.0,,,,,,,,,,,,,,,,,,,,,,,,,,,,,,
2015-09-25,,,,98000.0,,,99390.0,,,,,,,,,,,,,,,,,,,,,,,,,,,,,,,,,,,,,,
2015-09-28,,,,97070.0,,,99070.0,,,,,,,,,,,,,,,,,,,,,,,,,,,,,,,,,,,,,,
2015-09-29,,,,95890.0,,,97050.0,,,,,,,,,,,,,,,,,,,,,,,,,,,,,,,,,,,,,,
2015-09-30,,,,95800.0,94520.0,,97390.0,,,,,,,,,,,,,,,,,,,,,,,,,,,,,,,,,,,,,,
2015-10-08,,,,97200.0,,,97960.0,,,,,97430.0,,,,,,,,,,,,,,,,,,,,,,,,,,,,,,,,,
2015-10-09,,,,96580.0,,,98100.0,,,,,,,,,,,,,,,,,,,,,,,,,,,,,,,,,,,,,,
2015-10-12,,,,97400.0,96650.0,98000.0,100500.0,,,,102320.0,,99680.0,,102120.0,,,,,,,,,,,,,,,,,,,,,,,,,,,,,,
2015-10-13,,,,97500.0,,,99110.0,,,,,,,,,,,,,,,,,,,,,,,,,,,,,,,,,,,,,,
2015-10-14,,,,,96000.0,,98210.0,,,,,,,,,,,,,,,,,,,,,,,,,,,,,,,,,,,,,,
2015-10-15,,,,96000.0,97500.0,98000.0,97860.0,,,,,,,,,,,,,,,,,,,,,,,,,,,,,,,,,,,,,,
2015-10-16,,,,,,,99700.0,,,,,,,,,,,,,,,,,,,,,,,,,,,,,,,,,,,,,,
2015-10-19,,,,,,,98410.0,,,,,,,,,,,,,,,,,,,,,,,,,,,,,,,,,,,,,,
2015-10-20,,,,,,,97910.0,,,,100500.0,,,,,,,,,,,,,,,,,,,,,,,,,,,,,,,,,,
2015-10-21,,,,,97000.0,,98570.0,,,,,,,,,,,,,,,,,,,,,,,,,,,,,,,,,,,,,,
2015-10-22,,,,,,,98070.0,,,,100010.0,,,,,,,,,,,,,,,,,,,,,,,,,,,,,,,,,,
2015-10-23,,,,,,97900.0,98400.0,,,,,,,,,,,,,,,,,,,,,,,,,,,,,,,,,,,,,,
2015-10-26,,,,,96000.0,,98980.0,,,,,,,,,,,,,,,,,,,,,,,,,,,,,,,,,,,,,,
2015-10-27,,,,,96000.0,94320.0,96990.0,,,,,,,,,,,,,,,,,,,,,,,,,,,,,,,,,,,,,,
2015-10-28,,,,,94100.0,95000.0,96900.0,,,,,,96750.0,,,,,,,,,,,,,,,,,,,,,,,,,,,,,,,,
2015-10-29,,,,,,94820.0,94670.0,,,,97000.0,97300.0,,,,,,,,,,,,,,,,,,,,,,,,,,,,,,,,,
2015-10-30,,,,,92200.0,94000.0,94000.0,,,,95000.0,,,,93740.0,,,,,,,,,,,,,,,,,,,,,,,,,,,,,,
2015-11-02,,,,,,93890.0,93060.0,,,,95000.0,,,,97930.0,,,,,,,,,,,,,,,,,,,,,,,,,,,,,,
2015-11-03,,,,,,92900.0,93600.0,,,,97380.0,98010.0,,,,,,,,,,,,,,,,,,,,,,,,,,,,,,,,,
2015-11-04,,,,,,,93210.0,,,,93900.0,94090.0,,,95740.0,,,,,,,,,,,,,,,,,,,,,,,,,,,,,,
2015-11-05,,,,,,,93010.0,,,,92970.0,93160.0,,,,94090.0,,,,,,,,,,,,,,,,,,,,,,,,,,,,,
2015-11-06,,,,,,,93020.0,91910.0,,,,,,,94020.0,93040.0,,,,,,,,,,,,,,,,,,,,,,,,,,,,,
2015-11-09,,,,,,,91890.0,,,92600.0,92090.0,,,,,,,,,,,,,,,,,,,,,,,,,,,,,,,,,,
2015-11-10,,,,,,90100.0,91440.0,,,,,,89410.0,,,,,,,,,,,,,,,,,,,,,,,,,,,,,,,,
2015-11-11,,,,,,,90710.0,,,,,,,,,,,,,,,,,,,,,,,,,,,,,,,,,,,,,,
2015-11-12,,,,,,,90000.0,,,,,,,,,,,,,,,,,,,,,,,,,,,,,,,,,,,,,,
2015-11-13,,,,,,,90000.0,,,,90360.0,,,,,,,,,,,,,,,,,,,,,,,,,,,,,,,,,,
2015-11-16,,,,,,,90190.0,,,,,,,,,,,,,,,,,,,,,,,,,,,,,,,,,,,,,,
2015-11-17,,,,,,87000.0,90480.0,88110.0,,,90980.0,,,,,94600.0,,,,,,,,,,,,,,,,,,,,,,,,,,,,,
2015-11-18,,,,,,90390.0,88660.0,,,,89690.0,,,,,,,,,,,,,,,,,,,,,,,,,,,,,,,,,,
2015-11-19,,,,,,,88000.0,,,,87110.0,,,,,,,,,,,,,,,,,,,,,,,,,,,,,,,,,,
2015-11-20,,,,,,,85050.0,,,,84310.0,,,,,,83830.0,,,,,,,,,,,,,,,,,,,,,,,,,,,,
2015-11-23,,,,,,83540.0,85310.0,,,,85440.0,,,,,,,,,,,,,,,,,,,,,,,,,,,,,,,,,,
2015-11-24,,,,,,81500.0,81480.0,,,,81920.0,,,,,,,,,,,,,,,,,,,,,,,,,,,,,,,,,,
2015-11-25,,,,,,83000.0,80800.0,84760.0,,83670.0,81180.0,,,,,84740.0,,,,,,,,,,,,,,,,,,,,,,,,,,,,,
2015-11-26,,,,,,,82890.0,,,,82810.0,,,,,84500.0,,,,,,,,,,,,,,,,,,,,,,,,,,,,,
2015-11-27,,,,,,,84990.0,,,,85390.0,,,,,83730.0,,,,,,,,,,,,,,,,,,,,,,,,,,,,,
2015-11-30,,,,,,83020.0,84920.0,,,,85400.0,,85980.0,,,,,,,,,,,,,,,,,,,,,,,,,,,,,,,,
2015-12-01,,,,,,,84710.0,85500.0,,,85000.0,,,,,,,,,,,,,,,,,,,,,,,,,,,,,,,,,,
2015-12-02,,,,,,,85780.0,,,,85930.0,,,,86350.0,86500.0,,,,,,,,,,,,,,,,,,,,,,,,,,,,,
2015-12-03,,,,,,,85660.0,,,,86350.0,,84130.0,,,86800.0,,,,,,,,,,,,,,,,,,,,,,,,,,,,,
2015-12-04,,,,,,,83450.0,,,,85190.0,,,,86160.0,86330.0,,,,,,,,,,,,,,,,,,,,,,,,,,,,,
2015-12-07,,,,,,,84460.0,,,,86200.0,,,,,,,,,,,,,,,,,,,,,,,,,,,,,,,,,,
2015-12-08,,,,,,,85030.0,,,,86100.0,,,,,,,,,,,,,,,,,,,,,,,,,,,,,,,,,,
2015-12-09,,,,,,,84450.0,,,,84000.0,,,,,85250.0,,,,,,,,,,,,,,,,,,,,,,,,,,,,,
2015-12-10,,,,,,,84700.0,,,,85930.0,83490.0,,,,86950.0,,,,,,,,,,,,,,,,,,,,,,,,,,,,,
2015-12-11,,,,,,,84520.0,,,,85500.0,,,,86890.0,85900.0,,,,,,,,,,,,,,,,,,,,,,,,,,,,,
2015-12-14,,,,,,,86280.0,,,,88200.0,,,,,89800.0,,,,,,,,,,,,,,,,,,,,,,,,,,,,,
2015-12-15,,,,,,,88850.0,,,,89600.0,,91380.0,,91860.0,90210.0,,,,,,,,,,,,,,,,,,,,,,,,,,,,,
2015-12-16,,,,,,,88570.0,,,,89990.0,,,,,91710.0,,,,,,,,,,,,,,,,,,,,,,,,,,,,,
2015-12-17,,,,,,,89850.0,,,,90360.0,,,,,,,,,,,,,,,,,,,,,,,,,,,,,,,,,,
2015-12-18,,,,,,,91590.0,,,,91280.0,,,,,93660.0,,,,,,,,,,,,,,,,,,,,,,,,,,,,,
2015-12-21,,,,,,,94850.0,,,,95300.0,,,,,97910.0,,,,,,,,,,,,,,,,,,,,,,,,,,,,,
2015-12-22,,,,,,,97360.0,,,98230.0,97430.0,,,,100200.0,97360.0,100490.0,,,,,,,,,,,,,,,,,,,,,,,,,,,,
2015-12-23,,,,,,,97230.0,,,,96090.0,,,,97050.0,,,,,,,,,,,,,,,,,,,,,,,,,,,,,,
2015-12-24,,,,,,,94600.0,,,,94280.0,,,,95370.0,,,,,,,,,,,,,,,,,,,,,,,,,,,,,,
2015-12-25,,,,,,,93830.0,,,,93470.0,,,,95090.0,,,,,,,,,,,,,,,,,,,,,,,,,,,,,,
2015-12-28,,,,,,,94300.0,,89640.0,,93650.0,,,,95080.0,,,,,,,,,,,,,,,,,,,,,,,,,,,,,,
2015-12-29,,,,,,,93960.0,,,,91520.0,,,,93050.0,,,,,,,,,,,,,,,,,,,,,,,,,,,,,,
2015-12-30,,,,,,,93170.0,,,,92800.0,,,,95220.0,,,,,,,,,,,,,,,,,,,,,,,,,,,,,,
2015-12-31,,,,,,,93230.0,,,,93790.0,,,,95450.0,93670.0,,,,,,,,,,,,,,,,,,,,,,,,,,,,,
2016-01-04,,,,,,,94850.0,,,,92680.0,,,,94800.0,,,,,,,,,,,,,,,,,,,,,,,,,,,,,,
2016-01-05,,,,,,,93490.0,,,,91640.0,91190.0,,,92940.0,,,,,,,,,,,,,,,,,,,,,,,,,,,,,,
2016-01-06,,,,,,,93000.0,,,,92430.0,,,,94060.0,,,,,,,,,,,,,,,,,,,,,,,,,,,,,,
2016-01-07,,,,,,,96790.0,,,,91880.0,,,,93680.0,,,,,,,,,,,,,,,,,,,,,,,,,,,,,,
2016-01-08,,,,,,,92620.0,,,,91500.0,94440.0,,,93000.0,,,,,,,,,,,,,,,,,,,,,,,,,,,,,,
2016-01-11,,,,,,,95810.0,,,,92400.0,,,,94330.0,,,,,,,,,,,,,,,,,,,,,,,,,,,,,,
2016-01-12,,,,,,,95510.0,,,,93100.0,,,,93420.0,,,,,,,,,,,,,,,,,,,,,,,,,,,,,,
2016-01-13,,,,,,,,,90680.0,90790.0,92510.0,,,,92600.0,91060.0,,,,,,,,,,,,,,,,,,,,,,,,,,,,,
2016-01-14,,,,,,,95000.0,,,93280.0,92560.0,,,,91570.0,,,,,,,,,,,,,,,,,,,,,,,,,,,,,,
2016-01-15,,,,,,,94400.0,,94230.0,,93110.0,,,,92930.0,,,,,,,,,,,,,,,,,,,,,,,,,,,,,,
2016-01-18,,,,,,,,,,,92880.0,,,,92920.0,94770.0,,,,,,,,,,,,,,,,,,,,,,,,,,,,,
2016-01-19,,,,,,,,,,,95180.0,,,,94510.0,,,,,,,,,,,,,,,,,,,,,,,,,,,,,,
2016-01-20,,,,,,,,,,,94950.0,,,,94920.0,,,,,,,,,,,,,,,,,,,,,,,,,,,,,,
2016-01-21,,,,,,,,,,,94110.0,,,,94860.0,,,,,,,,,,,,,,,,,,,,,,,,,,,,,,
2016-01-22,,,,,,,,,,,95410.0,94370.0,,,96030.0,,,,,,,,,,,,,,,,,,,,,,,,,,,,,,
2016-01-25,,,,,,,,,,,96300.0,,,,97180.0,,,,,,,,,,,,,,,,,,,,,,,,,,,,,,
2016-01-26,,,,,,,,,,,97650.0,,,,,,,,,,,,,,,,,,,,,,,,,,,,,,,,,,
2016-01-27,,,,,,,,,,,98050.0,,,,98080.0,,,,,,,,,,,,,,,,,,,,,,,,,,,,,,
2016-01-28,,,,,,,,,,,100720.0,,,,100010.0,,,,,,,,,,,,,,,,,,,,,,,,,,,,,,
2016-01-29,,,,,,,,,,,99600.0,,,,98560.0,,,,,,,,,,,,,,,,,,,,,,,,,,,,,,
2016-02-01,,,,,,,,,,,100000.0,,,,99640.0,,,,,,,,,,,,,,,,,,,,,,,,,,,,,,
2016-02-02,,,,,,,,,,,98740.0,,,,98290.0,,,,,,,,,,,,,,,,,,,,,,,,,,,,,,
2016-02-03,,,,,,,,,,,99220.0,,,,98830.0,,,,,,,,,,,,,,,,,,,,,,,,,,,,,,
2016-02-04,,,,,,,,,,,98610.0,,,,98890.0,,,,,,,,,,,,,,,,,,,,,,,,,,,,,,
2016-02-05,,,,,,,,,,,100000.0,,,,99680.0,,,,,,,,,,,,,,,,,,,,,,,,,,,,,,
2016-02-15,,,,,,,,,,97270.0,98000.0,,,,99100.0,,,,,,,,,,,,,,,,,,,,,,,,,,,,,,
2016-02-16,,,,,,,,,,,99410.0,,,,99500.0,,,97530.0,,,,,,,,,,,,,,,,,,,,,,,,,,,
2016-02-17,,,,,,,,,,,99250.0,,,,99130.0,,,,,,,,,,,,,,,,,,,,,,,,,,,,,,
2016-02-18,,,,,,,,,,,99990.0,,,,99230.0,,,,,,,,,,,,,,,,,,,,,,,,,,,,,,
2016-02-19,,,,,,,,,,,99430.0,,,,99280.0,,,,,,,,,,,,,,,,,,,,,,,,,,,,,,
2016-02-22,,,,,,,,,,100540.0,100260.0,,,,99620.0,,,,,,,,,,,,,,,,,,,,,,,,,,,,,,
2016-02-23,,,,,,,,,,,103700.0,,,,102920.0,,,,,,,,,,,,,,,,,,,,,,,,,,,,,,
2016-02-24,,,,,,,,,,,105980.0,105740.0,,,105580.0,,,,,,,,,,,,,,,,,,,,,,,,,,,,,,
2016-02-25,,,,,,,,,,,105540.0,,,,104700.0,,,102210.0,,,,,,,,,,,,,,,,,,,,,,,,,,,
2016-02-26,,,,,,,,,,107560.0,105490.0,105320.0,105320.0,,104270.0,105250.0,,,,,,,,,,,,,,,,,,,,,,,,,,,,,
2016-02-29,,,,,,,,,101900.0,,104200.0,,,,104050.0,,,,,,,,,,,,,,,,,,,,,,,,,,,,,,
2016-03-01,,,,,,,,,,,104010.0,,106320.0,,103220.0,,,107390.0,,,,,,,,,,,,,,,,,,,,,,,,,,,
2016-03-02,,,,,,,,,,,104630.0,,,,104290.0,,,,,,,,,,,,,,,,,,,,,,,,,,,,,,
2016-03-03,,,,,,,,,,,104800.0,,,,104520.0,,,,,,,,,,,,,,,,,,,,,,,,,,,,,,
2016-03-04,,,,,,,,,,,109560.0,,109140.0,,109260.0,111270.0,,,,,,,,,,,,,,,,,,,,,,,,,,,,,
2016-03-07,,,,,,,,,,,112800.0,114700.0,,,113000.0,,,,,,,,,,,,,,,,,,,,,,,,,,,,,,
2016-03-08,,,,,,,,,105970.0,114050.0,113830.0,113800.0,114210.0,,113570.0,,,,,,,,,,,,,,,,,,,,,,,,,,,,,,
2016-03-09,,,,,,,,,,,114000.0,112420.0,,,115230.0,110700.0,,,117190.0,,,,,,,,,,,,,,,,,,,,,,,,,,
2016-03-10,,,,,,,,,,,110330.0,,,,113430.0,,,,,,,,,,,,,,,,,,,,,,,,,,,,,,
2016-03-11,,,,,,,,,,,109300.0,108600.0,,,109150.0,,108030.0,,,,,,,,,,,,,,,,,,,,,,,,,,,,
2016-03-14,,,,,,,,,,112660.0,111000.0,,,,110240.0,,,,,,,,,,,,,,,,,,,,,,,,,,,,,,
2016-03-15,,,,,,,,,,,109800.0,108640.0,,,110000.0,,,,,,,,,,,,,,,,,,,,,,,,,,,,,,
2016-03-16,,,,,,,,,,,108050.0,106870.0,,,108050.0,,,107980.0,111710.0,,,,,,,,,,,,,,,,,,,,,,,,,,
2016-03-17,,,,,,,,,,,109350.0,,,,109490.0,,,,112190.0,,,,,,,,,,,,,,,,,,,,,,,,,,
2016-03-18,,,,,,,,,,,110300.0,,,,110230.0,113400.0,,,,,,,,,,,,,,,,,,,,,,,,,,,,,
2016-03-21,,,,,,,,,,110400.0,112510.0,110020.0,,,113010.0,111500.0,,,114990.0,,,,,,,,,,,,,,,,,,,,,,,,,,
2016-03-22,,,,,,,,,,,109860.0,108500.0,,,109630.0,,,,111980.0,,,,,,,,,,,,,,,,,,,,,,,,,,
2016-03-23,,,,,,,,,,,109200.0,110500.0,,,109560.0,,,,111990.0,,,,,,,,,,,,,,,,,,,,,,,,,,
2016-03-24,,,,,,,,,,,109530.0,,,,110230.0,,,113120.0,,,,,,,,,,,,,,,,,,,,,,,,,,,
2016-03-25,,,,,,,,,,,110680.0,112800.0,,,111000.0,112980.0,,,111510.0,,,,,,,,,,,,,,,,,,,,,,,,,,
2016-03-28,,,,,,,,,,,111990.0,111100.0,,,111900.0,110900.0,,,111360.0,,,,,,,,,,,,,,,,,,,,,,,,,,
2016-03-29,,,,,,,,,,,108600.0,,,,109580.0,,,,,,,,,,,,,,,,,,,,,,,,,,,,,,
2016-03-30,,,,,,,,,,,108770.0,106690.0,,,109730.0,106870.0,,,111390.0,,,,,,,,,,,,,,,,,,,,,,,,,,
2016-03-31,,,,,,,,,,,105210.0,,,,106390.0,,,,107310.0,,,,,,,,,,,,,,,,,,,,,,,,,,
2016-04-01,,,,,,,,,,,102810.0,,,,104200.0,,,,,,,,,,,,,,,,,,,,,,,,,,,,,,
2016-04-05,,,,,,,,,,,103320.0,106550.0,,,106000.0,,,,,,,,,,,,,,,,,,,,,,,,,,,,,,
2016-04-06,,,,,,,,,,,104710.0,,,,106120.0,,,,107090.0,,,,,,,,,,,,,,,,,,,,,,,,,,
2016-04-07,,,,,,,,,,,106130.0,,,,107480.0,,,,,,,,,,,,,,,,,,,,,,,,,,,,,,
2016-04-08,,,,,,,,,,,107110.0,108490.0,,,108000.0,,,,106660.0,,,,,,,,,,,,,,,,,,,,,,,,,,
2016-04-11,,,,,,,,,,,106520.0,106800.0,,,107610.0,,,,109730.0,,,,,,,,,,,,,,,,,,,,,,,,,,
2016-04-12,,,,,,,,,,,108960.0,,,,110590.0,,,,,,,,,,,,,,,,,,,,,,,,,,,,,,
2016-04-13,,,,,,,,,,,108730.0,,,,109800.0,,,,,,,,,,,,,,,,,,,,,,,,,,,,,,
2016-04-14,,,,,,,,,,,110810.0,113750.0,,,111330.0,,,,,,,,,,,,,,,,,,,,,,,,,,,,,,
2016-04-15,,,,,,,,,,,113960.0,,,,113520.0,,,,,,,,,,,,,,,,,,,,,,,,,,,,,,
2016-04-18,,,,,,,,,,,111580.0,,,,112210.0,,,,,,,,,,,,,,,,,,,,,,,,,,,,,,
2016-04-19,,,,,,,,,,,110230.0,,,,111250.0,109500.0,,,,,116110.0,,,,,,,,,,,,,,,,,,,,,,,,
2016-04-20,,,,,,,,,,,111610.0,,,,112760.0,,,,,,,,,,,,,,,,,,,,,,,,,,,,,,
2016-04-21,,,,,,,,,,,112370.0,114000.0,,115140.0,113250.0,,,,,,,,,,,,,,,,,,,,,,,,,,,,,,
2016-04-22,,,,,,,,,,,115480.0,,,,115850.0,,110150.0,,,,112500.0,,,,,,,,,,,,,,,,,,,,,,,,
2016-04-25,,,,,,,,,,,111820.0,,,,112600.0,,,,,,,,,,,,,,,,,,,,,,,,,,,,,,
2016-04-26,,,,,,,,,,,109170.0,111800.0,,,111320.0,112920.0,,,110210.0,,111560.0,,,,,,,,,,,,,,,,,,,,,,,,
2016-04-27,,,,,,,,,,,108780.0,111230.0,,,110000.0,108530.0,,112190.0,,,,,,,,,,,,,,,,,,,,,,,,,,,
2016-04-28,,,,,,,,,,,108690.0,105920.0,,,110100.0,,108750.0,,109710.0,,,,,,,,,,,,,,,,,,,,,,,,,,
2016-04-29,,,,,,,,,,,107020.0,106720.0,,107660.0,108860.0,110450.0,,,110580.0,,,,,,,,,,,,,,,,,,,,,,,,,,
2016-05-03,,,,,,,,,,,111220.0,,,111500.0,110100.0,,,,,,,,,,,,,,,,,,,,,,,,,,,,,,
2016-05-04,,,,,,,,,,,110890.0,,,,112000.0,,,,,,,,,,,,,,,,,,,,,,,,,,,,,,
2016-05-05,,,,,,,,,,,110070.0,,,,112300.0,,,,,,,,,,,,,,,,,,,,,,,,,,,,,,
2016-05-06,,,,,,,,,,,111920.0,,,,113490.0,,,,,,,,,,,,,,,,,,,,,,,,,,,,,,
2016-05-09,,,,,,,,,,,109800.0,,,109000.0,111200.0,,,,,,,,,,,,,,,,,,,,,,,,,,,,,,
2016-05-10,,,,,,,,,,,109340.0,108000.0,,,110500.0,,,,,,,,,,,,,,,,,,,,,,,,,,,,,,
2016-05-11,,,,,,,,,,,107910.0,,,108190.0,108510.0,,,,,,,,,,,,,,,,,,,,,,,,,,,,,,
2016-05-12,,,,,,,,,,,112850.0,107420.0,107880.0,,110000.0,,,,,,,,,,,,,,,,,,,,,,,,,,,,,,
2016-05-13,,,,,,,,,,,107000.0,,,,110490.0,,,,108910.0,,,,,,,,,,,,,,,,,,,,,,,,,,
2016-05-16,,,,,,,,,,,106000.0,,,,107200.0,,,,,,,,,,,,,,,,,,,,,,,,,,,,,,
2016-05-17,,,,,,,,,,,,,,,107870.0,,,,,,,,,,,,,,,,,,,,,,,,,,,,,,
2016-05-18,,,,,,,,,,,,104390.0,,,107900.0,,,,,,,,,,,,,,,,,,,,,,,,,,,,,,
2016-05-19,,,,,,,,,,,,,,,106120.0,,,,,,,,,,,,,,,,,,,,,,,,,,,,,,
2016-05-20,,,,,,,,,,,,,,,106440.0,,,,107100.0,,,,,,,,,,,,,,,,,,,,,,,,,,
2016-05-23,,,,,,,,,,,,,103860.0,,108190.0,,103810.0,,107140.0,,,,,,,,,,,,,,,,,,,,,,,,,,
2016-05-24,,,,,,,,,,,,105950.0,,,104860.0,,,,107510.0,,,,,,,,,,,,,,,,,,,,,,,,,,
2016-05-25,,,,,,,,,,,,,106460.0,,106000.0,,,,105700.0,,,,,,,,,,,,,,,,,,,,,,,,,,
2016-05-26,,,,,,,,,,,,,102110.0,,104800.0,,,,,,,,,,,,,,,,,,,,,,,,,,,,,,
2016-05-27,,,,,,,,,,,,109100.0,,,106300.0,,,108520.0,,,,,,,,,,,,,,,,,,,,,,,,,,,
2016-05-30,,,,,,,,,,,,104710.0,107000.0,,108500.0,,,,,,,,,,,,,,,,,,,,,,,,,,,,,,
2016-05-31,,,,,,,,,,,,107500.0,105290.0,,107510.0,,,,,,,,,,,,,,,,,,,,,,,,,,,,,,
2016-06-01,,,,,,,,,,,,,105500.0,110070.0,108960.0,,,,111340.0,,,,,,,,,,,,,,,,,,,,,,,,,,
2016-06-02,,,,,,,,,,,,,103490.0,,106210.0,,,108000.0,107560.0,,,,,,,,,,,,,,,,,,,,,,,,,,
2016-06-03,,,,,,,,,,,,107700.0,,,108100.0,,,,,,,,,,,,,,,,,,,,,,,,,,,,,,
2016-06-06,,,,,,,,,,,,,108200.0,,108170.0,,,108660.0,,,,,,,,,,,,,,,,,,,,,,,,,,,
2016-06-07,,,,,,,,,,,,,,,109290.0,,,,,,,,,,,,,,,,,,,,,,,,,,,,,,
2016-06-08,,,,,,,,,,,,,,,109630.0,,,109060.0,108670.0,,,,,,,,,,,,,,,,,,,,,,,,,,
2016-06-13,,,,,,,,,,,,,,,109860.0,,,,,,,,,,,,,,,,,,,,,,,,,,,,,,
2016-06-14,,,,,,,,,,,,,,,112000.0,,111410.0,,112670.0,,,,,,,,,,,,,,,,,,,,,,,,,,
2016-06-15,,,,,,,,,,,,,,,111640.0,,,,,,,,,,,,,,,,,,,,,,,,,,,,,,
2016-06-16,,,,,,,,,,,,,,114450.0,112080.0,,,,113140.0,,,,,,,,,,,,,,,,,,,,,,,,,,
2016-06-17,,,,,,,,,,,,,,111290.0,111810.0,,,113480.0,113520.0,,,,,,,,,,,,,,,,,,,,,,,,,,
2016-06-20,,,,,,,,,,,,,,111160.0,113000.0,,,111600.0,,,,,,,,,,,,,,,,,,,,,,,,,,,
2016-06-21,,,,,,,,,,,,,,,112320.0,,,,113160.0,,,,,,,,,,,,,,,,,,,,,,,,,,
2016-06-22,,,,,,,,,,,,,,108940.0,110850.0,,,,,,,,,,,,,,,,,,,,,,,,,,,,,,
2016-06-23,,,,,,,,,,,,,,,111680.0,,,,,,,,,,,,,,,,,,,,,,,,,,,,,,
2016-06-24,,,,,,,,,,,,,,,111860.0,,,,,,,,,,,,,,,,,,,,,,,,,,,,,,
2016-06-27,,,,,,,,,,,,,,110630.0,111010.0,,,,111640.0,,,,,,,,,,,,,,,,,,,,,,,,,,
2016-06-28,,,,,,,,,,,,,,,111960.0,,,,113190.0,,,,,,,,,,,,,,,,,,,,,,,,,,
2016-06-29,,,,,,,,,,,,,,,113100.0,,,,113310.0,,,,111460.0,,,,,,,,,,,,,,,,,,,,,,
2016-06-30,,,,,,,,,,,,,,,112000.0,,,,,,,,,,,,,,,,,,,,,,,,,,,,,,
2016-07-01,,,,,,,,,,,,,,,112690.0,113730.0,,,118340.0,,,,114300.0,117710.0,,,,,,,,,,,,,,,,,,,,,
2016-07-04,,,,,,,,,,,,,,,119000.0,119970.0,,,121070.0,,,,118520.0,120340.0,,,,,,,,,,,,,,,,,,,,,
2016-07-05,,,,,,,,,,,,,,120200.0,124380.0,120000.0,,118390.0,124860.0,,,,120250.0,,,,,,,,,,,,,,,,,,,,,,
2016-07-06,,,,,,,,,,,,,,,121280.0,120490.0,,,122430.0,,,,121990.0,117200.0,,,,,,,,,,,,,,,,,,,,,
2016-07-07,,,,,,,,,,,,,,,116800.0,,,,119010.0,,,,,,,,,,,,,,,,,,,,,,,,,,
2016-07-08,,,,,,,,,,,,,,,117880.0,,,,118210.0,,,,115370.0,,,,,,,,,,,,,,,,,,,,,,
2016-07-11,,,,,,,,,,,,,,,115800.0,120350.0,,,117650.0,,,,,,,,,,,,,,,,,,,,,,,,,,
2016-07-12,,,,,,,,,,,,,,,118080.0,,,,119370.0,,,,,,,,,,,,,,,,,,,,,,,,,,
2016-07-13,,,,,,,,,,,,,,,120190.0,,,,121610.0,,,,120370.0,,,,,,,,,,,,,,,,,,,,,,
2016-07-14,,,,,,,,,,,,,,,119440.0,116300.0,,,120080.0,,,,119480.0,,,,,,,,,,,,,,,,,,,,,,
2016-07-15,,,,,,,,,,,,,,,118110.0,,,,119890.0,,,,,,,,,,,,,,,,,,,,,,,,,,
2016-07-18,,,,,,,,,,,,,,,120330.0,,,,121710.0,,,,121090.0,,,,,,,,,,,,,,,,,,,,,,
2016-07-19,,,,,,,,,,,,,,,117890.0,,,,119060.0,,,,,,,,,,,,,,,,,,,,,,,,,,
2016-07-20,,,,,,,,,,,,,,117500.0,117350.0,,,,119300.0,,,,118520.0,,,,,,,,,,,,,,,,,,,,,,
2016-07-21,,,,,,,,,,,,,,,117660.0,,,,118460.0,,,,120450.0,119320.0,,,,,,,,,,,,,,,,,,,,,
2016-07-22,,,,,,,,,,,,,,117700.0,118800.0,,,,120850.0,,,,121480.0,,,,,,,,,,,,,,,,,,,,,,
2016-07-25,,,,,,,,,,,,,,,118080.0,,,,119850.0,,121830.0,,120310.0,,,,,,,,,,,,,,,,,,,,,,
2016-07-26,,,,,,,,,,,,,,,117620.0,,,,119710.0,,118010.0,,120490.0,,,,,,,,,,,,,,,,,,,,,,
2016-07-27,,,,,,,,,,,,,,,118110.0,120490.0,,,119860.0,,,,122000.0,,,,,,,,,,,,,,,,,,,,,,
2016-07-28,,,,,,,,,,,,,,,121000.0,,,,121920.0,,,,124200.0,,,,,,,,,,,,,,,,,,,,,,
2016-07-29,,,,,,,,,,,,,,116850.0,122310.0,,,,122470.0,,,,,,,,,,,,,,,,,,,,,,,,,,
2016-08-01,,,,,,,,,,,,,,,120360.0,,,,121420.0,,,,123650.0,,,,,,,,,,,,,,,,,,,,,,
2016-08-02,,,,,,,,,,,,,,,119820.0,,,,121200.0,,,,,,,,,,,,,,,,,,,,,,,,,,
2016-08-03,,,,,,,,,,,,,,119990.0,120680.0,,,,121900.0,,,,,,,,,,,,,,,,,,,,,,,,,,
2016-08-04,,,,,,,,,,,,,,,119660.0,119820.0,,,120600.0,,,,121950.0,,,,,,,,,,,,,,,,,,,,,,
2016-08-05,,,,,,,,,,,,,,,117450.0,116000.0,,,119070.0,,,,,,,,,,,,,,,,,,,,,,,,,,
2016-08-08,,,,,,,,,,,,,,,120340.0,,,,121720.0,,,,124090.0,,,,,,,,,,,,,,,,,,,,,,
2016-08-09,,,,,,,,,,,,,,,121300.0,,,,122700.0,,,,125170.0,,,,,,,,,,,,,,,,,,,,,,
2016-08-10,,,,,,,,,,,,,,,122570.0,123500.0,,,123210.0,,,,,,,,,,,,,,,,,,,,,,,,,,
2016-08-11,,,,,,,,,,,,,,,125000.0,,,,125930.0,,,,127370.0,,,,,,,,,,,,,,,,,,,,,,
2016-08-12,,,,,,,,,,,,,,,123180.0,,,,123890.0,,,,126140.0,,,,,,,,,,,,,,,,,,,,,,
2016-08-15,,,,,,,,,,,,,,123500.0,123800.0,120830.0,,,124400.0,,,,125540.0,,,,,,,,,,,,,,,,,,,,,,
2016-08-16,,,,,,,,,,,,,,,122320.0,124490.0,,,123950.0,,,,125090.0,,,,,,,,,,,,,,,,,,,,,,
2016-08-17,,,,,,,,,,,,,,,123160.0,121340.0,,,124110.0,,,,125360.0,,,,,,,,,,,,,,,,,,,,,,
2016-08-18,,,,,,,,,,,,,,,122920.0,,,,123760.0,,,,125520.0,,,,,,,,,,,,,,,,,,,,,,
2016-08-19,,,,,,,,,,,,,,,121710.0,124210.0,,122000.0,123000.0,,,,125540.0,,,,,,,,,,,,,,,,,,,,,,
2016-08-22,,,,,,,,,,,,,,,122340.0,,,,122960.0,,,,126050.0,,,,,,,,,,,,,,,,,,,,,,
2016-08-23,,,,,,,,,,,,,,,121940.0,,,,123730.0,,,,124850.0,,,,,,,,,,,,,,,,,,,,,,
2016-08-24,,,,,,,,,,,,,,,121830.0,123500.0,,,123480.0,,,,,,,,,,,,,,,,,,,,,,,,,,
2016-08-25,,,,,,,,,,,,,,,124610.0,124010.0,121000.0,,126000.0,,,,126060.0,,,,,,,,,,,,,,,,,,,,,,
2016-08-26,,,,,,,,,,,,,,,122120.0,,,,124300.0,,,,,,,,,,,,,,,,,,,,,,,,,,
2016-08-29,,,,,,,,,,,,,,,123420.0,123500.0,,,124550.0,,,,126090.0,,,,,,,,,,,,,,,,,,,,,,
2016-08-30,,,,,,,,,,,,,,,122820.0,123500.0,,,124980.0,,,,125800.0,,,,,,,,,,,,,,,,,,,,,,
2016-08-31,,,,,,,,,,,,,,,122920.0,123000.0,,,124510.0,,,,125530.0,,,,,,,,,,,,,,,,,,,,,,
2016-09-01,,,,,,,,,,,,,,,122700.0,,,,124070.0,,,,125110.0,,,,,,,,,,,,,,,,,,,,,,
2016-09-02,,,,,,,,,,,,,,,123310.0,,,,125600.0,,,,125710.0,,,,,,,,,,,,,,,,,,,,,,
2016-09-05,,,,,,,,,,,,,,,126230.0,,,,128010.0,,,,128310.0,,,,,,,,,,,,,,,,,,,,,,
2016-09-06,,,,,,,,,,,,,,,127000.0,,,,128780.0,,,,127140.0,,,,,,,,,,,,,,,,,,,,,,
2016-09-07,,,,,,,,,,,,,,,125740.0,,,,127900.0,125070.0,,,127340.0,,,,,,,,,,,,,,,,,,,,,,
2016-09-08,,,,,,,,,,,,,,,126880.0,,,,128280.0,,,,129340.0,,,,,,,,,,,,,,,,,,,,,,
2016-09-09,,,,,,,,,,,,,,,126590.0,,,,127530.0,,,,127640.0,,,,,,,,,,,,,,,,,,,,,,
2016-09-12,,,,,,,,,,,,,,,125210.0,,122720.0,,126950.0,,,,126290.0,,,,,,,,,,,,,,,,,,,,,,
2016-09-13,,,,,,,,,,,,,,,123590.0,,,,122800.0,,,,123000.0,,,,,,,,,,,,,,,,,,,,,,
2016-09-14,,,,,,,,,,,,,,,123350.0,,,,123020.0,,,,123200.0,,,,,,,,,,,,,,,,,,,,,,
2016-09-19,,,,,,,,,,,,,,,124000.0,,,,122550.0,,,,126810.0,,,,,,,,,,,,,,,,,,,,,,
2016-09-20,,,,,,,,,,,,,,,,122010.0,,,124680.0,,,,125500.0,,,,,,,,,,,,,,,,,,,,,,
2016-09-21,,,,,,,,,,,,,,,,,,,124640.0,,,,126300.0,,,,,,,,,,,,,,,,,,,,,,
2016-09-22,,,,,,,,,,,,,,,,,,,123670.0,,,,122240.0,,,,,,,,,,,,,,,,,,,,,,
2016-09-23,,,,,,,,,,,,,,,,,,,126690.0,,,,127100.0,,,,,,,,,,,,,,,,,,,,,,
2016-09-26,,,,,,,,,,,,,,,,,,,127300.0,,,,127820.0,,,,,,,,,,,,,,,,,,,,,,
2016-09-27,,,,,,,,,,,,,,,,126000.0,,,127500.0,,,,127920.0,,,,,,,,,,,,,,,,,,,,,,
2016-09-28,,,,,,,,,,,,,,,,128000.0,,,127330.0,,,,127300.0,,,,,,,,,,,,,,,,,,,,,,
2016-09-29,,,,,,,,,,,,,,,,,,,127680.0,,,,128610.0,,,,,,,,,,,,,,,,,,,,,,
2016-09-30,,,,,,,,,,,,,,,,,,,127910.0,,,,129180.0,,,,,,,,,,,,,,,,,,,,,,
2016-10-10,,,,,,,,,,,,,,,,,,,128740.0,,,,128960.0,,,,,,,,,,,,,,,,,,,,,,
2016-10-11,,,,,,,,,,,,,,,,,,,128890.0,,,,130100.0,,,,,,,,,,,,,,,,,,,,,,
2016-10-12,,,,,,,,,,,,,,,,129000.0,,,129500.0,,,,129730.0,,,,,,,,,,,,,,,,,,,,,,
2016-10-13,,,,,,,,,,,,,,,,,,,129200.0,,,,130010.0,,,,128910.0,,,,,,,,,,,,,,,,,,
2016-10-14,,,,,,,,,,,,,,,,,,127500.0,127830.0,,,,128310.0,,,,,,,,,,,,,,,,,,,,,,
2016-10-17,,,,,,,,,,,,,,,,,,,126980.0,,,,128130.0,,,,,,,,,,,,,,,,,,,,,,
2016-10-18,,,,,,,,,,,,,,,,,,,128110.0,,,,128620.0,,,,,,,,,,,,,,,,,,,,,,
2016-10-19,,,,,,,,,,,,,,,,,,,129160.0,,,,129370.0,,,,,,,,,,,,,,,,,,,,,,
2016-10-20,,,,,,,,,,,,,,,,,,,129100.0,,,,129590.0,,,,,,,,,,,,,,,,,,,,,,
2016-10-21,,,,,,,,,,,,,,,,,,132590.0,129160.0,,,,131160.0,,,,131150.0,,,,,,,,,,,,,,,,,,
2016-10-24,,,,,,,,,,,,,,,,,,132000.0,131970.0,129450.0,,,134580.0,,,,,,,,,,,,,,,,,,,,,,
2016-10-25,,,,,,,,,,,,,,,,,,130110.0,132890.0,,,,132810.0,,,,,,,,,,,,,,,,,,,,,,
2016-10-26,,,,,,,,,,,,,,,,,,,134190.0,,,,135310.0,,,,,,,,,,,,,,,,,,,,,,
2016-10-27,,,,,,,,,,,,,,,,,,,133960.0,,,,134450.0,,,,,,,,,,,,,,,,,,,,,,
2016-10-28,,,,,,,,,,,,,,,,,,,133390.0,,,,133460.0,,,,,,,,,,,,,,,,,,,,,,
2016-10-31,,,,,,,,,,,,,,,,,,,135490.0,,,,136310.0,,,,,,,,,,,,,,,,,,,,,,
2016-11-01,,,,,,,,,,,,,,,,,,,135990.0,,,,136010.0,,,,,,,,,,,,,,,,,,,,,,
2016-11-02,,,,,,,,,,,,,,,,,,,137540.0,139140.0,,,137590.0,,,,,,,,,,,,,,,,,,,,,,
2016-11-03,,,,,,,,,,,,,,,,,,,135820.0,,138550.0,,137030.0,,,,,,,,,,,,,,,,,,,,,,
2016-11-04,,,,,,,,,,,,,,,,,,,138300.0,140950.0,137660.0,,139030.0,142500.0,,,142260.0,,,,,,,,,,,,,,,,,,
2016-11-07,,,,,,,,,,,,,,,,,,,141990.0,,,,140030.0,,,,145200.0,,,,,,,,,,,,,,,,,,
2016-11-08,,,,,,,,,,,,,,,,,,,146900.0,149170.0,150880.0,,148930.0,,,,153950.0,,,,,,,,,,,,,,,,,,
2016-11-09,,,,,,,,,,,,,,,,,,,150630.0,152250.0,,,151000.0,,,,156960.0,,,,,,,,,,,,,,,,,,
2016-11-10,,,,,,,,,,,,,,,,,,,150780.0,,,,154270.0,158610.0,,,155890.0,,,,,,,,,,,,,,,,,,
2016-11-11,,,,,,,,,,,,,,,,,,,153800.0,,151250.0,,155990.0,,,,155290.0,,,,,,,,,,,,,,,,,,
2016-11-14,,,,,,,,,,,,,,,,,,,152850.0,,145890.0,,153400.0,151530.0,,,151000.0,,,,,,,,,,,,,,,,,,
2016-11-15,,,,,,,,,,,,,,,,,,,146010.0,148320.0,,,147710.0,,,,155420.0,,,,,,,,,,,,,,,,,,
2016-11-16,,,,,,,,,,,,,,,,,,,143680.0,,,,144500.0,,,,,,,,,,,,,,,,,,,,,,
2016-11-17,,,,,,,,,,,,,,,,,,,144230.0,,,,145990.0,,,,,,,,,,,,,,,,,,,,,,
2016-11-18,,,,,,,,,,,,,,,,,,,142490.0,142420.0,,,143970.0,,,,144870.0,,,,,,,,,,,,,,,,,,
2016-11-21,,,,,,,,,,,,,,,,,,,141500.0,141020.0,,,142870.0,144350.0,,,146880.0,,,,,,,,,,,,,,,,,,
2016-11-22,,,,,,,,,,,,,,,,,,155250.0,144000.0,145650.0,,,146200.0,,,,150140.0,,,,,,,,,,,,,,,,,,
2016-11-23,,,,,,,,,,,,,,,,,,,147820.0,,,,149090.0,,,,,,,,,,,,,,,,,,,,,,
2016-11-24,,,,,,,,,,,,,,,,,,,146900.0,,,,148630.0,,,,151450.0,,,,,,,,,,,,,,,,,,
2016-11-25,,,,,,,,,,,,,,,,,,,147140.0,,,,149040.0,,,,,,,,,,,,,,,,,,,,,,
2016-11-28,,,,,,,,,,,,,,,,,,,145160.0,,,,147150.0,,,,149910.0,,,,,,,,,,,,,,,,,,
2016-11-29,,,,,,,,,,,,,,,,,,,148060.0,143640.0,147690.0,,151840.0,,,,,,,,,,,,,,,,,,,,,,
2016-11-30,,,,,,,,,,,,,,,,,,,143520.0,,,,146950.0,,,,,142560.0,147260.0,,,,,,,,,,,,,,,,
2016-12-01,,,,,,,,,,,,,,,,,,,142600.0,144620.0,,,143450.0,,,,146300.0,,,,,,,,,,,,,,,,,,
2016-12-02,,,,,,,,,,,,,,,,,,,145000.0,144920.0,,,147410.0,,,,147570.0,148860.0,148870.0,,,,,,,,,,,,,,,,
2016-12-05,,,,,,,,,,,,,,,,,,,143900.0,,143350.0,,145990.0,,,,,146430.0,,,,,,,,,,,,,,,,,
2016-12-06,,,,,,,,,,,,,,,,,,,144510.0,,,,146650.0,,,,148650.0,,,,,,,,,,,,,,,,,,
2016-12-07,,,,,,,,,,,,,,,,,,,145060.0,145600.0,,,146600.0,,,,,,,,,,,,,,,,,,,,,,
2016-12-08,,,,,,,,,,,,,,,,,,,146210.0,,,,148500.0,,,,150960.0,,,,,,,,,,,,,,,,,,
2016-12-09,,,,,,,,,,,,,,,,,,,145500.0,141060.0,,,147630.0,,,,148110.0,,,,,,,,,,,,,,,,,,
2016-12-12,,,,,,,,,,,,,,,,,,,144050.0,147260.0,,,146070.0,147000.0,,,147190.0,,,,,,,,,,,,,,,,,,
2016-12-13,,,,,,,,,,,,,,,,,,,143670.0,,,,145370.0,,,,148820.0,,,,,,,,,,,,,,,,,,
2016-12-14,,,,,,,,,,,,,,,,,,,149500.0,149370.0,150060.0,,150000.0,,,,152330.0,,,,,,,,,,,,,,,,,,
2016-12-15,,,,,,,,,,,,,,,,,,,148850.0,,,,149190.0,,,,150590.0,151130.0,,,,,,,,,,,,,,,,,
2016-12-16,,,,,,,,,,,,,,,,,,,149220.0,152350.0,150370.0,,150980.0,,,,151030.0,,,,,,,,,,,,,,,,,,
2016-12-19,,,,,,,,,,,,,,,,,,,148150.0,,,,148500.0,,,,147780.0,,,,,,,,,,,,,,,,,,
2016-12-20,,,,,,,,,,,,,,,,,,,143950.0,,,,144940.0,,,,144890.0,,,,,,,,,,,,,,,,,,
2016-12-21,,,,,,,,,,,,,,,,,,,145000.0,142210.0,,,144980.0,,,,145520.0,,,,,,,,,,,,,,,,,,
2016-12-22,,,,,,,,,,,,,,,,,,,144490.0,144300.0,,,146500.0,,,,145940.0,,,,,,,,,,,,,,,,,,
2016-12-23,,,,,,,,,,,,,,,,,,,143020.0,,,,144000.0,,,,144520.0,146370.0,,,,,,,,,,,,,,,,,
2016-12-26,,,,,,,,,,,,,,,,,,,144140.0,144270.0,,,146500.0,,,,146000.0,,141220.0,,,,,,,,,,,,,,,,
2016-12-27,,,,,,,,,,,,,,,,,,,141490.0,,139610.0,,141500.0,,,,143200.0,,146550.0,,,,,,,,,,,,,,,,
2016-12-28,,,,,,,,,,,,,,,,,,,144470.0,147820.0,,,144800.0,145000.0,,,146320.0,,,,,,,,,,,,,,,,,,
2016-12-29,,,,,,,,,,,,,,,,,,,145700.0,,,,146680.0,,,,147290.0,,,,,,,,,,,,,,,,,,
2016-12-30,,,,,,,,,,,,,,,,,,,146710.0,,,,147700.0,,,,148560.0,,,,,,,,,,,,,,,,,,
2017-01-03,,,,,,,,,,,,,,,,,,,143200.0,151850.0,151480.0,,147380.0,,,,150060.0,,,,,,,,,,,,,,,,,,
2017-01-04,,,,,,,,,,,,,,,,,,,149000.0,,152080.0,,150300.0,150960.0,,,152000.0,,,,,,,,,,,,,,,,,,
2017-01-05,,,,,,,,,,,,,,,,,,,148820.0,,,,150690.0,,,,151350.0,,,,,,,,,,,,,,,,,,
2017-01-06,,,,,,,,,,,,,,,,,,,155610.0,150290.0,155710.0,,153540.0,,,,153570.0,153740.0,,,,,,,,,,,,,,,,,
2017-01-09,,,,,,,,,,,,,,,,,,,150040.0,,,,153090.0,,,,153040.0,153690.0,,,,,,,,,,,,,,,,,
2017-01-10,,,,,,,,,,,,,,,,,,,151070.0,,151050.0,,153260.0,,,,153910.0,154700.0,,,,,,,,,,,,,,,,,
2017-01-11,,,,,,,,,,,,,,,,,,,152290.0,,151820.0,,156000.0,,,,155870.0,,,,,,,,,,,,,,,,,,
2017-01-12,,,,,,,,,,,,,,,,,,,149900.0,148930.0,,,152760.0,,,,154500.0,,,,,,,,,,,,,,,,,,
2017-01-13,,,,,,,,,,,,,,,,,,,148500.0,,,,149240.0,,,,149990.0,,,,,,,,,,,,,,,,,,
2017-01-16,,,,,,,,,,,,,,,,,,,150000.0,,,,148980.0,,,,150310.0,,,,,,,,,,,,,,,,,,
2017-01-17,,,,,,,,,,,,,,,,,,,,,148610.0,147010.0,150030.0,149010.0,,,151450.0,,,,148840.0,,,,,,,,,,,,,,
2017-01-18,,,,,,,,,,,,,,,,,,,,,,,146790.0,,,,147930.0,,,,,,,,,,,,,,,,,,
2017-01-19,,,,,,,,,,,,,,,,,,,,,147200.0,,147100.0,,,,148500.0,,,,,,,,,,,,,,,,,,
2017-01-20,,,,,,,,,,,,,,,,,,,,143990.0,,,148500.0,143180.0,,,150250.0,,,,,,,,,,,,,,,,,,
2017-01-23,,,,,,,,,,,,,,,,,,,,,143350.0,,143970.0,144690.0,,,144980.0,,,,,,,,,,,,,,,,,,
2017-01-24,,,,,,,,,,,,,,,,,,,,,,,144000.0,147320.0,,,145610.0,,,,145990.0,,,,,,,,,,,,,,
2017-01-25,,,,,,,,,,,,,,,,,,,,,,,146880.0,146180.0,,,147400.0,148990.0,,,147890.0,,,,,,,,,,,,,,
2017-01-26,,,,,,,,,,,,,,,,,,,,,,,148000.0,,,,149280.0,150700.0,,,,,,,,,,,,,,,,,
2017-02-03,,,,,,,,,,,,,,,,,,,,,,,146010.0,144650.0,,,149830.0,,,,,,,,,,,,,,,,,,
2017-02-06,,,,,,,,,,,,,,,,,,,,,,,146140.0,,,,147840.0,,,,,,,,,,,,,,,,,,
2017-02-07,,,,,,,,,,,,,,,,,,,,,,,144600.0,,,,145630.0,,,,,,,,,,,,,,,,,,
2017-02-08,,,,,,,,,,,,,,,,,,,,,,,142830.0,,,,144750.0,,,,,,,,,,,,,,,,,,
2017-02-09,,,,,,,,,,,,,,,,,,,,,,,143560.0,,,,146290.0,,,,,,,,,,,,,,,,,,
2017-02-10,,,,,,,,,,,,,,,,,,,,,,,146000.0,,,,148040.0,,,,,,,,,,,,,,,,,,
2017-02-13,,,,,,,,,,,,,,,,,,,,,,,146050.0,,,,148620.0,,,,,,,,,,,,,,,,,,
2017-02-14,,,,,,,,,,,,,,,,,,,,,,,150360.0,,,,152280.0,,,,151820.0,,,,,,,,,,,,,,
2017-02-15,,,,,,,,,,,,,,,,,,,,,,149530.0,151000.0,,,,152790.0,,,,150220.0,,,,,,,,,,,,,,
2017-02-16,,,,,,,,,,,,,,,,,,,,,,,149080.0,,,,150650.0,,,,151010.0,,,,,,,,,,,,,,
2017-02-17,,,,,,,,,,,,,,,,,,,,,,,148440.0,,,,150380.0,,,,,,,,,,,,,,,,,,
2017-02-20,,,,,,,,,,,,,,,,,,,,,,,146690.0,149330.0,,,148610.0,,,,,135010.0,,,,,,,,,,,,,
2017-02-21,,,,,,,,,,,,,,,,,,,,,145270.0,,148520.0,,,,150150.0,,,,151780.0,,,,,,,,,,,,,,
2017-02-22,,,,,,,,,,,,,,,,,,,,,,,149560.0,,,,150340.0,,,,150890.0,147300.0,,,,,,,,,,,,,
2017-02-23,,,,,,,,,,,,,,,,,,,,,,,147990.0,149430.0,,,149400.0,,,,150890.0,147320.0,,,,,,,,,,,,,
2017-02-24,,,,,,,,,,,,,,,,,,,,,,,145980.0,,,,147040.0,,,,,,,,,,,,,,,,,,
2017-02-27,,,,,,,,,,,,,,,,,,,,,,,145900.0,,,,147750.0,,,,,148930.0,,,,,,,,,,,,,
2017-02-28,,,,,,,,,,,,,,,,,,,,,146000.0,,147120.0,,,,148400.0,,,,149400.0,,,,,,,,,,,,,,
2017-03-01,,,,,,,,,,,,,,,,,,,,,,,145740.0,,,,147210.0,,,,147790.0,147940.0,,,,,,,,,,,,,
2017-03-02,,,,,,,,,,,,,,,,,,,,,,,146220.0,148310.0,,,148640.0,,,,149040.0,148200.0,,,,,,,,,,,,,
2017-03-03,,,,,,,,,,,,,,,,,,,,,,,147770.0,,,,148230.0,,,,148220.0,148850.0,,,,,,,,,,,,,
2017-03-06,,,,,,,,,,,,,,,,,,,,,,,145900.0,,,,147100.0,,,,147480.0,150000.0,,,,,,,,,,,,,
2017-03-07,,,,,,,,,,,,,,,,,,,,,,,144960.0,,,,145830.0,,,,,148180.0,,,,,,,,,,,,,
2017-03-08,,,,,,,,,,,,,,,,,,,,,,,144340.0,,,,145380.0,,,,147110.0,,,,,,,,,,,,,,
2017-03-09,,,,,,,,,,,,,,,,,,,,,,,142260.0,142120.0,,,143010.0,,,,143090.0,,,,,,,,,,,,,,
2017-03-10,,,,,,,,,,,,,,,,,,,,,155000.0,,140880.0,,,,141350.0,,,,144420.0,,,,,,,,,,,,,,
2017-03-13,,,,,,,,,,,,,,,,,,,,,,,143110.0,143290.0,,,143520.0,,,,,,,,,,,,,,,,,,
2017-03-14,,,,,,,,,,,,,,,,,,,,,,,145320.0,144000.0,,,142380.0,,,,145480.0,,,,,,,,,,,,,,
2017-03-15,,,,,,,,,,,,,,,,,,,,,,,144200.0,,,,145160.0,,,,147810.0,,,,,,,,,,,,,,
2017-03-16,,,,,,,,,,,,,,,,,,,,,,,146440.0,,,,146290.0,,,,,,,,,,,,,,,,,,
2017-03-17,,,,,,,,,,,,,,,,,,,,,,,147800.0,,,,148080.0,,,,,,,,,,,,,,,,,,
2017-03-20,,,,,,,,,,,,,,,,,,,,,,,147600.0,,,,147680.0,,,,147370.0,,,,,,,,,,,,,,
2017-03-21,,,,,,,,,,,,,,,,,,,,,,,147150.0,,,,148370.0,,150000.0,,,,,,,,,,,,,,,,
2017-03-22,,,,,,,,,,,,,,,,,,,,,,,147260.0,,,,147830.0,,148060.0,,,,,,,,,,,,,,,,
2017-03-23,,,,,,,,,,,,,,,,,,,,,,,146020.0,,,,147100.0,,144550.0,,147940.0,,,,,,,,,,,,,,
2017-03-24,,,,,,,,,,,,,,,,,,,,,,,146110.0,,,,147670.0,,,,,,,,,,,,,,,,,,
2017-03-27,,,,,,,,,,,,,,,,,,,,,,,146140.0,,,,147480.0,,146950.0,,145330.0,,,,,,,,,,,,,,
2017-03-28,,,,,,,,,,,,,,,,,,,,,,,141800.0,,,,143970.0,,,,144940.0,,,,,,,,,,,,,,
2017-03-29,,,,,,,,,,,,,,,,,,,,,,,142820.0,141750.0,,,144880.0,,,,146410.0,,,,,,,,,,,,,,
2017-03-30,,,,,,,,,,,,,,,,,,,,,,148870.0,143410.0,145770.0,,,145110.0,,,,,,,,,,,,,,,,,,
2017-03-31,,,,,,,,,,,,,,,,,,,,,,139670.0,142210.0,142490.0,,,144650.0,,,,,,,,,,,,,,,,,,
2017-04-05,,,,,,,,,,,,,,,,,,,,,,,142810.0,,,,144510.0,,,,,,,,,,,,,,,,,,
2017-04-06,,,,,,,,,,,,,,,,,,,,,,,143340.0,142790.0,,,145640.0,,,,147500.0,,,,,,,,,,,,,,
2017-04-07,,,,,,,,,,,,,,,,,,,,,,,146730.0,,,,148190.0,,,,148560.0,,,,,,,,,,,,,,
2017-04-10,,,,,,,,,,,,,,,,,,,,,,,145970.0,144260.0,,,146840.0,,,,147760.0,,,,,,,,,,,,,,
2017-04-11,,,,,,,,,,,,,,,,,,,,,,,145820.0,146380.0,,,147000.0,,,,145030.0,,,,,,,,,,,,,,
2017-04-12,,,,,,,,,,,,,,,,,,,,,,,141840.0,140760.0,,,143000.0,,,,143830.0,,,,,,,,,,,,,,
2017-04-13,,,,,,,,,,,,,,,,,,,,,,,141110.0,143780.0,,,142390.0,,,,142150.0,,,,,,,,,,,,,,
2017-04-14,,,,,,,,,,,,,,,,,,,,,,,142240.0,,,,143000.0,,,,144960.0,,,,,,,,,,,,,,
2017-04-17,,,,,,,,,,,,,,,,,,,,,,,140960.0,142470.0,,,141910.0,,143430.0,,142680.0,,,,,,,,,,,,,,
2017-04-18,,,,,,,,,,,,,,,,,,,,,,,141800.0,,,,144090.0,,,,,,,,,,,,,,,,,,
2017-04-19,,,,,,,,,,,,,,,,,,,,,,,142860.0,141210.0,,,143450.0,,,,142970.0,,,,,,,,,,,,,,
2017-04-20,,,,,,,,,,,,,,,,,,,,,,,141000.0,141180.0,,141450.0,142500.0,,,,143420.0,,,,,,,,,,,,,,
2017-04-21,,,,,,,,,,,,,,,,,,,,,,,140220.0,,,,141020.0,,,,142430.0,,,,,,,,,,,,,,
2017-04-24,,,,,,,,,,,,,,,,,,,,,,,138920.0,137700.0,,,140490.0,,,,140770.0,,,,,,,,,,,,,,
2017-04-25,,,,,,,,,,,,,,,,,,,,,,,136310.0,140020.0,,,137700.0,,,,137710.0,,,,,,,,,,,,,,
2017-04-26,,,,,,,,,,,,,,,,,,,,,,,137990.0,,,,138590.0,,,,139430.0,,,,,,,,,,,,,,
2017-04-27,,,,,,,,,,,,,,,,,,,,,,,137890.0,,,,139030.0,,,,141170.0,,,,,,,,,,,,,,
2017-04-28,,,,,,,,,,,,,,,,,,,,,,,145010.0,139460.0,,,139100.0,,,,142570.0,,,,,,,,,,,,,,
2017-05-02,,,,,,,,,,,,,,,,,,,,,,,141800.0,141450.0,,,142980.0,,,,144890.0,,,,,,,,,,,,,,
2017-05-03,,,,,,,,,,,,,,,,,,,,,,,141740.0,142380.0,,,144800.0,,,,144910.0,,,,,,,,,,,,,,
2017-05-04,,,,,,,,,,,,,,,,,,,,,,,140730.0,142840.0,,139100.0,142400.0,,,,142900.0,141430.0,,,,,,,,,,,,,
2017-05-05,,,,,,,,,,,,,,,,,,,,,,,139730.0,141380.0,,,141010.0,,,,142450.0,,,,,,,,,,,,,,
2017-05-08,,,,,,,,,,,,,,,,,,,,,,,139250.0,136650.0,,138320.0,140700.0,,,,141960.0,,,,,,,,,,,,,,
2017-05-09,,,,,,,,,,,,,,,,,,,,,,,138800.0,142300.0,,141050.0,139810.0,,,,141530.0,,,,,,,,,,,,,,
2017-05-10,,,,,,,,,,,,,,,,,,,,,,,138310.0,141000.0,,,141850.0,,,,143030.0,,,,,,,,,,,,,,
2017-05-11,,,,,,,,,,,,,,,,,,,,,,,139000.0,,,,141510.0,,,,141920.0,,,,,,,,,,,,,,
2017-05-12,,,,,,,,,,,,,,,,,,,,,,,,,,,142600.0,,,,143510.0,,,,,,,,,,,,,,
2017-05-15,,,,,,,,,,,,,,,,,,,,,,,139500.0,,,,142160.0,,,,143120.0,,,,,,,,,,,,,,
2017-05-16,,,,,,,,,,,,,,,,,,,,,,,,,,138320.0,141030.0,,,,142190.0,,,,,,,,,,,,,,
2017-05-17,,,,,,,,,,,,,,,,,,,,,,,,,,142990.0,141020.0,,,,141620.0,,,,,,,,,,,,,,
2017-05-18,,,,,,,,,,,,,,,,,,,,,,,,,,,143190.0,,,,143560.0,,,,,,,,,,,,,,
2017-05-19,,,,,,,,,,,,,,,,,,,,,,,,,,,143590.0,,,,144400.0,,,,148300.0,,,,,,,,,,
2017-05-22,,,,,,,,,,,,,,,,,,,,,,,,142170.0,,146550.0,144820.0,,,,145130.0,,,,,,,,,,,,,,
2017-05-23,,,,,,,,,,,,,,,,,,,,,,,,142150.0,147150.0,,145850.0,,,,146490.0,,,,,,,,,,,,,,
2017-05-24,,,,,,,,,,,,,,,,,,,,,,,,,144160.0,,145010.0,,,,145640.0,,,,150510.0,,,,,,,,,,
2017-05-25,,,,,,,,,,,,,,,,,,,,,,,,,,145500.0,144200.0,,,,145050.0,,,,146510.0,,,,,,,,,,
2017-05-26,,,,,,,,,,,,,,,,,,,,,,,,,,,145980.0,,,,146890.0,,,,,,,,,,,,,,
2017-05-31,,,,,,,,,,,,,,,,,,,,,,,,,,,144880.0,,,,145620.0,,,,147300.0,,,,,,,,,,
2017-06-01,,,,,,,,,,,,,,,,,,,,,,,,,,141020.0,143310.0,,,,143640.0,,,,,,,,,,,,,,
2017-06-02,,,,,,,,,,,,,,,,,,,,,,,,141300.0,,,143500.0,,,,144510.0,,,,,,,,,,,,,,
2017-06-05,,,,,,,,,,,,,,,,,,,,,,,,,,,142090.0,141130.0,,,143090.0,,,,145130.0,,,,,,,,,,
2017-06-06,,,,,,,,,,,,,,,,,,,,,,,,,,,142660.0,,,,142570.0,,,,145020.0,,,,,,,,,,
2017-06-07,,,,,,,,,,,,,,,,,,,,,,,,,,,142900.0,,,,143870.0,,,,,,,,,,,,,,
2017-06-08,,,,,,,,,,,,,,,,,,,,,,,,,,,141640.0,,,,142350.0,,145430.0,,,,,,,,,,,,
2017-06-09,,,,,,,,,,,,,,,,,,,,,,,,,,,141290.0,,,,141820.0,,,,,,,,,,,,,,
2017-06-12,,,,,,,,,,,,,,,,,,,,,,,,,,,141680.0,,,,142680.0,,,,144810.0,,,,,,,,,,
2017-06-13,,,,,,,,,,,,,,,,,,,,,,,,,,145390.0,142500.0,,,,142760.0,,,,147430.0,,,,,,,,,,
2017-06-14,,,,,,,,,,,,,,,,,,,,,,,,,147340.0,145230.0,144700.0,,,,145430.0,,,,146320.0,,,,,,,,,,
2017-06-15,,,,,,,,,,,,,,,,,,,,,,,,,,,145840.0,,,,146280.0,,,,147680.0,,,,,,,,,,
2017-06-16,,,,,,,,,,,,,,,,,,,,,,,,,,,144480.0,,,,145210.0,,,,146650.0,,,,,,,,,,
2017-06-19,,,,,,,,,,,,,,,,,,,,,,,,,,,145580.0,143480.0,,,145490.0,,,,147010.0,,,,,,,,,,
2017-06-20,,,,,,,,,,,,,,,,,,,,,,,,,,,144280.0,,,,145250.0,,,,146550.0,,,,,,,,,,
2017-06-21,,,,,,,,,,,,,,,,,,,,,,,,,,,143090.0,,,,143990.0,,,,145660.0,,,,,,,,,,
2017-06-22,,,,,,,,,,,,,,,,,,,,,,,,,,,143060.0,,,,144260.0,,,,145570.0,,,,,,,,,,
2017-06-23,,,,,,,,,,,,,,,,,,,,,,,,,,,144780.0,,,,145800.0,,,,146510.0,,,,,,,,,,
2017-06-26,,,,,,,,,,,,,,,,,,,,,,,,,,,144440.0,143070.0,,,145180.0,,,,145880.0,,,,,,,,,,
2017-06-27,,,,,,,,,,,,,,,,,,,,,,,,,141960.0,,142880.0,,,,144060.0,,,,,,,,,,,,,,
2017-06-28,,,,,,,,,,,,,,,,,,,,,,,,,,,142880.0,,,,143990.0,,,,145210.0,,,,,,,,,,
2017-06-29,,,,,,,,,,,,,,,,,,,,,,,,,,,144450.0,,,,145230.0,,,,,,,,,,,,,,
2017-06-30,,,,,,,,,,,,,,,,,,,,,,,,,,,145440.0,,,,146600.0,,,,147200.0,,,,,,,,,,
2017-07-03,,,,,,,,,,,,,,,,,,,,,,,,,,,145730.0,,,,146460.0,,,,147600.0,,,,,,,,,,
2017-07-04,,,,,,,,,,,,,,,,,,,,,,,,,,,145900.0,,,,146200.0,,,,146240.0,,,,,,,,,,
2017-07-05,,,,,,,,,,,,,,,,,,,,,,,,,,151280.0,144510.0,,,,145950.0,,,,,,,,,,,,,,
2017-07-06,,,,,,,,,,,,,,,,,,,,,,,,,,143000.0,145150.0,,,,146090.0,,,,146750.0,,,,,,,,,,
2017-07-07,,,,,,,,,,,,,,,,,,,,,,,,,,,143900.0,,,,145110.0,,,,145530.0,,,,,,,,,,
2017-07-10,,,,,,,,,,,,,,,,,,,,,,,,,,,144300.0,,,,145100.0,148210.0,,,145900.0,,,,,,,,,,
2017-07-11,,,,,,,,,,,,,,,,,,,,,,,,,,,143420.0,145250.0,,,144190.0,,,,146020.0,,,,,,,,,,
2017-07-12,,,,,,,,,,,,,,,,,,,,,,,,,,,144640.0,,,,145850.0,,,,146740.0,,,,,,,,,,
2017-07-13,,,,,,,,,,,,,,,,,,,,,,,,,,,145700.0,,,,146690.0,,,,,,,,,,,,,,
2017-07-14,,,,,,,,,,,,,,,,,,,,,,,,,,,145520.0,,,,146620.0,,,,,,,,,,,,,,
2017-07-17,,,,,,,,,,,,,,,,,,,,,,,,,,144990.0,143750.0,,,,144600.0,,,,,,,,,,,,,,
2017-07-18,,,,,,,,,,,,,,,,,,,,,,,,,,,145440.0,,,,146640.0,,,,148080.0,,,,,,,,,,
2017-07-19,,,,,,,,,,,,,,,,,,,,,,,,,,,145600.0,,,,147010.0,,,,148570.0,,,,,,,,,,
2017-07-20,,,,,,,,,,,,,,,,,,,,,,,,,,,146960.0,,,,148280.0,,,,148820.0,,,,,,,,,,
2017-07-21,,,,,,,,,,,,,,,,,,,,,,,,,,,146200.0,143680.0,,,147630.0,,,,148330.0,,,,,,,,,,
2017-07-24,,,,,,,,,,,,,,,,,,,,,,,,,,,145870.0,,,,147000.0,,,,147580.0,,,,,,,,,,
2017-07-25,,,,,,,,,,,,,,,,,,,,,,,,,,,146460.0,,,,148000.0,,,,,,,,,,,,,,
2017-07-26,,,,,,,,,,,,,,,,,,,,,,,,,,,147500.0,,,,148360.0,,,,149740.0,,,,,,,,,,
2017-07-27,,,,,,,,,,,,,,,,,,,,,,,,,,,146910.0,,,,148560.0,,,,149920.0,,150600.0,,,,,,,,
2017-07-28,,,,,,,,,,,,,,,,,,,,,,,,,,,150300.0,,,,151800.0,,,,152640.0,,,,,,,,,,
2017-07-31,,,,,,,,,,,,,,,,,,,,,,,,,,,149410.0,,,,151000.0,,,,151850.0,,,,,,,,,,
2017-08-01,,,,,,,,,,,,,,,,,,,,,,,,,,,149780.0,152340.0,,,151740.0,,,,151710.0,,151460.0,,,,,,,,
2017-08-02,,,,,,,,,,,,,,,,,,,,,,,,,,,147290.0,,,,149000.0,,,,149290.0,,,,,,,,,,
2017-08-03,,,,,,,,,,,,,,,,,,,,,,,,,,,146480.0,,,,148910.0,,,,150490.0,,,,,,,,,,
2017-08-04,,,,,,,,,,,,,,,,,,,,,,,,,,,147980.0,148640.0,,,150010.0,,,,150850.0,,,,,,,,,,
2017-08-07,,,,,,,,,,,,,,,,,,,,,,,,,,,148920.0,,,,150630.0,146920.0,,,151050.0,,,,,,,,,,
2017-08-08,,,,,,,,,,,,,,,,,,,,,,,,,,,147990.0,148180.0,,151550.0,150320.0,,,,151430.0,,,,,,,,,,
2017-08-09,,,,,,,,,,,,,,,,,,,,,,,,,,,146560.0,,150780.0,148050.0,149000.0,,,,149140.0,,,,,,,,,,
2017-08-10,,,,,,,,,,,,,,,,,,,,,,,,,,,147830.0,,,149690.0,151290.0,,,,151020.0,,,,,,,,,,
2017-08-11,,,,,,,,,,,,,,,,,,,,,,,,,,,147190.0,148170.0,,,149700.0,,,,150090.0,,,,,,,,,,
2017-08-14,,,,,,,,,,,,,,,,,,,,,,,,,,,145740.0,,,146750.0,149260.0,,,,149410.0,,,,,,,,,,
2017-08-15,,,,,,,,,,,,,,,,,,,,,,,,,,,143050.0,,,,147100.0,,,,147840.0,,,,,,,,,,
2017-08-16,,,,,,,,,,,,,,,,,,,,,,,,,,,144140.0,144350.0,,145940.0,147310.0,,,,148830.0,,,,,,,,,,
2017-08-17,,,,,,,,,,,,,,,,,,,,,,,,,,,143200.0,,,,146360.0,,,,148580.0,,,,,,,,,,
2017-08-18,,,,,,,,,,,,,,,,,,,,,,,,,,,145340.0,,,,148070.0,,,,148440.0,,,,,,,,,,
2017-08-21,,,,,,,,,,,,,,,,,,,,,,,,,,,144820.0,145110.0,,,147860.0,,,,148230.0,,,,,,,,,,
2017-08-22,,,,,,,,,,,,,,,,,,,,,,,,,,,144440.0,147870.0,,,147600.0,147180.0,,,148180.0,,,,,,,,,,
2017-08-23,,,,,,,,,,,,,,,,,,,,,,,,,,,144930.0,144670.0,,,147490.0,,,,147740.0,,,,,,,,,,
2017-08-24,,,,,,,,,,,,,,,,,,,,,,,,,,,142840.0,143600.0,,146250.0,145770.0,,,,144800.0,,,,,,,,,,
2017-08-25,,,,,,,,,,,,,,,,,,,,,,,,,,,144440.0,143900.0,,,146480.0,,,,148190.0,,,,,,,,,,
2017-08-28,,,,,,,,,,,,,,,,,,,,,,,,,,,143660.0,143380.0,,,146450.0,,,,146150.0,,,,,,,,,,
2017-08-29,,,,,,,,,,,,,,,,,,,,,,,,,,,144490.0,144710.0,148220.0,,147130.0,,,,148890.0,,,,,,,,,,
2017-08-30,,,,,,,,,,,,,,,,,,,,,,,,,,,144520.0,143730.0,,,147520.0,,,,147850.0,,149090.0,,,,,,,,
2017-08-31,,,,,,,,,,,,,,,,,,,,,,,,,,,143540.0,145190.0,,144270.0,145810.0,,,,148960.0,,147490.0,,,,,,,,
2017-09-01,,,,,,,,,,,,,,,,,,,,,,,,,,,143810.0,148300.0,,,148200.0,,150940.0,,148780.0,,,,,,,,,,
2017-09-04,,,,,,,,,,,,,,,,,,,,,,,,,,,144500.0,146600.0,,148200.0,147420.0,,,,149010.0,,,,,,,,,,
2017-09-05,,,,,,,,,,,,,,,,,,,,,,,,,,,143840.0,144920.0,,147090.0,147710.0,,,,147780.0,,,,,,,,,,
2017-09-06,,,,,,,,,,,,,,,,,,,,,,,,,,,143660.0,143200.0,,,146470.0,,,,147950.0,,,,,,,,,,
2017-09-07,,,,,,,,,,,,,,,,,,,,,,,,,,,142700.0,143170.0,141490.0,,145680.0,,,,146550.0,,,,,,,,,,
2017-09-08,,,,,,,,,,,,,,,,,,,,,,,,,,,141880.0,142030.0,,,145100.0,,,,146140.0,,,,,,,,,,
2017-09-11,,,,,,,,,,,,,,,,,,,,,,,,,,,141600.0,,,143500.0,144860.0,,,,145040.0,,,,,,,,,,
2017-09-12,,,,,,,,,,,,,,,,,,,,,,,,,,,142130.0,,,,144320.0,,,,146120.0,,,,,,,,,,
2017-09-13,,,,,,,,,,,,,,,,,,,,,,,,,,,142100.0,,143090.0,144130.0,144750.0,,,,145590.0,,,,,,,,,,
2017-09-14,,,,,,,,,,,,,,,,,,,,,,,,,,,141300.0,,,,144800.0,,,,145320.0,,,,,,,,,,
2017-09-15,,,,,,,,,,,,,,,,,,,,,,,,,,,141820.0,,146180.0,,145000.0,,,,146200.0,,,,,,,,,,
2017-09-18,,,,,,,,,,,,,,,,,,,,,,,,,,,,,,,143290.0,,,,144850.0,,,,145320.0,,,,,,
2017-09-19,,,,,,,,,,,,,,,,,,,,,,,,,,,,,,,144040.0,,,,145180.0,,,,146300.0,,,,,,
2017-09-20,,,,,,,,,,,,,,,,,,,,,,,,,,,,,,,145980.0,,,,146490.0,,,,147550.0,,,,,,
2017-09-21,,,,,,,,,,,,,,,,,,,,,,,,,,,,,,,146070.0,,,,147500.0,,,,,,,,,,
2017-09-22,,,,,,,,,,,,,,,,,,,,,,,,,,,,,,,144770.0,,,,145360.0,,,,,,,,,,
2017-09-25,,,,,,,,,,,,,,,,,,,,,,,,,,,,145000.0,,,144820.0,,,,145630.0,,,,145580.0,,,,,,
2017-09-26,,,,,,,,,,,,,,,,,,,,,,,,,,,,143000.0,,145530.0,145490.0,,,,146540.0,,,,,,,,,,
2017-09-27,,,,,,,,,,,,,,,,,,,,,,,,,,,,,145080.0,145510.0,146510.0,,,,148000.0,,,,149780.0,,,,,,
2017-09-28,,,,,,,,,,,,,,,,,,,,,,,,,,,,,,,147130.0,,,,148320.0,,,,148290.0,,,,,,
2017-09-29,,,,,,,,,,,,,,,,,,,,,,,,,,,,,,,146380.0,,,,147760.0,,,,148110.0,,,,,,
2017-10-09,,,,,,,,,,,,,,,,,,,,,,,,,,,,,,145980.0,146380.0,,,,147350.0,,,,,,,,,,
2017-10-10,,,,,,,,,,,,,,,,,,,,,,,,,,,,,,,148030.0,,,146310.0,149040.0,,,,150900.0,,,,,,
2017-10-11,,,,,,,,,,,,,,,,,,,,,,,,,,,,,,,147050.0,,,,147040.0,,,,148800.0,,,,,,
2017-10-12,,,,,,,,,,,,,,,,,,,,,,,,,,,,,144410.0,144370.0,145800.0,,,146400.0,146690.0,,,,147650.0,,,,,,
2017-10-13,,,,,,,,,,,,,,,,,,,,,,,,,,,,,,,146430.0,,,,147360.0,,,,149030.0,,,,,,
2017-10-16,,,,,,,,,,,,,,,,,,,,,,,,,,,,,145950.0,146600.0,146780.0,,,,149690.0,,,,149000.0,,,,,,
2017-10-17,,,,,,,,,,,,,,,,,,,,,,,,,,,,,,,147800.0,,,,148690.0,,,,149600.0,,,,,,
2017-10-18,,,,,,,,,,,,,,,,,,,,,,,,,,,,,,145390.0,146900.0,,,,147900.0,,,,148050.0,,,,,,
2017-10-19,,,,,,,,,,,,,,,,,,,,,,,,,,,,,,,144840.0,,,,145820.0,,,,147730.0,,,,,,
2017-10-20,,,,,,,,,,,,,,,,,,,,,,,,,,,,,143770.0,143800.0,144120.0,,,,145220.0,,,,146070.0,,,,,,
2017-10-23,,,,,,,,,,,,,,,,,,,,,,,,,,,,,,,144360.0,,,145780.0,144970.0,,,,145820.0,,,,,,
2017-10-24,,,,,,,,,,,,,,,,,,,,,,,,,,,,,,144210.0,144450.0,,,,145670.0,,,,,,,,,,
2017-10-25,,,,,,,,,,,,,,,,,,,,,,,,,,,,,,,145130.0,,,,146120.0,,,,147090.0,,,,,,
2017-10-26,,,,,,,,,,,,,,,,,,,,,,,,,,,,,143630.0,,145230.0,,,,146320.0,,,,147280.0,,,,,,
2017-10-27,,,,,,,,,,,,,,,,,,,,,,,,,,,,,,,145410.0,,,,146660.0,,,,,,,,,,
2017-10-30,,,,,,,,,,,,,,,,,,,,,,,,,,,,,143500.0,153010.0,143610.0,,,,144290.0,,,,,,,,,,
2017-10-31,,,,,,,,,,,,,,,,,,,,,,,,,,,,,142850.0,,143800.0,,,,144970.0,,,,145000.0,,,,,,
2017-11-01,,,,,,,,,,,,,,,,,,,,,,,,,,,,,,,142920.0,,,,144220.0,,,,145310.0,,,,,,
2017-11-02,,,,,,,,,,,,,,,,,,,,,,,,,,,,,140110.0,,144930.0,,,,145880.0,,,,146770.0,,,,,,
2017-11-03,,,,,,,,,,,,,,,,,,,,,,,,,,,,,145890.0,,143340.0,,,,145160.0,,,,146130.0,,,,,,
2017-11-06,,,,,,,,,,,,,,,,,,,,,,,,,,,,,142500.0,143900.0,143920.0,,,,145250.0,,,,145650.0,,,,,,
2017-11-07,,,,,,,,,,,,,,,,,,,,,,,,,,,,,142000.0,,144210.0,,,,145220.0,,,,,,,,,,
2017-11-08,,,,,,,,,,,,,,,,,,,,,,,,,,,,,,,142880.0,140730.0,,,143380.0,,,,144450.0,,,,,,
2017-11-09,,,,,,,,,,,,,,,,,,,,,,,,,,,,,,140710.0,141600.0,,,,142490.0,,,,143750.0,,,,,,
2017-11-10,,,,,,,,,,,,,,,,,,,,,,,,,,,,,142000.0,142000.0,142030.0,,,,142880.0,,,,144400.0,,,,,,
2017-11-13,,,,,,,,,,,,,,,,,,,,,,,,,,,,,,142020.0,143900.0,,,,145780.0,,,,144960.0,,,,,,
2017-11-14,,,,,,,,,,,,,,,,,,,,,,,,,,,,,,,143110.0,,,,144340.0,,,,146020.0,,,,,,
2017-11-15,,,,,,,,,,,,,,,,,,,,,,,,,,,,,,,144010.0,,,144200.0,145320.0,,,,145320.0,,,,,,
2017-11-16,,,,,,,,,,,,,,,,,,,,,,,,,,,,,,,143220.0,,,,145080.0,,,,144610.0,,,,,,
2017-11-17,,,,,,,,,,,,,,,,,,,,,,,,,,,,,,142490.0,143770.0,,,,145080.0,,,,145650.0,,,,,,
2017-11-20,,,,,,,,,,,,,,,,,,,,,,,,,,,,,,141610.0,142400.0,,,,144100.0,,,,,,,,,,
2017-11-21,,,,,,,,,,,,,,,,,,,,,,,,,,,,,,,142880.0,,,,144240.0,,,,145470.0,,,,,,
2017-11-22,,,,,,,,,,,,,,,,,,,,,,,,,,,,,,142300.0,142940.0,,,,144810.0,,,,,,,,,,
2017-11-23,,,,,,,,,,,,,,,,,,,,,,,,,,,,,,,142710.0,,,,144400.0,,,,145080.0,,,,,,
2017-11-24,,,,,,,,,,,,,,,,,,,,,,,,,,,,,,142200.0,141780.0,,,,143400.0,,,,144470.0,,,,,,
2017-11-27,,,,,,,,,,,,,,,,,,,,,,,,,,,,,,,143800.0,,,144270.0,145500.0,,,142450.0,145820.0,,,,,,
2017-11-28,,,,,,,,,,,,,,,,,,,,,,,,,,,,,,,143120.0,,,,144910.0,,,,145790.0,,,,,,
2017-11-29,,,,,,,,,,,,,,,,,,,,,,,,,,,,,,,142930.0,,,144130.0,144900.0,,,,146130.0,,,,,,
2017-11-30,,,,,,,,,,,,,,,,,,,,,,,,,,,,,,139600.0,142420.0,,141750.0,,144970.0,,,,145830.0,,,,,,
2017-12-01,,,,,,,,,,,,,,,,,,,,,,,,,,,,,,,142010.0,,,,144500.0,,,,145760.0,,,,,,
2017-12-04,,,,,,,,,,,,,,,,,,,,,,,,,,,,,,,140950.0,,,142910.0,142970.0,,,,144870.0,,,,,,
2017-12-05,,,,,,,,,,,,,,,,,,,,,,,,,,,,,,137810.0,141500.0,,,,143810.0,,,,145410.0,,,,,,
2017-12-06,,,,,,,,,,,,,,,,,,,,,,,,,,,,,,,140190.0,,,,142940.0,,,,144390.0,,,,,,
2017-12-07,,,,,,,,,,,,,,,,,,,,,,,,,,,,,,,141100.0,,,,142860.0,,,,145090.0,,,,,,
2017-12-08,,,,,,,,,,,,,,,,,,,,,,,,,,,,,,,139880.0,,,,142150.0,,,,144270.0,,,,,,
2017-12-11,,,,,,,,,,,,,,,,,,,,,,,,,,,,,,,139220.0,,,,141610.0,138620.0,,,143190.0,,,,,,
2017-12-12,,,,,,,,,,,,,,,,,,,,,,,,,,,,,,,137710.0,,,,140090.0,138840.0,,,140400.0,,,,,,
2017-12-13,,,,,,,,,,,,,,,,,,,,,,,,,,,,,,,137000.0,,,,139550.0,,,,141630.0,,,,,,
2017-12-14,,,,,,,,,,,,,,,,,,,,,,,,,,,,,,,133330.0,,,,136490.0,,,,138390.0,,,,,,
2017-12-15,,,,,,,,,,,,,,,,,,,,,,,,,,,,,,,134600.0,,,,137560.0,,,,138700.0,,,,,,
2017-12-18,,,,,,,,,,,,,,,,,,,,,,,,,,,,,,,135050.0,,,,138010.0,,,,140730.0,,,,,,
2017-12-19,,,,,,,,,,,,,,,,,,,,,,,,,,,,,,,137570.0,,,,140500.0,,,,141490.0,,,,,,
2017-12-20,,,,,,,,,,,,,,,,,,,,,,,,,,,,,,,137160.0,136320.0,,,140290.0,,,,141620.0,,,,,,
2017-12-21,,,,,,,,,,,,,,,,,,,,,,,,,,,,,,,138380.0,137080.0,,,140900.0,,,,142740.0,,,,,,
2017-12-22,,,,,,,,,,,,,,,,,,,,,,,,,,,,,,,137990.0,,,,140760.0,,,,142010.0,,,,,,
2017-12-25,,,,,,,,,,,,,,,,,,,,,,,,,,,,,,,137060.0,137710.0,,,140040.0,,,140210.0,142700.0,,,,,,
2017-12-26,,,,,,,,,,,,,,,,,,,,,,,,,,,,,,,138390.0,139960.0,,,141300.0,142720.0,,142600.0,142700.0,,,,,,
2017-12-27,,,,,,,,,,,,,,,,,,,,,,,,,,,,,,,140220.0,,,,143220.0,,,143400.0,144210.0,,,,,,
2017-12-28,,,,,,,,,,,,,,,,,,,,,,,,,,,,,,,140410.0,,,,143030.0,,,143600.0,144240.0,,,,,,
2017-12-29,,,,,,,,,,,,,,,,,,,,,,,,,,,,,,,142000.0,,,,144100.0,,,,145620.0,,,,,,
2018-01-02,,,,,,,,,,,,,,,,,,,,,,,,,,,,,,,143320.0,,,,145060.0,,,,145660.0,,,,,,
2018-01-03,,,,,,,,,,,,,,,,,,,,,,,,,,,,,,,143850.0,,,,146150.0,,,,147000.0,,,,,,
2018-01-04,,,,,,,,,,,,,,,,,,,,,,,,,,,,,,,142730.0,143800.0,,,145500.0,,,,145200.0,,,,,,
2018-01-05,,,,,,,,,,,,,,,,,,,,,,,,,,,,,,,142260.0,,,,145410.0,,,,146100.0,,,,,,
2018-01-08,,,,,,,,,,,,,,,,,,,,,,,,,,,,,,,142700.0,142660.0,,,145490.0,,,,144700.0,,,,,,
2018-01-09,,,,,,,,,,,,,,,,,,,,,,,,,,,,,,,142110.0,142050.0,,,144610.0,,,,145640.0,,,,,,
2018-01-10,,,,,,,,,,,,,,,,,,,,,,,,,,,,,,,142600.0,,,,144700.0,,,,146100.0,,,,,,
2018-01-11,,,,,,,,,,,,,,,,,,,,,,,,,,,,,,,,,,,145500.0,146890.0,,,146770.0,,,,,,
2018-01-12,,,,,,,,,,,,,,,,,,,,,,,,,,,,,,,143500.0,,,,145380.0,145370.0,,,144600.0,149220.0,150300.0,,,,
2018-01-15,,,,,,,,,,,,,,,,,,,,,,,,,,,,,,,143430.0,142310.0,,,145560.0,143630.0,,,146350.0,,,,,,
2018-01-16,,,,,,,,,,,,,,,,,,,,,,,,,,,,,,,,,,,145080.0,,,,146530.0,,,,146970.0,,
2018-01-17,,,,,,,,,,,,,,,,,,,,,,,,,,,,,,,,141220.0,,,145000.0,,,,145940.0,,,,147730.0,,
2018-01-18,,,,,,,,,,,,,,,,,,,,,,,,,,,,,,,,,,,144730.0,,,,145930.0,,,,,,
2018-01-19,,,,,,,,,,,,,,,,,,,,,,,,,,,,,,,,,,141840.0,143980.0,145840.0,,,144990.0,,,,,,
2018-01-22,,,,,,,,,,,,,,,,,,,,,,,,,,,,,,,,,,,145980.0,,,,147110.0,,149310.0,,,,
2018-01-23,,,,,,,,,,,,,,,,,,,,,,,,,,,,,,,,,,,146560.0,148050.0,,,147650.0,,,,,,
2018-01-24,,,,,,,,,,,,,,,,,,,,,,,,,,,,,,,,,,,146850.0,,,,146200.0,,,,,,
2018-01-25,,,,,,,,,,,,,,,,,,,,,,,,,,,,,,,,,,,146970.0,,,,148420.0,,,,,,
2018-01-26,,,,,,,,,,,,,,,,,,,,,,,,,,,,,,,,,,,147000.0,,,,148580.0,,,,,,
2018-01-29,,,,,,,,,,,,,,,,,,,,,,,,,,,,,,,,142620.0,,148930.0,148060.0,,,,149270.0,,,,147870.0,,
2018-01-30,,,,,,,,,,,,,,,,,,,,,,,,,,,,,,,,,148920.0,,151330.0,,,,151840.0,,,,153210.0,,
2018-01-31,,,,,,,,,,,,,,,,,,,,,,,,,,,,,,,,,,,150550.0,,,,151250.0,,,,150920.0,,
2018-02-01,,,,,,,,,,,,,,,,,,,,,,,,,,,,,,,,,,151840.0,150020.0,147370.0,,,150750.0,,,,,,
2018-02-02,,,,,,,,,,,,,,,,,,,,,,,,,,,,,,,,,,,149290.0,,,,150570.0,,,,151540.0,,
2018-02-05,,,,,,,,,,,,,,,,,,,,,,,,,,,,,,,,,,150610.0,148960.0,,,,149890.0,,,,149880.0,,
2018-02-06,,,,,,,,,,,,,,,,,,,,,,,,,,,,,,,,,,,150090.0,,,,150730.0,,,,150500.0,,
2018-02-07,,,,,,,,,,,,,,,,,,,,,,,,,,,,,,,,,,,150200.0,,,,150310.0,,,,,,
2018-02-08,,,,,,,,,,,,,,,,,,,,,,,,,,,,,,,,,,,151320.0,,,,152020.0,,,,152550.0,,
2018-02-09,,,,,,,,,,,,,,,,,,,,,,,,,,,,,,,,,,,149360.0,,,,149950.0,,,,150590.0,,
2018-02-12,,,,,,,,,,,,,,,,,,,,,,,,,,,,,,,,,,148220.0,147000.0,,,,147700.0,,,,149690.0,,
2018-02-13,,,,,,,,,,,,,,,,,,,,,,,,,,,,,,,,,,144850.0,146740.0,,,,148040.0,,,,149320.0,,
2018-02-14,,,,,,,,,,,,,,,,,,,,,,,,,,,,,,,,,,147740.0,147180.0,150580.0,,,148850.0,,,,149450.0,,
2018-02-22,,,,,,,,,,,,,,,,,,,,,,,,,,,,,,,,,,,149000.0,,,,149610.0,,,,150230.0,,
2018-02-23,,,,,,,,,,,,,,,,,,,,,,,,,,,,,,,,,146500.0,147000.0,147240.0,,,,148580.0,,,,150100.0,,
2018-02-26,,,,,,,,,,,,,,,,,,,,,,,,,,,,,,,,,,,147510.0,,,,149540.0,,,,,,
2018-02-27,,,,,,,,,,,,,,,,,,,,,,,,,,,,,,,,,,,147480.0,,,,149250.0,,,,,,
2018-02-28,,,,,,,,,,,,,,,,,,,,,,,,,,,,,,,,,,150610.0,147830.0,148600.0,,,149450.0,,,146840.0,,,
2018-03-01,,,,,,,,,,,,,,,,,,,,,,,,,,,,,,,,,,,148120.0,,,,149800.0,,,,150200.0,,
2018-03-02,,,,,,,,,,,,,,,,,,,,,,,,,,,,,,,,,,,147120.0,,,,148620.0,,,,150190.0,,
2018-03-05,,,,,,,,,,,,,,,,,,,,,,,,,,,,,,,,,,,147120.0,,,,149400.0,,,,150250.0,,
2018-03-06,,,,,,,,,,,,,,,,,,,,,,,,,,,,,,,,,,,147580.0,,146600.0,,149330.0,,,,149880.0,,
2018-03-07,,,,,,,,,,,,,,,,,,,,,,,,,,,,,,,,,,,146930.0,,,,148800.0,,,,149960.0,,
2018-03-08,,,,,,,,,,,,,,,,,,,,,,,,,,,,,,,,,,,146720.0,,,,148210.0,,,,149740.0,,
2018-03-09,,,,,,,,,,,,,,,,,,,,,,,,,,,,,,,,,,147300.0,145790.0,145020.0,,,148070.0,,,,149500.0,,
2018-03-12,,,,,,,,,,,,,,,,,,,,,,,,,,,,,,,,,,,146350.0,145300.0,,,147840.0,,,,150100.0,,
2018-03-13,,,,,,,,,,,,,,,,,,,,,,,,,,,,,,,,,,,146920.0,,,,148200.0,,,,150050.0,,
2018-03-14,,,,,,,,,,,,,,,,,,,,,,,,,,,,,,,,,,,146500.0,,,,148500.0,,,,149050.0,,
2018-03-15,,,,,,,,,,,,,,,,,,,,,,,,,,,,,,,,,,,145440.0,,,,146970.0,,,,148560.0,,
2018-03-16,,,,,,,,,,,,,,,,,,,,,,,,,,,,,,,,,,147300.0,144100.0,,,,146510.0,,,,147860.0,,
2018-03-19,,,,,,,,,,,,,,,,,,,,,,,,,,,,,,,,,,145680.0,144700.0,,,,147400.0,,,,148740.0,,149700.0
2018-03-20,,,,,,,,,,,,,,,,,,,,,,,,,,,,,,,,,,,144370.0,,,,146460.0,,,,147650.0,,
2018-03-21,,,,,,,,,,,,,,,,,,,,,,,,,,,,,,,,,,,143920.0,145350.0,,,146740.0,,,,147760.0,,
2018-03-22,,,,,,,,,,,,,,,,,,,,,,,,,,,,,,,,,,142660.0,143200.0,,,,145960.0,,,,145720.0,,
2018-03-23,,,,,,,,,,,,,,,,,,,,,,,,,,,,,,,,,,140000.0,144800.0,,,,147870.0,,,,147840.0,,
2018-03-26,,,,,,,,,,,,,,,,,,,,,,,,,,,,,,,,,,138430.0,141300.0,,,143590.0,144000.0,,,,144870.0,,
